from,to,cost
0,4,709.1684612394341
4,0,709.1684612394341
0,5,610.2981703300262
5,0,610.2981703300262
0,35,543.007674344547
35,0,543.007674344547
0,39,530.9625361621264
39,0,530.9625361621264
0,68,227.37130151735872
68,0,227.37130151735872
0,78,380.6997760630465
78,0,380.6997760630465
0,176,407.87328289978
176,0,407.87328289978
0,178,481.8717672577853
178,0,481.8717672577853
0,261,521.5942388399329
261,0,521.5942388399329
1,55,878.2095398270992
55,1,878.2095398270992
1,85,297.5717412663649
85,1,297.5717412663649
1,151,777.5525503955496
151,1,777.5525503955496
1,234,640.6558788967404
234,1,640.6558788967404
1,298,1034.2917231299627
298,1,1034.2917231299627
1,315,1120.5464668856341
315,1,1120.5464668856341
1,318,681.4779810107112
318,1,681.4779810107112
1,565,943.6946755463695
565,1,943.6946755463695
2,38,1161.4683066328816
38,2,1161.4683066328816
2,58,708.871819681417
58,2,708.871819681417
2,64,1129.2291107457481
64,2,1129.2291107457481
2,85,1073.0238736616327
85,2,1073.0238736616327
2,161,1176.1074434336797
161,2,1176.1074434336797
2,250,943.5143068913277
250,2,943.5143068913277
2,315,523.5524818593907
315,2,523.5524818593907
2,318,1203.1730115145633
318,2,1203.1730115145633
2,341,533.754988742213
341,2,533.754988742213
3,29,347.97914723379733
29,3,347.97914723379733
3,37,266.7383597995814
37,3,266.7383597995814
3,41,365.3783935197769
41,3,365.3783935197769
3,46,316.3744846748752
46,3,316.3744846748752
3,77,458.74887544628376
77,3,458.74887544628376
3,158,505.72342180045695
158,3,505.72342180045695
3,261,518.5413686161528
261,3,518.5413686161528
3,298,268.01247264343476
298,3,268.01247264343476
3,359,463.66368790254677
359,3,463.66368790254677
3,565,340.4318584642918
565,3,340.4318584642918
3,566,273.6004483776323
566,3,273.6004483776323
4,5,417.04321947938234
5,4,417.04321947938234
4,22,762.2047946726545
22,4,762.2047946726545
4,31,807.0088372747691
31,4,807.0088372747691
4,68,559.5285716581574
68,4,559.5285716581574
4,87,848.7876959175047
87,4,848.7876959175047
4,176,557.9318440645403
176,4,557.9318440645403
4,243,813.3500133649909
243,4,813.3500133649909
5,22,519.6937326414403
22,5,519.6937326414403
5,31,799.9508811398078
31,5,799.9508811398078
5,48,547.5900976568112
48,5,547.5900976568112
5,68,602.869621545477
68,5,602.869621545477
5,87,735.6505020218606
87,5,735.6505020218606
5,176,245.00082960204708
176,5,245.00082960204708
5,177,602.3284982863579
177,5,602.3284982863579
5,243,401.2893197792331
243,5,401.2893197792331
6,338,2051.5445370539373
338,6,2051.5445370539373
6,339,1698.498516217593
339,6,1698.498516217593
6,340,866.3008932649884
340,6,866.3008932649884
6,409,2087.1342058567566
409,6,2087.1342058567566
6,410,1463.8913202274107
410,6,1463.8913202274107
6,505,705.6974236034447
505,6,705.6974236034447
6,506,1378.8765733664927
506,6,1378.8765733664927
6,508,2013.8686001439971
508,6,2013.8686001439971
7,8,892.9693304096675
8,7,892.9693304096675
7,89,1599.010360401474
89,7,1599.010360401474
7,90,1057.6629794442097
90,7,1057.6629794442097
7,247,1238.4940669745515
247,7,1238.4940669745515
7,329,767.0989702626032
329,7,767.0989702626032
7,332,1075.1218459382494
332,7,1075.1218459382494
7,333,830.4137552962846
333,7,830.4137552962846
7,360,1059.583735910409
360,7,1059.583735910409
7,361,1206.3053933227288
361,7,1206.3053933227288
7,362,1614.2675177346734
362,7,1614.2675177346734
8,329,1235.8075088360101
329,8,1235.8075088360101
8,332,818.4710977549911
332,8,818.4710977549911
8,360,1332.6441912051441
360,8,1332.6441912051441
8,361,851.9800000794629
361,8,851.9800000794629
8,362,969.4394142925587
362,8,969.4394142925587
8,363,1652.0928951758585
363,8,1652.0928951758585
8,364,709.3238849216478
364,8,709.3238849216478
8,537,1622.7551377670206
537,8,1622.7551377670206
8,538,1950.52711057462
538,8,1950.52711057462
9,60,762.4464588419222
60,9,762.4464588419222
9,101,427.8928617110508
101,9,427.8928617110508
9,136,489.5217088217175
136,9,489.5217088217175
9,139,623.1648308126636
139,9,623.1648308126636
9,279,422.52113718329974
279,9,422.52113718329974
9,309,339.5265252168804
309,9,339.5265252168804
9,320,650.2634410516932
320,9,650.2634410516932
9,326,471.89836905484054
326,9,471.89836905484054
10,11,449.1268521511441
11,10,449.1268521511441
10,115,868.4471158350249
115,10,868.4471158350249
10,121,602.8616197969418
121,10,602.8616197969418
10,123,477.2494945796979
123,10,477.2494945796979
10,153,848.7713623608529
153,10,848.7713623608529
10,154,414.21609649154203
154,10,414.21609649154203
10,183,402.524110202138
183,10,402.524110202138
10,251,580.1051393680441
251,10,580.1051393680441
10,259,825.2639396414437
259,10,825.2639396414437
11,115,422.87928272710224
115,11,422.87928272710224
11,121,950.0948374092407
121,11,950.0948374092407
11,122,766.8739426617941
122,11,766.8739426617941
11,123,649.4580413272909
123,11,649.4580413272909
11,154,389.84294919503554
154,11,389.84294919503554
11,183,849.481266887877
183,11,849.481266887877
11,186,1014.948793620053
186,11,1014.948793620053
11,189,917.0344780196374
189,11,917.0344780196374
11,251,344.9834992066046
251,11,344.9834992066046
12,13,810.666989625275
13,12,810.666989625275
12,54,639.2553110913543
54,12,639.2553110913543
12,57,362.0156335045919
57,12,362.0156335045919
12,62,639.1782748995835
62,12,639.1782748995835
12,191,789.6001530228509
191,12,789.6001530228509
12,200,876.9798945319428
200,12,876.9798945319428
12,292,566.5928598222706
292,12,566.5928598222706
12,310,432.14456370953246
310,12,432.14456370953246
13,25,888.2781390343122
25,13,888.2781390343122
13,26,583.4965726539756
26,13,583.4965726539756
13,57,482.25503646609883
57,13,482.25503646609883
13,62,790.6187175419818
62,13,790.6187175419818
13,114,918.1930691260872
114,13,918.1930691260872
13,116,349.24631640191024
116,13,349.24631640191024
13,166,597.017873290669
166,13,597.017873290669
13,191,412.6427654608206
191,13,412.6427654608206
13,310,615.6474838417333
310,13,615.6474838417333
14,47,471.8266756974141
47,14,471.8266756974141
14,59,456.6797514968563
59,14,456.6797514968563
14,69,331.0953272657097
69,14,331.0953272657097
14,79,319.5065201952712
79,14,319.5065201952712
14,86,401.71006962547807
86,14,401.71006962547807
14,88,558.0540944134106
88,14,558.0540944134106
14,147,322.34545399886537
147,14,322.34545399886537
14,157,246.46740849356436
157,14,246.46740849356436
14,172,322.50568860742226
172,14,322.50568860742226
14,264,372.80079839739466
264,14,372.80079839739466
15,18,456.27022114632877
18,15,456.27022114632877
15,28,667.1816976675216
28,15,667.1816976675216
15,122,589.1628397934741
122,15,589.1628397934741
15,240,772.1578216268512
240,15,772.1578216268512
15,252,651.6088906923798
252,15,651.6088906923798
15,294,832.6057540853054
294,15,832.6057540853054
15,297,310.83532821546567
297,15,310.83532821546567
15,319,1070.7614956803404
319,15,1070.7614956803404
15,350,749.3026616321685
350,15,749.3026616321685
16,23,795.6554337535425
23,16,795.6554337535425
16,24,932.4624162093439
24,16,932.4624162093439
16,56,304.9205160445863
56,16,304.9205160445863
16,81,352.65528924552484
81,16,352.65528924552484
16,99,883.4884019370609
99,16,883.4884019370609
16,203,912.3443410520052
203,16,912.3443410520052
16,204,505.65951577757295
204,16,505.65951577757295
16,292,953.4582214825282
292,16,953.4582214825282
16,308,431.3867284664818
308,16,431.3867284664818
17,28,390.1723271524068
28,17,390.1723271524068
17,70,306.9879137363099
70,17,306.9879137363099
17,76,725.7298342194875
76,17,725.7298342194875
17,95,520.5488846797815
95,17,520.5488846797815
17,120,426.7558016018701
120,17,426.7558016018701
17,131,598.2207001605988
131,17,598.2207001605988
17,179,679.1145852424214
179,17,679.1145852424214
17,213,659.6999197266654
213,17,659.6999197266654
17,220,735.0429628382622
220,17,735.0429628382622
17,297,829.661936536104
297,17,829.661936536104
17,323,777.4687541577276
323,17,777.4687541577276
18,28,587.6007810164439
28,18,587.6007810164439
18,51,616.7545695824992
51,18,616.7545695824992
18,94,778.0059998663213
94,18,778.0059998663213
18,95,733.7273412802683
95,18,733.7273412802683
18,122,507.25703962938485
122,18,507.25703962938485
18,220,446.12394168408593
220,18,446.12394168408593
18,251,918.3304673983511
251,18,918.3304673983511
18,297,581.7945217949723
297,18,581.7945217949723
19,42,429.8196607028731
42,19,429.8196607028731
19,44,715.6973555970483
44,19,715.6973555970483
19,124,300.6604584753153
124,19,300.6604584753153
19,159,532.5874811633962
159,19,532.5874811633962
19,165,282.5875768469633
165,19,282.5875768469633
19,215,311.8197375357774
215,19,311.8197375357774
19,268,485.3294544059296
268,19,485.3294544059296
19,334,470.80584400505904
334,19,470.80584400505904
19,335,529.8121584303212
335,19,529.8121584303212
19,563,525.1602468382863
563,19,525.1602468382863
20,22,290.2516281621463
22,20,290.2516281621463
20,31,711.4719792434872
31,20,711.4719792434872
20,87,513.3447327678537
87,20,513.3447327678537
20,111,512.6218167376298
111,20,512.6218167376298
20,127,372.5423436042349
127,20,372.5423436042349
20,156,569.1756241664203
156,20,569.1756241664203
20,177,186.88324755377644
177,20,186.88324755377644
20,180,522.6208343184007
180,20,522.6208343184007
20,192,333.78025504462795
192,20,333.78025504462795
21,73,367.6495531192847
73,21,367.6495531192847
21,92,432.02437540949256
92,21,432.02437540949256
21,125,549.4952558495528
125,21,549.4952558495528
21,127,585.1374550334665
127,21,585.1374550334665
21,130,167.44916883178905
130,21,167.44916883178905
21,144,289.49413689776935
144,21,289.49413689776935
21,155,622.0218279876159
155,21,622.0218279876159
21,156,168.35639660498654
156,21,168.35639660498654
21,192,363.97341213037583
192,21,363.97341213037583
22,31,457.0764895855184
31,22,457.0764895855184
22,87,289.35976626712716
87,22,289.35976626712716
22,127,389.997225713323
127,22,389.997225713323
22,177,398.1200338289974
177,22,398.1200338289974
22,192,585.1095720067266
192,22,585.1095720067266
22,243,623.8826175059703
243,22,623.8826175059703
23,24,497.2644404027776
24,23,497.2644404027776
23,56,491.74658980293276
56,23,491.74658980293276
23,104,419.9781959271587
104,23,419.9781959271587
23,124,668.4650071509269
124,23,668.4650071509269
23,204,593.8508972414701
204,23,593.8508972414701
23,215,652.3520106906582
215,23,652.3520106906582
23,266,762.4323398850148
266,23,762.4323398850148
23,308,463.2594794408834
308,23,463.2594794408834
23,334,747.7651978849485
334,23,747.7651978849485
24,56,680.4305081364168
56,24,680.4305081364168
24,81,796.6497437509599
81,24,796.6497437509599
24,82,708.2969529322352
82,24,708.2969529322352
24,104,530.8131897406411
104,24,530.8131897406411
24,126,730.1985141137966
126,24,730.1985141137966
24,129,797.0470681024335
129,24,797.0470681024335
24,204,467.63611359531143
204,24,467.63611359531143
24,205,741.2282809043835
205,24,741.2282809043835
24,265,380.1683209361275
265,24,380.1683209361275
24,308,812.0561823940343
308,24,812.0561823940343
25,26,437.56055220699136
26,25,437.56055220699136
25,50,854.3582998035915
50,25,854.3582998035915
25,74,497.20578865518866
74,25,497.20578865518866
25,80,1018.5067646189157
80,25,1018.5067646189157
25,191,525.6626947961132
191,25,525.6626947961132
25,310,807.7429870042798
310,25,807.7429870042798
25,327,675.4477188945516
327,25,675.4477188945516
26,74,664.2074777576485
74,26,664.2074777576485
26,114,898.0027904176115
114,26,898.0027904176115
26,116,867.3652916708031
116,26,867.3652916708031
26,166,789.4584435219323
166,26,789.4584435219323
26,191,423.33695666491894
191,26,423.33695666491894
26,254,957.304604575889
254,26,957.304604575889
26,310,826.2322340124709
310,26,826.2322340124709
26,327,408.88225016536114
327,26,408.88225016536114
27,42,364.5681376876097
42,27,364.5681376876097
27,44,610.1175149806063
44,27,610.1175149806063
27,49,250.43928145548475
49,27,250.43928145548475
27,66,597.1916334927366
66,27,597.1916334927366
27,92,576.8655854777609
92,27,576.8655854777609
27,97,330.0159710222655
97,27,330.0159710222655
27,125,532.6083605069468
125,27,532.6083605069468
27,193,525.0015956719271
193,27,525.0015956719271
27,314,390.0291918070786
314,27,390.0291918070786
27,563,223.574984703898
563,27,223.574984703898
28,70,653.5354208319318
70,28,653.5354208319318
28,95,580.4993456166236
95,28,580.4993456166236
28,131,552.1371632890827
131,28,552.1371632890827
28,220,592.4524143242165
220,28,592.4524143242165
28,297,459.82558184408276
297,28,459.82558184408276
28,350,846.7132551524744
350,28,846.7132551524744
29,33,290.680654686943
33,29,290.680654686943
29,35,311.0631157332903
35,29,311.0631157332903
29,41,301.59847894897325
41,29,301.59847894897325
29,46,265.9913749869534
46,29,265.9913749869534
29,260,360.0498527235911
260,29,360.0498527235911
29,261,320.38782119672476
261,29,320.38782119672476
29,565,585.2715367021452
565,29,585.2715367021452
29,566,148.62041058454486
566,29,148.62041058454486
30,82,952.0234953452577
82,30,952.0234953452577
30,128,629.6660690318494
128,30,629.6660690318494
30,160,302.12570047214206
160,30,302.12570047214206
30,201,926.48102844063
201,30,926.48102844063
30,290,388.975501675326
290,30,388.975501675326
30,301,620.3774515479057
301,30,620.3774515479057
30,306,676.1633132259054
306,30,676.1633132259054
30,317,782.9230166237613
317,30,782.9230166237613
31,87,205.29611313507004
87,31,205.29611313507004
31,127,540.889934428354
127,31,540.889934428354
31,177,851.5218793237739
177,31,851.5218793237739
31,192,911.5570548777766
192,31,911.5570548777766
32,36,330.7393218003581
36,32,330.7393218003581
32,46,439.04253189722345
46,32,439.04253189722345
32,61,496.46756762078167
61,32,496.46756762078167
32,67,477.26483963564795
67,32,477.26483963564795
32,77,351.70808068524633
77,32,351.70808068524633
32,152,513.8272370210868
152,32,513.8272370210868
32,173,416.5970772400257
173,32,416.5970772400257
32,260,280.94429283371807
260,32,280.94429283371807
32,263,121.1453075687804
263,32,121.1453075687804
32,264,290.33132432630464
264,32,290.33132432630464
33,35,339.8863949840457
35,33,339.8863949840457
33,36,181.66239968547444
36,33,181.66239968547444
33,45,219.4686450416152
45,33,219.4686450416152
33,46,386.32419912622936
46,33,386.32419912622936
33,78,507.8559574863364
78,33,507.8559574863364
33,260,224.48949225657498
260,33,224.48949225657498
33,261,501.6165934372757
261,33,501.6165934372757
33,263,420.04391345128926
263,33,420.04391345128926
33,566,347.4237940936701
566,33,347.4237940936701
34,40,297.10281523600406
40,34,297.10281523600406
34,43,436.7386929672982
43,34,436.7386929672982
34,47,181.23699748278094
47,34,181.23699748278094
34,71,223.0240246795423
71,34,223.0240246795423
34,86,397.5823835169549
86,34,397.5823835169549
34,88,519.0361577444038
88,34,519.0361577444038
34,147,383.32410437914683
147,34,383.32410437914683
34,164,534.7046384524903
164,34,534.7046384524903
34,175,412.25306327887176
175,34,412.25306327887176
35,41,373.993661974671
41,35,373.993661974671
35,45,377.9727929584176
45,35,377.9727929584176
35,78,218.41513142489714
78,35,218.41513142489714
35,178,299.6173003825749
178,35,299.6173003825749
35,261,224.2314267796719
261,35,224.2314267796719
35,566,457.51386156166444
566,35,457.51386156166444
36,45,299.7886986454316
45,36,299.7886986454316
36,46,396.6933832466037
46,36,396.6933832466037
36,86,371.8708069841553
86,36,371.8708069841553
36,260,130.58432087021743
260,36,130.58432087021743
36,263,242.47774193518418
263,36,242.47774193518418
36,264,286.1354529136367
264,36,286.1354529136367
36,566,414.6359717319688
566,36,414.6359717319688
37,46,437.2358369245504
46,37,437.2358369245504
37,55,615.568972541122
55,37,615.568972541122
37,77,439.5895809647637
77,37,439.5895809647637
37,158,332.7692422766806
158,37,332.7692422766806
37,234,712.0080338170335
234,37,712.0080338170335
37,298,284.93758919126464
298,37,284.93758919126464
37,359,198.86210522486525
359,37,198.86210522486525
37,565,467.03923178585626
565,37,467.03923178585626
37,566,467.0581022029071
566,37,467.0581022029071
38,58,648.80828369674
58,38,648.80828369674
38,64,865.2364760645104
64,38,865.2364760645104
38,106,460.3331134397858
106,38,460.3331134397858
38,118,573.4608510147798
118,38,573.4608510147798
38,132,839.2221831740651
132,38,839.2221831740651
38,161,450.53773464546043
161,38,450.53773464546043
38,199,768.8040629412221
199,38,768.8040629412221
38,250,599.4354476529969
250,38,599.4354476529969
38,315,807.500015951269
315,38,807.500015951269
38,341,631.8952253687879
341,38,631.8952253687879
39,40,271.79078282088585
40,39,271.79078282088585
39,48,241.04204647156376
48,39,241.04204647156376
39,68,731.3618044834557
68,39,731.3618044834557
39,71,414.4808489639569
71,39,414.4808489639569
39,78,321.5540079603399
78,39,321.5540079603399
39,175,350.7588226948483
175,39,350.7588226948483
39,176,434.5682701427448
176,39,434.5682701427448
39,178,199.49415005245046
178,39,199.49415005245046
39,243,379.75159709735976
243,39,379.75159709735976
40,43,495.57632387707093
43,40,495.57632387707093
40,45,407.0629249785624
45,40,407.0629249785624
40,47,344.50238694722395
47,40,344.50238694722395
40,48,332.16053261434934
48,40,332.16053261434934
40,71,166.46352551814095
71,40,166.46352551814095
40,78,510.29251460213936
78,40,510.29251460213936
40,175,277.0665731533507
175,40,277.0665731533507
40,178,360.5182307343027
178,40,360.5182307343027
40,243,505.5803176350162
243,40,505.5803176350162
41,46,511.060180820149
46,41,511.060180820149
41,261,180.97189706268952
261,41,180.97189706268952
41,298,495.9323381818814
298,41,495.9323381818814
41,565,387.60154844633877
565,41,387.60154844633877
41,566,391.54475288885504
566,41,391.54475288885504
42,92,547.1374274646444
92,42,547.1374274646444
42,124,726.5355423085
124,42,726.5355423085
42,125,388.90426046448175
125,42,388.90426046448175
42,155,617.3145786104577
155,42,617.3145786104577
42,159,427.1512885578986
159,42,427.1512885578986
42,165,366.1578329654249
165,42,366.1578329654249
42,314,475.00317737669843
314,42,475.00317737669843
42,335,708.8065665374431
335,42,708.8065665374431
42,563,320.87096186991766
563,42,320.87096186991766
43,48,462.9715769868325
48,43,462.9715769868325
43,96,549.7520170312962
96,43,549.7520170312962
43,111,151.72649219281814
111,43,151.72649219281814
43,164,393.00686335588927
164,43,393.00686335588927
43,175,294.0374393145712
175,43,294.0374393145712
43,177,494.94376058590774
177,43,494.94376058590774
43,180,207.30520590574736
180,43,207.30520590574736
44,50,938.1495521556666
50,44,938.1495521556666
44,66,442.4424744879484
66,44,442.4424744879484
44,72,824.85265408103
72,44,824.85265408103
44,80,944.4090599345072
80,44,944.4090599345072
44,97,504.1276134469827
97,44,504.1276134469827
44,334,637.4505365066603
334,44,637.4505365066603
44,335,273.1674844599537
335,44,273.1674844599537
44,336,496.31875189821517
336,44,496.31875189821517
44,563,445.31762185582016
563,44,445.31762185582016
45,47,411.79668279548275
47,45,411.79668279548275
45,71,324.95582593552086
71,45,324.95582593552086
45,78,451.22423721330915
78,45,451.22423721330915
45,86,290.51236994352774
86,45,290.51236994352774
45,178,375.01832497701383
178,45,375.01832497701383
45,260,405.3232087155415
260,45,405.3232087155415
46,77,232.64247435574924
77,46,232.64247435574924
46,158,442.72567127069163
158,46,442.72567127069163
46,260,274.4736704790293
260,46,274.4736704790293
46,359,571.5772610865638
359,46,571.5772610865638
46,566,124.09250087219196
566,46,124.09250087219196
47,71,190.4367201412444
71,47,190.4367201412444
47,86,219.1334209350542
86,47,219.1334209350542
47,88,552.2810819607412
88,47,552.2810819607412
47,147,330.10158324360054
147,47,330.10158324360054
47,264,546.5481975651344
264,47,546.5481975651344
48,111,478.5301619292881
111,48,478.5301619292881
48,175,184.47843067950961
175,48,184.47843067950961
48,176,406.84627569578424
176,48,406.84627569578424
48,178,440.52392888050343
178,48,440.52392888050343
48,243,173.95742061116698
243,48,173.95742061116698
49,66,614.7963092178223
66,49,614.7963092178223
49,92,556.7959997416082
92,49,556.7959997416082
49,96,426.1948706939136
96,49,426.1948706939136
49,97,336.61791561238095
97,49,336.61791561238095
49,164,483.2077495256655
164,49,483.2077495256655
49,193,356.05922717413347
193,49,356.05922717413347
49,314,348.9985501403317
314,49,348.9985501403317
49,563,466.7383655882013
563,49,466.7383655882013
50,72,709.8262209385243
72,50,709.8262209385243
50,74,572.9725618644611
74,50,572.9725618644611
50,80,207.16311530392863
80,50,207.16311530392863
50,169,639.2339556156936
169,50,639.2339556156936
50,335,1012.0657283866585
335,50,1012.0657283866585
50,336,570.1955654621889
336,50,570.1955654621889
51,53,624.534357989975
53,51,624.534357989975
51,91,784.9512199499464
91,51,784.9512199499464
51,94,528.3715550969174
94,51,528.3715550969174
51,122,734.8293813831017
122,51,734.8293813831017
51,123,585.8265924081937
123,51,585.8265924081937
51,220,529.5724743955387
220,51,529.5724743955387
51,259,300.38613124060623
259,51,300.38613124060623
52,59,405.50294345628544
59,52,405.50294345628544
52,63,743.1293537965182
63,52,743.1293537965182
52,66,617.4871065163396
66,52,617.4871065163396
52,72,455.4480115180111
72,52,455.4480115180111
52,79,652.442626719406
79,52,652.442626719406
52,84,455.9952735423791
84,52,455.9952735423791
52,88,669.0884707948147
88,52,669.0884707948147
52,98,661.2390059220414
98,52,661.2390059220414
52,119,494.53507247006587
119,52,494.53507247006587
53,91,483.6939957681732
91,53,483.6939957681732
53,94,697.9002723880794
94,53,697.9002723880794
53,152,812.5720741845007
152,53,812.5720741845007
53,158,874.9978371641663
158,53,874.9978371641663
53,259,554.26818928838
259,53,554.26818928838
53,359,912.826254126983
359,53,912.826254126983
53,378,373.7737439220786
378,53,373.7737439220786
54,57,978.2262276555999
57,54,978.2262276555999
54,200,705.9632883562505
200,54,705.9632883562505
54,203,1017.9840570921283
203,54,1017.9840570921283
54,284,679.860519378819
284,54,679.860519378819
54,287,869.4131908208648
287,54,869.4131908208648
54,292,520.1500787570349
292,54,520.1500787570349
54,310,1004.3701644822926
310,54,1004.3701644822926
55,64,761.00558031652
64,55,761.00558031652
55,85,703.2554312482786
85,55,703.2554312482786
55,151,397.88640230298984
151,55,397.88640230298984
55,234,252.71706218863443
234,55,252.71706218863443
55,298,526.6448568497456
298,55,526.6448568497456
55,318,1553.100648694209
318,55,1553.100648694209
55,359,592.2612067337936
359,55,592.2612067337936
55,565,638.1083114338429
565,55,638.1083114338429
56,81,447.5347598487097
81,56,447.5347598487097
56,99,904.349764393291
99,56,904.349764393291
56,104,893.6642135883785
104,56,893.6642135883785
56,204,359.0634087905138
204,56,359.0634087905138
56,308,236.29375019210718
308,56,236.29375019210718
57,62,467.32622035030374
62,57,467.32622035030374
57,116,604.8929457489354
116,57,604.8929457489354
57,191,613.7975965845153
191,57,613.7975965845153
57,194,852.3683444898038
194,57,852.3683444898038
57,292,907.6483480979382
292,57,907.6483480979382
57,310,443.45987193288005
310,57,443.45987193288005
58,132,700.9082526674092
132,58,700.9082526674092
58,161,925.6589342911576
161,58,925.6589342911576
58,216,1047.7689395623352
216,58,1047.7689395623352
58,250,858.2050098473134
250,58,858.2050098473134
58,315,695.0108055330392
315,58,695.0108055330392
58,341,313.4710971752934
341,58,313.4710971752934
59,69,382.67300074283065
69,59,382.67300074283065
59,72,855.2029169546087
72,59,855.2029169546087
59,79,256.72291236111886
79,59,256.72291236111886
59,84,254.20309447998574
84,59,254.20309447998574
59,88,535.0152195413743
88,59,535.0152195413743
59,98,607.6345482482171
98,59,607.6345482482171
59,119,479.93249556787697
119,59,479.93249556787697
59,147,523.9037612656066
147,59,523.9037612656066
59,157,427.32890021054817
157,59,427.32890021054817
60,75,388.54505529454985
75,60,388.54505529454985
60,99,805.8250533266439
99,60,805.8250533266439
60,113,369.52812397619095
113,60,369.52812397619095
60,205,748.1972946748871
205,60,748.1972946748871
60,279,345.9838146639693
279,60,345.9838146639693
60,304,451.7522774813068
304,60,451.7522774813068
60,320,568.3354416378202
320,60,568.3354416378202
60,326,549.3829742637753
326,60,549.3829742637753
61,65,529.7193347138324
65,61,529.7193347138324
61,67,294.94477113368
67,61,294.94477113368
61,91,491.47849896951254
91,61,491.47849896951254
61,93,371.22442288599547
93,61,371.22442288599547
61,94,660.692305209867
94,61,660.692305209867
61,95,775.4687462188978
95,61,775.4687462188978
61,152,199.95742153083353
152,61,199.95742153083353
61,172,565.7205347753767
172,61,565.7205347753767
61,173,381.918862298391
173,61,381.918862298391
61,378,635.2914787375906
378,61,635.2914787375906
62,116,679.512572122303
116,62,679.512572122303
62,141,471.0545180782752
141,62,471.0545180782752
62,142,698.8974371722173
142,62,698.8974371722173
62,143,989.8962259816857
143,62,989.8962259816857
62,194,389.6943188773595
194,62,389.6943188773595
62,200,737.6992430841128
200,62,737.6992430841128
62,310,901.9475536029938
310,62,901.9475536029938
63,70,625.5835007529927
70,63,625.5835007529927
63,72,751.4097753372773
72,63,751.4097753372773
63,76,408.0346962474822
76,63,408.0346962474822
63,84,647.4857602048601
84,63,647.4857602048601
63,98,362.3388920601969
98,63,362.3388920601969
63,179,494.1500114898586
179,63,494.1500114898586
63,198,414.2856364366746
198,63,414.2856364366746
63,213,291.8471908836864
213,63,291.8471908836864
63,323,793.7434666097091
323,63,793.7434666097091
64,85,856.3079464915306
85,64,856.3079464915306
64,106,906.1847843926133
106,64,906.1847843926133
64,151,443.65450743658613
151,64,443.65450743658613
64,161,445.0909764144169
161,64,445.0909764144169
64,199,777.7358214169842
199,64,777.7358214169842
64,250,304.41621445037396
250,64,304.41621445037396
64,315,613.6218857008625
315,64,613.6218857008625
64,341,882.8435360191969
341,64,882.8435360191969
65,67,255.92624154830153
67,65,255.92624154830153
65,69,245.5601647932041
69,65,245.5601647932041
65,79,353.8472602258445
79,65,353.8472602258445
65,84,490.2241890716812
84,65,490.2241890716812
65,93,256.18385167565185
93,65,256.18385167565185
65,98,608.9319813699497
98,65,608.9319813699497
65,120,642.9987490165935
120,65,642.9987490165935
65,157,304.30301540459203
157,65,304.30301540459203
65,172,271.56581302063876
172,65,271.56581302063876
65,173,268.6997247983986
173,65,268.6997247983986
65,179,526.3140918596586
179,65,526.3140918596586
66,72,608.8675697285365
72,66,608.8675697285365
66,80,974.4541783326778
80,66,974.4541783326778
66,97,284.6695583937073
97,66,284.6695583937073
66,119,586.6163642320398
119,66,586.6163642320398
66,193,440.06585092165915
193,66,440.06585092165915
66,336,828.2840557913091
336,66,828.2840557913091
66,563,591.832827210554
563,66,591.832827210554
67,69,412.3751490128642
69,67,412.3751490128642
67,93,244.2116491506061
93,67,244.2116491506061
67,152,481.1048377194249
152,67,481.1048377194249
67,157,406.72125472418156
157,67,406.72125472418156
67,172,287.66736524815536
172,67,287.66736524815536
67,173,119.72387882750922
173,67,119.72387882750922
68,78,607.830615431795
78,68,607.830615431795
68,176,478.1455565279729
176,68,478.1455565279729
68,178,706.1389054634932
178,68,706.1389054634932
68,261,698.8631891295591
261,68,698.8631891295591
69,79,126.83239051811225
79,69,126.83239051811225
69,84,392.2612472012526
84,69,392.2612472012526
69,93,498.8003829508929
93,69,498.8003829508929
69,98,649.1659377953971
98,69,649.1659377953971
69,157,103.447803910646
157,69,103.447803910646
69,172,197.67994231473713
172,69,197.67994231473713
69,173,345.79038425863166
173,69,345.79038425863166
70,76,418.820659002366
76,70,418.820659002366
70,120,576.3476061318247
120,70,576.3476061318247
70,131,597.6564219757421
131,70,597.6564219757421
70,179,587.0659473542892
179,70,587.0659473542892
70,198,731.6408058057485
198,70,731.6408058057485
70,213,467.26817946127693
213,70,467.26817946127693
70,323,535.9896942259196
323,70,535.9896942259196
71,86,297.0305662555318
86,71,297.0305662555318
71,147,517.0175825082214
147,71,517.0175825082214
71,175,418.08420892893173
175,71,418.08420892893173
71,178,440.7135141593715
178,71,440.7135141593715
72,80,534.2450763234297
80,72,534.2450763234297
72,84,836.006462888766
84,72,836.006462888766
72,169,858.4618132140016
169,72,858.4618132140016
72,336,866.2936398991015
336,72,866.2936398991015
73,92,565.7424964238487
92,73,565.7424964238487
73,125,553.9658137906383
125,73,553.9658137906383
73,130,305.61785366913006
130,73,305.61785366913006
73,144,604.0615176831888
144,73,604.0615176831888
73,155,356.9333388849509
155,73,356.9333388849509
73,156,480.80598075780284
156,73,480.80598075780284
73,159,660.0811024876231
159,73,660.0811024876231
73,163,682.8231485106456
163,73,682.8231485106456
74,80,655.5800807636041
80,74,655.5800807636041
74,169,541.6007961012169
169,74,541.6007961012169
74,191,965.6608287846085
191,74,965.6608287846085
74,254,751.2878352758289
254,74,751.2878352758289
74,327,561.6056077329556
327,74,561.6056077329556
75,113,757.4650017588006
113,75,757.4650017588006
75,136,741.0363176268656
136,75,741.0363176268656
75,170,612.4009085729822
170,75,612.4009085729822
75,171,578.9005331022246
171,75,578.9005331022246
75,203,825.885108524799
203,75,825.885108524799
75,279,515.4171557643973
279,75,515.4171557643973
75,284,690.4412609586605
284,75,690.4412609586605
75,304,586.5494112529518
304,75,586.5494112529518
75,320,372.62012389979236
320,75,372.62012389979236
76,98,678.8920290246376
98,76,678.8920290246376
76,105,879.230848391896
105,76,879.230848391896
76,131,803.597202104172
131,76,803.597202104172
76,169,873.340845443106
169,76,873.340845443106
76,179,710.1176155240056
179,76,710.1176155240056
76,198,317.7308847977874
198,76,317.7308847977874
76,213,486.9089032484408
213,76,486.9089032484408
76,323,385.801299611053
323,76,385.801299611053
77,91,759.5469480336019
91,77,759.5469480336019
77,152,540.0765537561949
152,77,540.0765537561949
77,158,270.32598868601764
158,77,270.32598868601764
77,260,363.5161256549044
260,77,363.5161256549044
77,263,436.053832711696
263,77,436.053832711696
77,359,491.0266612611035
359,77,491.0266612611035
77,378,746.4882051185616
378,77,746.4882051185616
77,566,355.8012384517453
566,77,355.8012384517453
78,178,149.820515768426
178,78,149.820515768426
78,261,353.78907888568256
261,78,353.78907888568256
79,84,313.28204462178775
84,79,313.28204462178775
79,98,621.7129603107863
98,79,621.7129603107863
79,157,181.09312115558674
157,79,181.09312115558674
79,172,309.153731011756
172,79,309.153731011756
79,173,470.50134199044857
173,79,470.50134199044857
80,169,535.5862402781769
169,80,535.5862402781769
80,198,895.7197495867765
198,80,895.7197495867765
80,336,674.9114664151072
336,80,674.9114664151072
81,99,531.0041292242622
99,81,531.0041292242622
81,203,606.2397523255214
203,81,606.2397523255214
81,204,332.3753471714923
204,81,332.3753471714923
81,205,770.444595668126
205,81,770.444595668126
81,292,940.0899767190721
292,81,940.0899767190721
81,308,671.1665671917497
308,81,671.1665671917497
82,104,794.5784241913707
104,82,794.5784241913707
82,112,790.3776692081994
112,82,790.3776692081994
82,126,322.56474099549337
126,82,322.56474099549337
82,128,480.4248689824202
128,82,480.4248689824202
82,129,758.6495129366833
129,82,758.6495129366833
82,160,994.3615926359737
160,82,994.3615926359737
82,265,618.3131473905311
265,82,618.3131473905311
82,266,699.4676822087298
266,82,699.4676822087298
83,89,921.2890330741259
89,83,921.2890330741259
83,90,595.1287571782902
90,83,595.1287571782902
83,329,985.8029420288533
329,83,985.8029420288533
83,332,1694.300307084801
332,83,1694.300307084801
83,333,1357.6973775473732
333,83,1357.6973775473732
83,388,1467.655182241595
388,83,1467.655182241595
83,389,1035.4658287093018
389,83,1035.4658287093018
83,390,1381.622637265753
390,83,1381.622637265753
83,392,428.0603223721089
392,83,428.0603223721089
83,393,1658.0738778536006
393,83,1658.0738778536006
84,98,355.367667357208
98,84,355.367667357208
84,157,482.35316116524575
157,84,482.35316116524575
84,179,462.29308759231714
179,84,462.29308759231714
84,213,573.2598154586018
213,84,573.2598154586018
85,151,504.86876308846666
151,85,504.86876308846666
85,234,515.3739522982878
234,85,515.3739522982878
85,315,865.7569607025133
315,85,865.7569607025133
85,318,882.0733515990535
318,85,882.0733515990535
85,565,971.8949207549302
565,85,971.8949207549302
86,147,430.0400383258338
147,86,430.0400383258338
86,264,341.2041351035095
264,86,341.2041351035095
87,127,351.62289159629296
127,87,351.62289159629296
87,156,770.1245351117872
156,87,770.1245351117872
87,177,665.5667855355737
177,87,665.5667855355737
87,192,707.8351946542995
192,87,707.8351946542995
88,119,203.60807163346064
119,88,203.60807163346064
88,147,277.4940020685578
147,88,277.4940020685578
88,164,457.7484176933689
164,88,457.7484176933689
88,193,437.15761967621853
193,88,437.15761967621853
89,90,1136.1318803228837
90,89,1136.1318803228837
89,329,838.135374562053
329,89,838.135374562053
89,332,1086.9435230180532
332,89,1086.9435230180532
89,388,1356.3414793883742
388,89,1356.3414793883742
89,389,1271.074792632864
389,89,1271.074792632864
89,392,1270.1508990318039
392,89,1270.1508990318039
90,329,679.7806822685943
329,90,679.7806822685943
90,332,1478.3837153573832
332,90,1478.3837153573832
90,333,780.095934088314
333,90,780.095934088314
90,389,1629.3693444831936
389,90,1629.3693444831936
90,392,922.2866217175456
392,90,922.2866217175456
91,94,473.0325806151806
94,91,473.0325806151806
91,152,339.10623046646424
152,91,339.10623046646424
91,158,629.2822216721943
158,91,629.2822216721943
91,378,181.6785867846639
378,91,181.6785867846639
92,96,387.4429522618761
96,92,387.4429522618761
92,125,195.7158314399947
125,92,195.7158314399947
92,130,577.4232577004494
130,92,577.4232577004494
92,144,298.7939692692965
144,92,298.7939692692965
92,155,547.1856562616362
155,92,547.1856562616362
92,156,580.7226840261937
156,92,580.7226840261937
92,314,208.64423689608896
314,92,208.64423689608896
93,95,645.9243253947183
95,93,645.9243253947183
93,120,477.66321282284935
120,93,477.66321282284935
93,157,541.0996172767799
157,93,541.0996172767799
93,172,463.8146727255148
172,93,463.8146727255148
93,173,348.61162589786704
173,93,348.61162589786704
93,179,569.1336302047455
179,93,569.1336302047455
94,95,421.4843967886382
95,94,421.4843967886382
94,152,648.1942853842205
152,94,648.1942853842205
94,220,363.6733635703958
220,94,363.6733635703958
94,259,774.4059083584946
259,94,774.4059083584946
94,378,618.9116924582639
378,94,618.9116924582639
95,120,343.3039813392088
120,95,343.3039813392088
95,220,337.24476965826574
220,95,337.24476965826574
96,111,508.5763998891103
111,96,508.5763998891103
96,144,344.2646048543777
144,96,344.2646048543777
96,164,423.2848581211454
164,96,423.2848581211454
96,180,400.7434035995146
180,96,400.7434035995146
96,193,662.2261367428307
193,96,662.2261367428307
96,314,313.60708721555073
314,96,313.60708721555073
97,119,610.3940668470707
119,97,610.3940668470707
97,193,305.97616298671176
193,97,305.97616298671176
97,314,655.4235157239287
314,97,655.4235157239287
97,563,400.30415616784495
563,97,400.30415616784495
98,120,662.973895355767
120,98,662.973895355767
98,179,197.72776218288232
179,98,197.72776218288232
98,198,773.019785463016
198,98,773.019785463016
98,213,218.0242331856074
213,98,218.0242331856074
99,129,767.0335596553958
129,99,767.0335596553958
99,203,390.995566538288
203,99,390.995566538288
99,204,589.0200517817306
204,99,589.0200517817306
99,205,326.10288073573787
205,99,326.10288073573787
99,265,702.0074705976665
265,99,702.0074705976665
99,304,369.1907685418783
304,99,369.1907685418783
100,148,413.5381503519886
148,100,413.5381503519886
100,207,790.5879983609506
207,100,790.5879983609506
100,212,680.4273877680705
212,100,680.4273877680705
100,219,538.9466091834375
219,100,538.9466091834375
100,233,771.2483820113102
233,100,771.2483820113102
100,235,535.2717826799991
235,100,535.2717826799991
100,276,786.578801583357
276,100,786.578801583357
100,280,795.5002022658406
280,100,795.5002022658406
100,281,491.64933327723753
281,100,491.64933327723753
101,103,436.3385680466472
103,101,436.3385680466472
101,136,666.748354554442
136,101,666.748354554442
101,139,424.56142601859943
139,101,424.56142601859943
101,206,642.438403080316
206,101,642.438403080316
101,273,733.5352286494048
273,101,733.5352286494048
101,277,726.959183675602
277,101,726.959183675602
101,309,421.19604311239306
309,101,421.19604311239306
102,141,566.8955416054815
141,102,566.8955416054815
102,142,865.9481153240614
142,102,865.9481153240614
102,143,592.6396664109792
143,102,592.6396664109792
102,168,437.873799523403
168,102,437.873799523403
102,194,713.7706608413334
194,102,713.7706608413334
102,200,797.2408656855199
200,102,797.2408656855199
102,202,719.4372976270453
202,102,719.4372976270453
102,238,872.6050375293745
238,102,872.6050375293745
102,286,456.5963851388739
286,102,456.5963851388739
102,287,912.4804665106091
287,102,912.4804665106091
102,467,1030.7469769885554
467,102,1030.7469769885554
103,138,891.6342577354707
138,103,891.6342577354707
103,139,612.2018980906626
139,103,612.2018980906626
103,206,484.24076508739574
206,103,484.24076508739574
103,273,627.7524080084368
273,103,627.7524080084368
103,276,514.8132032806858
276,103,514.8132032806858
103,277,788.6231774986176
277,103,788.6231774986176
103,280,807.3619865611128
280,103,807.3619865611128
103,309,799.1206328637849
309,103,799.1206328637849
104,112,561.133505601606
112,104,561.133505601606
104,126,585.4436418985821
126,104,585.4436418985821
104,215,636.3951208966656
215,104,636.3951208966656
104,246,983.1853439766429
246,104,983.1853439766429
104,266,342.9425500088079
266,104,342.9425500088079
104,268,608.3367280318129
268,104,608.3367280318129
104,278,703.5396359780913
278,104,703.5396359780913
105,131,939.4062009345317
131,105,939.4062009345317
105,169,1003.6024464477338
169,105,1003.6024464477338
105,195,1020.300246790638
195,105,1020.300246790638
105,196,773.7567073786856
196,105,773.7567073786856
105,198,877.3579026899519
198,105,877.3579026899519
105,254,632.315322098372
254,105,632.315322098372
105,262,602.4962124424529
262,105,602.4962124424529
105,323,581.7924207878382
323,105,581.7924207878382
106,118,485.9059024698766
118,106,485.9059024698766
106,153,884.1080217616186
153,106,884.1080217616186
106,161,489.80047816878096
161,106,489.80047816878096
106,190,851.7430317518761
190,106,851.7430317518761
106,199,391.942952080336
199,106,391.942952080336
106,250,766.8674981780389
250,106,766.8674981780389
107,226,1143.7838099543965
226,107,1143.7838099543965
107,227,956.2810916206344
227,107,956.2810916206344
107,231,1101.0681789971154
231,107,1101.0681789971154
107,245,775.2609227734273
245,107,775.2609227734273
107,299,492.53511777084515
299,107,492.53511777084515
107,322,1058.2758286212427
322,107,1058.2758286212427
107,377,1395.183871122367
377,107,1395.183871122367
107,380,396.97124576959624
380,107,396.97124576959624
107,381,285.9994699305093
381,107,285.9994699305093
107,382,948.2876440899871
382,107,948.2876440899871
107,383,470.9984727174726
383,107,470.9984727174726
107,388,1317.0839340823388
388,107,1317.0839340823388
108,131,988.7515263623542
131,108,988.7515263623542
108,196,720.2727600110509
196,108,720.2727600110509
108,240,479.67451125050934
240,108,479.67451125050934
108,294,676.9434316903188
294,108,676.9434316903188
108,297,1024.5481568530552
297,108,1024.5481568530552
108,319,418.1254916577291
319,108,418.1254916577291
108,348,1187.8839071747593
348,108,1187.8839071747593
108,349,1090.4217824151294
349,108,1090.4217824151294
108,350,505.9873327541745
350,108,505.9873327541745
108,398,1337.460850132217
398,108,1337.460850132217
109,168,728.451830874802
168,109,728.451830874802
109,202,439.8528333126792
202,109,439.8528333126792
109,237,1326.4618260363409
237,109,1326.4618260363409
109,238,508.8260158377823
238,109,508.8260158377823
109,239,1169.6484679310913
239,109,1169.6484679310913
109,267,851.3316005460043
267,109,851.3316005460043
109,464,1076.9975574015189
464,109,1076.9975574015189
109,465,446.2623261086624
465,109,446.2623261086624
109,467,683.9394774811427
467,109,683.9394774811427
109,469,1252.5893061095362
469,109,1252.5893061095362
109,470,693.0847000718036
470,109,693.0847000718036
109,474,1168.0236117006486
474,109,1168.0236117006486
110,115,1207.9356273622789
115,110,1207.9356273622789
110,150,650.3069424282227
150,110,650.3069424282227
110,184,797.7935397979352
184,110,797.7935397979352
110,186,659.4827709735197
186,110,659.4827709735197
110,189,825.6215124197281
189,110,825.6215124197281
110,252,1365.9235719790959
252,110,1365.9235719790959
110,258,1067.2296736080257
258,110,1067.2296736080257
110,398,1474.4254029908655
398,110,1474.4254029908655
111,164,480.32641659067673
164,111,480.32641659067673
111,175,349.38623482735073
175,111,349.38623482735073
111,177,354.9430066497594
177,111,354.9430066497594
111,180,108.74984148689553
180,111,108.74984148689553
111,243,482.5767766905327
243,111,482.5767766905327
112,126,467.9908631679491
126,112,467.9908631679491
112,163,737.2064830087104
163,112,737.2064830087104
112,246,426.08321237495574
246,112,426.08321237495574
112,266,225.27304738614512
266,112,225.27304738614512
112,268,630.7978098172274
268,112,630.7978098172274
112,278,444.16868386513175
278,112,444.16868386513175
113,129,620.9298671613138
129,113,620.9298671613138
113,205,664.6752613891821
205,113,664.6752613891821
113,279,490.45362069721295
279,113,490.45362069721295
113,304,614.6396318331518
304,113,614.6396318331518
113,317,649.6858624604495
317,113,649.6858624604495
113,326,360.36731624871993
326,113,360.36731624871993
114,116,838.8186510215936
116,114,838.8186510215936
114,166,371.83642423827735
166,114,371.83642423827735
114,195,506.7026529346779
195,114,506.7026529346779
114,262,813.8664018324663
262,114,813.8664018324663
114,327,784.376897342749
327,114,784.376897342749
114,343,830.0380579067131
343,114,830.0380579067131
114,345,1147.2206468172087
345,114,1147.2206468172087
115,122,915.8216343931931
122,115,915.8216343931931
115,150,1492.675267969125
150,115,1492.675267969125
115,154,669.9493459015
154,115,669.9493459015
115,186,598.351925841817
186,115,598.351925841817
115,189,551.3757372840292
189,115,551.3757372840292
115,251,579.3285308027589
251,115,579.3285308027589
115,252,947.8579847205574
252,115,947.8579847205574
116,142,888.8918569083152
142,116,888.8918569083152
116,166,467.18858155911454
166,116,467.18858155911454
116,191,761.7927929964526
191,116,761.7927929964526
116,282,855.7505049858286
282,116,855.7505049858286
116,343,966.056494163339
343,116,966.056494163339
117,137,566.8588077984472
137,117,566.8588077984472
117,138,381.14480118981936
138,117,381.14480118981936
117,145,916.0459761101805
145,117,916.0459761101805
117,146,1138.880089177131
146,117,1138.880089177131
117,206,788.5428907634345
206,117,788.5428907634345
117,208,847.8256523751971
208,117,847.8256523751971
117,209,605.7176474060108
209,117,605.7176474060108
117,210,490.9955559647151
210,117,490.9955559647151
117,229,383.42800508257943
229,117,383.42800508257943
117,285,1031.890542028366
285,117,1031.890542028366
117,296,779.5049728250799
296,117,779.5049728250799
118,132,860.7232644732242
132,118,860.7232644732242
118,161,888.0777956526489
161,118,888.0777956526489
118,174,926.091608149191
174,118,926.091608149191
118,190,735.8991837742566
190,118,735.8991837742566
118,199,860.0721993669732
199,118,860.0721993669732
118,366,787.9508401680442
366,118,787.9508401680442
119,147,447.02081697741943
147,119,447.02081697741943
119,164,565.6883142750786
164,119,565.6883142750786
119,193,355.8764686755312
193,119,355.8764686755312
120,179,465.94963060359555
179,120,465.94963060359555
120,213,597.6389614934327
213,120,597.6389614934327
120,220,678.4365974830216
220,120,678.4365974830216
121,123,1023.499485492261
123,121,1023.499485492261
121,153,669.0754481058385
153,121,669.0754481058385
121,154,637.3570033246108
154,121,637.3570033246108
121,183,414.68620220605953
183,121,414.68620220605953
121,187,731.4276414618956
187,121,731.4276414618956
121,188,1139.1483375954494
188,121,1139.1483375954494
121,190,689.5605331209291
190,121,689.5605331209291
122,123,571.8489217860619
123,122,571.8489217860619
122,251,422.0025797764398
251,122,422.0025797764398
122,252,790.9119883290963
252,122,790.9119883290963
122,259,819.0366859191648
259,122,819.0366859191648
123,153,980.3162013134033
153,123,980.3162013134033
123,154,844.3326205784442
154,123,844.3326205784442
123,183,671.8332369111479
183,123,671.8332369111479
123,251,476.9657148224722
251,123,476.9657148224722
123,259,432.2212383966269
259,123,432.2212383966269
124,165,538.1280176200546
165,124,538.1280176200546
124,215,204.9871486064031
215,124,204.9871486064031
124,268,528.5182880583556
268,124,528.5182880583556
124,308,798.0839704125673
308,124,798.0839704125673
124,334,263.54402089367056
334,124,263.54402089367056
124,335,528.4194468153555
335,124,528.4194468153555
124,336,877.8259850394327
336,124,877.8259850394327
125,144,486.59135500595823
144,125,486.59135500595823
125,155,414.3783345304906
155,125,414.3783345304906
125,159,459.3945794992774
159,125,459.3945794992774
125,314,282.52959341960354
314,125,282.52959341960354
126,128,802.9536951962599
128,126,802.9536951962599
126,246,781.4829353943193
246,126,781.4829353943193
126,265,802.4823078707979
265,126,802.4823078707979
126,266,395.4363094472837
266,126,395.4363094472837
127,130,564.960175760144
130,127,564.960175760144
127,156,418.62556155004546
156,127,418.62556155004546
127,177,559.3414519219292
177,127,559.3414519219292
127,192,398.0918891117799
192,127,398.0918891117799
128,129,436.21516271155076
129,128,436.21516271155076
128,160,807.9907779582253
160,128,807.9907779582253
128,205,859.1594348766104
205,128,859.1594348766104
128,265,606.5300881343085
265,128,606.5300881343085
128,290,410.48071628396474
290,128,410.48071628396474
129,205,441.0790241808758
205,129,441.0790241808758
129,265,416.90368125845885
265,129,416.90368125845885
129,290,619.7945137469494
290,129,619.7945137469494
129,304,801.3285188267333
304,129,801.3285188267333
130,144,455.7103081695069
144,130,455.7103081695069
130,155,632.2638281659963
155,130,632.2638281659963
130,156,186.9792323418494
156,130,186.9792323418494
130,192,464.34026334400596
192,130,464.34026334400596
131,196,1135.6573201013225
196,131,1135.6573201013225
131,240,967.9486526674186
240,131,967.9486526674186
131,297,641.6295934566568
297,131,641.6295934566568
131,323,547.220162458194
323,131,547.220162458194
131,350,594.3417395362623
350,131,594.3417395362623
132,135,1422.9360123018553
135,132,1422.9360123018553
132,174,576.3387010385933
174,132,576.3387010385933
132,216,607.8751585195473
216,132,607.8751585195473
132,249,762.8825268537407
249,132,762.8825268537407
132,341,984.2226626009141
341,132,984.2226626009141
132,366,1126.6410606865657
366,132,1126.6410606865657
133,134,653.3523349546492
134,133,653.3523349546492
133,135,1518.3601617649229
135,133,1518.3601617649229
133,167,420.15918066160907
167,133,420.15918066160907
133,174,780.9434419202651
174,133,780.9434419202651
133,216,1093.248718520291
216,133,1093.248718520291
133,242,1030.4822217517906
242,133,1030.4822217517906
133,249,562.1988037386036
249,133,562.1988037386036
133,312,744.6773226702047
312,133,744.6773226702047
133,367,896.4566672142937
367,133,896.4566672142937
133,368,498.43393883848364
368,133,498.43393883848364
133,369,707.7481185979526
369,133,707.7481185979526
133,371,1304.5676490352319
371,133,1304.5676490352319
134,135,901.466233590807
135,134,901.466233590807
134,167,856.7748443959557
167,134,856.7748443959557
134,216,798.9893755006652
216,134,798.9893755006652
134,242,392.24069309992984
242,134,392.24069309992984
134,249,545.8715718677254
249,134,545.8715718677254
134,312,391.6121394658682
312,134,391.6121394658682
134,370,857.2169350133134
370,134,857.2169350133134
135,216,824.855767572473
216,135,824.855767572473
135,242,511.9056793527252
242,135,511.9056793527252
135,249,1130.344097811482
249,135,1130.344097811482
135,312,1139.3983332323432
312,135,1139.3983332323432
135,370,811.1257740557149
370,135,811.1257740557149
136,137,566.0613370791001
137,136,566.0613370791001
136,170,970.0069835148362
170,136,970.0069835148362
136,171,582.4728493148929
171,136,582.4728493148929
136,206,836.2151163145173
206,136,836.2151163145173
136,279,556.0665722329159
279,136,556.0665722329159
136,296,607.0836195959829
296,136,607.0836195959829
136,320,372.3221039302623
320,136,372.3221039302623
137,138,418.09997864131554
138,137,418.09997864131554
137,149,869.2297286776142
149,137,869.2297286776142
137,171,774.418610353213
171,137,774.418610353213
137,206,592.1667012472777
206,137,592.1667012472777
137,229,516.877578983881
229,137,516.877578983881
137,296,399.9485366244344
296,137,399.9485366244344
137,320,851.2329889248159
320,137,851.2329889248159
138,206,407.5031931567803
206,138,407.5031931567803
138,209,472.8840572745775
209,138,472.8840572745775
138,210,732.7481675040665
210,138,732.7481675040665
138,229,626.1342721922267
229,138,626.1342721922267
138,296,787.2134173383538
296,138,787.2134173383538
139,140,888.9638613873266
140,139,888.9638613873266
139,201,606.2740465776943
201,139,606.2740465776943
139,273,436.8952504795968
273,139,436.8952504795968
139,276,806.117983555945
276,139,806.117983555945
139,277,315.89038494633303
277,139,315.89038494633303
139,309,335.9844131394646
309,139,335.9844131394646
139,311,838.4084903366189
311,139,838.4084903366189
140,201,645.4407252959761
201,140,645.4407252959761
140,273,811.6605484663008
273,140,811.6605484663008
140,277,615.2151302550482
277,140,615.2151302550482
140,301,616.2228546926897
301,140,616.2228546926897
140,306,445.3907946449418
306,140,445.3907946449418
140,311,497.7894483529126
311,140,497.7894483529126
140,317,949.2051803732572
317,140,949.2051803732572
141,142,652.2553575942337
142,141,652.2553575942337
141,143,714.1692013442137
143,141,714.1692013442137
141,194,283.79664985347364
194,141,283.79664985347364
141,200,502.30775683962645
200,141,502.30775683962645
141,286,583.4457471543972
286,141,583.4457471543972
141,287,880.2286960640463
287,141,880.2286960640463
142,143,433.15805244644224
143,142,433.15805244644224
142,194,395.6628116799172
194,142,395.6628116799172
142,197,1097.2427492517568
197,142,1097.2427492517568
142,253,984.3562520030404
253,142,984.3562520030404
142,282,556.0971106259401
282,142,556.0971106259401
142,343,1042.9621115119744
343,142,1042.9621115119744
142,564,1219.279791506606
564,142,1219.279791506606
143,168,815.5455001434327
168,143,815.5455001434327
143,194,602.7619027138951
194,143,602.7619027138951
143,197,1061.1137606506109
197,143,1061.1137606506109
143,253,632.6297638939386
253,143,632.6297638939386
143,282,870.4652249862561
282,143,870.4652249862561
144,156,367.502487918743
156,144,367.502487918743
144,192,305.90658515497245
192,144,305.90658515497245
144,314,424.67789015534703
314,144,424.67789015534703
145,146,441.5802256176452
146,145,441.5802256176452
145,208,524.881766118352
208,145,524.881766118352
145,210,1033.3462348264973
210,145,1033.3462348264973
145,229,712.7991632317874
229,145,712.7991632317874
145,237,809.0169558846325
237,145,809.0169558846325
145,285,842.3677647970522
285,145,842.3677647970522
145,456,992.3764935165578
456,145,992.3764935165578
146,149,846.7754815959504
149,146,846.7754815959504
146,208,965.4195811774913
208,146,965.4195811774913
146,229,810.2175331417488
229,146,810.2175331417488
146,237,619.7681612711503
237,146,619.7681612711503
146,296,988.5572536309694
296,146,988.5572536309694
146,468,879.4002627938752
468,146,879.4002627938752
148,207,490.9217277095562
207,148,490.9217277095562
148,209,879.6152563199654
209,148,879.6152563199654
148,219,551.1668346141456
219,148,551.1668346141456
148,235,792.655097154206
235,148,792.655097154206
148,269,814.679682535473
269,148,814.679682535473
148,281,894.7681728674787
281,148,894.7681728674787
148,295,571.4890790188371
295,148,571.4890790188371
148,324,788.0132657873412
324,148,788.0132657873412
149,170,449.01528400296445
170,149,449.01528400296445
149,171,380.09760035372096
171,149,380.09760035372096
149,229,813.6347636058392
229,149,813.6347636058392
149,284,979.9999504781019
284,149,979.9999504781019
149,296,469.46295358352336
296,149,469.46295358352336
149,320,788.9030236011774
320,149,788.9030236011774
149,468,842.9701798278861
468,149,842.9701798278861
150,184,954.1639867750591
184,150,954.1639867750591
150,186,1123.4728737935175
186,150,1123.4728737935175
150,189,956.0240025620749
189,150,956.0240025620749
150,258,788.5060272169893
258,150,788.5060272169893
150,339,1387.301943618595
339,150,1387.301943618595
150,410,1160.9699916906548
410,150,1160.9699916906548
151,161,888.1633707313127
161,151,888.1633707313127
151,234,429.53822761840814
234,151,429.53822761840814
151,250,697.8597060959708
250,151,697.8597060959708
151,315,801.2853995462649
315,151,801.2853995462649
151,318,1381.7081602019507
318,151,1381.7081602019507
152,158,538.1161139612523
158,152,538.1161139612523
152,173,547.5722006091902
173,152,547.5722006091902
152,378,453.7392485680045
378,152,453.7392485680045
153,183,454.2201764182978
183,153,454.2201764182978
153,190,936.7970830127268
190,153,936.7970830127268
153,199,589.3338072337775
199,153,589.3338072337775
153,259,928.3184727909226
259,153,928.3184727909226
154,183,701.2276573336472
183,154,701.2276573336472
154,186,1249.0925629317676
186,154,1249.0925629317676
154,187,1070.9409097086566
187,154,1070.9409097086566
154,189,985.9101929737675
189,154,985.9101929737675
154,251,712.4345502243037
251,154,712.4345502243037
155,159,306.1114930695464
159,155,306.1114930695464
155,163,508.7101796787431
163,155,508.7101796787431
155,165,558.3006825838374
165,155,558.3006825838374
156,192,284.1549916492576
192,156,284.1549916492576
157,172,136.61300696208616
172,157,136.61300696208616
157,173,315.40358919047037
173,157,315.40358919047037
158,359,272.15511540973546
359,158,272.15511540973546
158,378,558.7130797515646
378,158,558.7130797515646
158,566,544.2940116103221
566,158,544.2940116103221
159,163,585.1096191493237
163,159,585.1096191493237
159,165,253.43732861274643
165,159,253.43732861274643
159,246,1040.9745453413032
246,159,1040.9745453413032
159,268,510.1741711677942
268,159,510.1741711677942
159,278,558.4980713387934
278,159,558.4980713387934
160,201,1187.6701367393007
201,160,1187.6701367393007
160,290,674.9484048543085
290,160,674.9484048543085
160,301,861.6407213711946
301,160,861.6407213711946
160,306,841.6005085371605
306,160,841.6005085371605
160,317,1079.278239803623
317,160,1079.278239803623
161,199,525.3382374866952
199,161,525.3382374866952
161,250,282.44493219038117
250,161,282.44493219038117
161,315,683.1592078720329
315,161,683.1592078720329
161,341,744.6106499383843
341,161,744.6106499383843
162,167,1295.9824743232396
167,162,1295.9824743232396
162,181,1413.2167583740704
181,162,1413.2167583740704
162,182,462.0909412383101
182,162,462.0909412383101
162,244,751.4039102075059
244,162,751.4039102075059
162,248,1040.6106037865263
248,162,1040.6106037865263
162,312,992.9753991944849
312,162,992.9753991944849
162,370,1144.5053766926571
370,162,1144.5053766926571
162,371,864.7580011638379
371,162,864.7580011638379
162,374,709.6858096638183
374,162,709.6858096638183
163,165,765.8425866503857
165,163,765.8425866503857
163,246,550.309327179345
246,163,550.309327179345
163,268,697.4882391121312
268,163,697.4882391121312
163,278,442.92820490748846
278,163,442.92820490748846
164,180,431.20026285995414
180,164,431.20026285995414
164,193,435.8738391896588
193,164,435.8738391896588
165,215,440.6184366632507
215,165,440.6184366632507
165,268,391.649711910053
268,165,391.649711910053
165,278,579.6730415628743
278,165,579.6730415628743
166,191,919.8873192440719
191,166,919.8873192440719
166,195,878.1450085538382
195,166,878.1450085538382
166,262,1145.102188870104
262,166,1145.102188870104
166,282,932.8906026084037
282,166,932.8906026084037
166,327,857.9909871667427
327,166,857.9909871667427
166,343,780.5093441843833
343,166,780.5093441843833
167,182,1128.9973105952934
182,167,1128.9973105952934
167,242,1246.1980205374819
242,167,1246.1980205374819
167,249,962.188833489308
249,167,962.188833489308
167,312,733.8842856813558
312,167,733.8842856813558
167,367,1086.470499913914
367,167,1086.470499913914
167,368,564.1836410071883
368,167,564.1836410071883
167,369,466.8829357766165
369,167,466.8829357766165
167,371,892.6871838038287
371,167,892.6871838038287
168,202,304.78537301984704
202,168,304.78537301984704
168,238,463.6210819793015
238,168,463.6210819793015
168,253,943.4176869942285
253,168,943.4176869942285
168,286,740.9765041849355
286,168,740.9765041849355
168,287,1149.8909928693777
287,168,1149.8909928693777
168,467,785.4734024716468
467,168,785.4734024716468
168,470,862.2789520901435
470,168,862.2789520901435
169,198,562.245440199713
198,169,562.245440199713
169,254,655.5578939289425
254,169,655.5578939289425
169,262,1120.2880523058873
262,169,1120.2880523058873
169,327,877.2422002257728
327,169,877.2422002257728
170,171,413.4484334870926
171,170,413.4484334870926
170,284,535.5629966628999
284,170,535.5629966628999
170,296,807.9129776822554
296,170,807.9129776822554
170,320,689.6436351206198
320,170,689.6436351206198
170,468,892.6240827825034
468,170,892.6240827825034
171,279,833.9097473886526
279,171,833.9097473886526
171,284,889.9371786891865
284,171,889.9371786891865
171,296,456.84050554289615
296,171,456.84050554289615
171,320,409.0298037079694
320,171,409.0298037079694
172,173,183.83409455831105
173,172,183.83409455831105
172,263,459.525860651844
263,172,459.525860651844
172,264,364.7930058577774
264,172,364.7930058577774
173,263,427.24385907737104
263,173,427.24385907737104
173,264,408.14220851412915
264,173,408.14220851412915
174,216,824.1468451609187
216,174,824.1468451609187
174,249,527.8813561004418
249,174,527.8813561004418
174,366,717.6441230901323
366,174,717.6441230901323
174,367,788.7573887286447
367,174,788.7573887286447
174,368,894.8027893786569
368,174,894.8027893786569
175,177,525.7662203055667
177,175,525.7662203055667
175,180,453.4432085553363
180,175,453.4432085553363
175,243,307.14861206635777
243,175,307.14861206635777
176,178,546.2843027545056
178,176,546.2843027545056
176,243,329.5131286965994
243,176,329.5131286965994
177,180,393.5040775891905
180,177,393.5040775891905
177,192,433.64840927450547
192,177,433.64840927450547
177,243,416.15329689123615
243,177,416.15329689123615
178,261,484.15165660441113
261,178,484.15165660441113
179,198,875.3851753694986
198,179,875.3851753694986
179,213,231.1459038003867
213,179,231.1459038003867
180,192,521.6143753896022
192,180,521.6143753896022
181,182,1387.2743898166432
182,181,1387.2743898166432
181,231,1400.3486273855867
231,181,1400.3486273855867
181,248,1091.9270050098257
248,181,1091.9270050098257
181,313,789.3530784453545
313,181,789.3530784453545
181,328,1102.5030563639516
328,181,1102.5030563639516
181,374,800.3074788912879
374,181,800.3074788912879
181,376,1424.3212946418055
376,181,1424.3212946418055
181,379,853.0046922466792
379,181,853.0046922466792
182,244,1210.2624233713166
244,182,1210.2624233713166
182,248,1371.3928346282698
248,182,1371.3928346282698
182,312,1118.2233453514139
312,182,1118.2233453514139
182,369,1356.289139319148
369,182,1356.289139319148
182,371,437.6263982415405
371,182,437.6263982415405
182,373,1253.1236522621941
373,182,1253.1236522621941
182,374,587.0133101556497
374,182,587.0133101556497
183,251,953.9214445351058
251,183,953.9214445351058
183,259,823.6920724451631
259,183,823.6920724451631
184,258,608.3375031116419
258,184,608.3375031116419
184,325,845.0054529493341
325,184,845.0054529493341
184,398,1397.5046978293558
398,184,1397.5046978293558
184,400,1606.111228740245
400,184,1606.111228740245
184,401,1075.357727605911
401,184,1075.357727605911
184,406,980.0099132293553
406,184,980.0099132293553
184,409,1380.281264460198
409,184,1380.281264460198
184,410,1381.3267561642879
410,184,1381.3267561642879
185,328,1352.9252839796693
328,185,1352.9252839796693
185,352,1196.577683569539
352,185,1196.577683569539
185,379,829.1591543311329
379,185,829.1591543311329
185,382,1552.2314337610935
382,185,1552.2314337610935
185,384,1430.6196801127612
384,185,1430.6196801127612
185,385,283.54679154021005
385,185,283.54679154021005
185,386,969.9660266536398
386,185,969.9660266536398
185,395,1271.9151052941386
395,185,1271.9151052941386
186,189,512.4149158594416
189,186,512.4149158594416
186,251,1071.243002749875
251,186,1071.243002749875
186,252,836.1904020288395
252,186,836.1904020288395
187,188,419.84271015878545
188,187,419.84271015878545
187,190,575.198054517254
190,187,575.198054517254
187,257,1105.7842956339664
257,187,1105.7842956339664
187,316,1010.6185107644001
316,187,1010.6185107644001
187,337,1077.2528748258464
337,187,1077.2528748258464
187,366,1060.1094202734412
366,187,1060.1094202734412
188,190,770.6224900808514
190,188,770.6224900808514
188,257,801.0645350644049
257,188,801.0645350644049
188,316,598.7412860719027
316,188,598.7412860719027
188,337,1022.7892569911503
337,188,1022.7892569911503
188,366,823.5868822218836
366,188,823.5868822218836
188,367,1002.3266986245987
367,188,1002.3266986245987
189,251,1130.1339797762157
251,189,1130.1339797762157
189,252,1271.2949594953682
252,189,1271.2949594953682
189,337,1524.7306562905462
337,189,1524.7306562905462
189,339,1623.766468894975
339,189,1623.766468894975
190,199,981.5460351501777
199,190,981.5460351501777
190,366,865.552885946071
366,190,865.552885946071
191,310,404.1622392711
310,191,404.1622392711
191,327,832.182831007157
327,191,832.182831007157
194,200,767.8590000902084
200,194,767.8590000902084
194,282,906.5749301755193
282,194,906.5749301755193
194,286,850.9505171195353
286,194,850.9505171195353
195,196,1106.8614622288192
196,195,1106.8614622288192
195,254,848.5220353135118
254,195,848.5220353135118
195,262,444.69562543640296
262,195,444.69562543640296
195,327,920.581389246858
327,195,920.581389246858
195,345,959.7200705305703
345,195,959.7200705305703
195,348,1484.1469386076976
348,195,1484.1469386076976
196,262,946.2764376531665
262,196,946.2764376531665
196,319,1128.652485131972
319,196,1128.652485131972
196,348,942.3815750501967
348,196,942.3815750501967
196,349,1204.5614851296264
349,196,1204.5614851296264
196,350,1012.1413733177361
350,196,1012.1413733177361
197,253,824.3775010988295
253,197,824.3775010988295
197,282,844.2029639790609
282,197,844.2029639790609
197,342,1104.6943965004746
342,197,1104.6943965004746
197,343,1036.0705214791526
343,197,1036.0705214791526
197,344,1508.113960855901
344,197,1508.113960855901
197,472,989.4869796596168
472,197,989.4869796596168
197,473,972.723729357642
473,197,972.723729357642
197,564,303.21788078332645
564,197,303.21788078332645
198,213,646.8584741719604
213,198,646.8584741719604
198,254,925.3070319323853
254,198,925.3070319323853
198,323,577.3967056082523
323,198,577.3967056082523
199,250,780.7539739831374
250,199,780.7539739831374
200,286,460.4634916069288
286,200,460.4634916069288
200,287,452.3895113954406
287,200,452.3895113954406
200,468,900.1043590486132
468,200,900.1043590486132
201,277,585.0078144573556
277,201,585.0078144573556
201,290,803.1342516414229
290,201,803.1342516414229
201,301,334.23308560274813
301,201,334.23308560274813
201,306,507.5452834475704
306,201,507.5452834475704
201,309,556.1050394718214
309,201,556.1050394718214
201,311,944.4743994604241
311,201,944.4743994604241
201,317,347.1498511606456
317,201,347.1498511606456
201,326,675.2308943025923
326,201,675.2308943025923
202,238,399.250530304347
238,202,399.250530304347
202,286,916.0971900149273
286,202,916.0971900149273
202,465,817.7023138310049
465,202,817.7023138310049
202,467,581.8051072870851
467,202,581.8051072870851
202,470,784.9560965104786
470,202,784.9560965104786
203,204,832.02995144513
204,203,832.02995144513
203,205,697.4186061944953
205,203,697.4186061944953
203,284,628.5113921971943
284,203,628.5113921971943
203,292,839.7041857782399
292,203,839.7041857782399
203,304,450.73828035189797
304,203,450.73828035189797
204,205,684.7388581910037
205,204,684.7388581910037
204,265,637.7316543416352
265,204,637.7316543416352
204,308,583.0390867645616
308,204,583.0390867645616
205,265,468.1260805939871
265,205,468.1260805939871
205,304,449.5831700558001
304,205,449.5831700558001
206,209,615.8108089645675
209,206,615.8108089645675
206,276,929.0757229835339
276,206,929.0757229835339
207,209,490.5254447825791
209,207,490.5254447825791
207,210,790.0008845595502
210,207,790.0008845595502
207,236,930.0773279115338
236,207,930.0773279115338
207,295,671.062726527283
295,207,671.062726527283
207,307,805.2504856138005
307,207,805.2504856138005
207,324,484.2949738260028
324,207,484.2949738260028
208,210,693.3303344647113
210,208,693.3303344647113
208,229,877.0862225775896
229,208,877.0862225775896
208,237,1241.2854248889184
237,208,1241.2854248889184
208,285,325.1069548408545
285,208,325.1069548408545
208,307,754.206377641933
307,208,754.206377641933
208,455,784.1017895532474
455,208,784.1017895532474
208,456,656.4830452022952
456,208,656.4830452022952
209,210,576.5248029158925
210,209,576.5248029158925
209,307,814.5628231647539
307,209,814.5628231647539
209,324,864.1118107872361
324,209,864.1118107872361
210,229,812.6549416625046
229,210,812.6549416625046
210,236,727.3172333844406
236,210,727.3172333844406
210,285,715.2881707780988
285,210,715.2881707780988
210,307,369.91241399020794
307,210,369.91241399020794
211,219,825.8490300534198
219,211,825.8490300534198
211,224,423.0127597266245
224,211,423.0127597266245
211,228,1384.936190476978
228,211,1384.936190476978
211,230,798.4604740352446
230,211,798.4604740352446
211,232,873.534293560389
232,211,873.534293560389
211,270,475.4939595358581
270,211,475.4939595358581
211,283,354.18232230718036
283,211,354.18232230718036
211,289,597.4895820710852
289,211,597.4895820710852
211,300,872.5567777669002
300,211,872.5567777669002
211,429,1164.7923464195037
429,211,1164.7923464195037
212,219,868.5795411171242
219,212,868.5795411171242
212,233,585.9268967194466
233,212,585.9268967194466
212,235,499.64294288094516
235,212,499.64294288094516
212,276,660.5767987346525
276,212,660.5767987346525
212,280,416.68802258674236
280,212,416.68802258674236
212,281,191.47359333516852
281,212,191.47359333516852
212,289,992.9963969760125
289,212,992.9963969760125
213,323,832.8843821800908
323,213,832.8843821800908
214,217,688.6797461345878
217,214,688.6797461345878
214,225,657.7053127582147
225,214,657.7053127582147
214,269,523.6688980339767
269,214,523.6688980339767
214,270,846.714878556435
270,214,846.714878556435
214,274,442.53294702258876
274,214,442.53294702258876
214,291,744.3310866362058
291,214,744.3310866362058
214,295,835.6650575944495
295,214,835.6650575944495
214,303,623.1967802725611
303,214,623.1967802725611
215,268,327.09445266782757
268,215,327.09445266782757
215,278,635.7455612469337
278,215,635.7455612469337
215,334,467.81890304514826
334,215,467.81890304514826
215,335,709.4154674214526
335,215,709.4154674214526
216,242,710.4664523419275
242,216,710.4664523419275
216,249,537.8614204735599
249,216,537.8614204735599
216,370,1377.6166086493074
370,216,1377.6166086493074
217,221,720.9778957271498
221,217,720.9778957271498
217,222,813.3151562494111
222,217,813.3151562494111
217,223,770.864510082219
223,217,770.864510082219
217,225,766.7629818811156
225,217,766.7629818811156
217,274,246.52512685114624
274,217,246.52512685114624
217,275,750.8572271550487
275,217,750.8572271550487
217,291,416.02010349805374
291,217,416.02010349805374
217,293,443.53873155991425
293,217,443.53873155991425
217,303,836.8443627966964
303,217,836.8443627966964
217,321,831.2494465331616
321,217,831.2494465331616
218,221,784.3350105709237
221,218,784.3350105709237
218,222,585.835177274568
222,218,585.835177274568
218,288,452.4150946276114
288,218,452.4150946276114
218,293,846.9353984774639
293,218,846.9353984774639
218,436,986.7006566654579
436,218,986.7006566654579
218,438,678.9036741109421
438,218,678.9036741109421
218,441,432.0938864946769
441,218,432.0938864946769
218,444,838.2403101591855
444,218,838.2403101591855
218,445,601.4481770311697
445,218,601.4481770311697
219,224,850.0495840926698
224,219,850.0495840926698
219,233,526.4007622312456
233,219,526.4007622312456
219,235,397.27188178071646
235,219,397.27188178071646
219,281,749.8108084603608
281,219,749.8108084603608
219,283,474.73109038134555
283,219,474.73109038134555
219,289,571.4788374750375
289,219,571.4788374750375
219,295,822.9991454353355
295,219,822.9991454353355
220,259,829.6449231584767
259,220,829.6449231584767
221,222,672.708221266076
222,221,672.708221266076
221,274,886.0402684542075
274,221,886.0402684542075
221,288,456.8382133413255
288,221,456.8382133413255
221,293,427.8560976074354
293,221,427.8560976074354
221,303,958.9664993753876
303,221,958.9664993753876
221,321,454.0406948558301
321,221,454.0406948558301
221,428,948.1401587520605
428,221,948.1401587520605
222,275,824.5673589002087
275,222,824.5673589002087
222,288,722.199363107156
288,222,722.199363107156
222,293,415.2843424559524
293,222,415.2843424559524
222,441,876.4901245860377
441,222,876.4901245860377
222,444,945.2636128723875
444,222,945.2636128723875
222,445,588.2751496736047
445,222,588.2751496736047
222,449,909.3029039506314
449,222,909.3029039506314
223,225,445.4050321550451
225,223,445.4050321550451
223,236,628.1199343857406
236,223,628.1199343857406
223,274,786.6410519426448
274,223,786.6410519426448
223,275,461.6334698302034
275,223,461.6334698302034
223,291,360.52255982882235
291,223,360.52255982882235
223,295,793.5909356716794
295,223,793.5909356716794
223,324,620.6280657262859
324,223,620.6280657262859
223,449,1005.4383789337894
449,223,1005.4383789337894
224,228,1000.7725995263398
228,224,1000.7725995263398
224,230,775.0603414061478
230,224,775.0603414061478
224,233,747.4368646543435
233,224,747.4368646543435
224,235,909.1458915098403
235,224,909.1458915098403
224,270,804.2231167366178
270,224,804.2231167366178
224,283,523.9663706142542
283,224,523.9663706142542
224,289,347.55355548509084
289,224,347.55355548509084
224,300,1035.866854153044
300,224,1035.866854153044
224,429,1179.1018033668486
429,224,1179.1018033668486
225,236,929.4791851470552
236,225,929.4791851470552
225,269,402.47516681535427
269,225,402.47516681535427
225,274,640.3610090562358
274,225,640.3610090562358
225,275,859.2892642434438
275,225,859.2892642434438
225,291,440.10176804932286
291,225,440.10176804932286
225,295,427.824542079444
295,225,427.824542079444
225,324,597.7249365897238
324,225,597.7249365897238
226,227,1306.1743042891267
227,226,1306.1743042891267
226,299,1260.021105846436
299,226,1260.021105846436
226,322,625.4718391198996
322,226,625.4718391198996
226,381,951.213489594861
381,226,951.213489594861
226,383,672.8636498323825
383,226,672.8636498323825
226,388,470.9197535244528
388,226,470.9197535244528
226,389,1024.866069929245
389,226,1024.866069929245
227,299,499.4656513190082
299,227,499.4656513190082
227,305,829.353450643201
305,227,829.353450643201
227,322,754.5970776028153
322,227,754.5970776028153
227,328,1205.950255092023
328,227,1205.950255092023
227,381,1121.1544620210427
381,227,1121.1544620210427
227,382,586.0039438186802
382,227,586.0039438186802
227,383,954.6472081019002
383,227,954.6472081019002
227,384,426.41461964154604
384,227,426.41461964154604
227,386,1029.1393701312927
386,227,1029.1393701312927
227,387,506.1711455370766
387,227,506.1711455370766
227,388,1110.360813279795
388,227,1110.360813279795
227,389,1058.2554326322675
389,227,1058.2554326322675
228,230,1073.0677144901802
230,228,1073.0677144901802
228,233,1343.2162776950395
233,228,1343.2162776950395
228,283,1516.0910459431473
283,228,1516.0910459431473
228,289,1157.3222303521693
289,228,1157.3222303521693
228,300,1497.3369188711094
300,228,1497.3369188711094
228,429,1302.8451383802221
429,228,1302.8451383802221
229,296,502.79111095233276
296,229,502.79111095233276
230,232,739.0523646460933
232,230,739.0523646460933
230,270,658.9640274163606
270,230,658.9640274163606
230,272,1029.7319259606259
272,230,1029.7319259606259
230,300,424.2781359557142
300,230,424.2781359557142
230,429,404.05800981435243
429,230,404.05800981435243
231,245,623.792905087053
245,231,623.792905087053
231,248,951.339582276028
248,231,951.339582276028
231,313,610.9984507088091
313,231,610.9984507088091
231,328,964.6395165499257
328,231,964.6395165499257
231,377,512.8141233283513
377,231,512.8141233283513
231,380,730.0514025174402
380,231,730.0514025174402
231,382,1174.6840125452516
382,231,1174.6840125452516
232,270,399.80121015147546
270,232,399.80121015147546
232,271,1056.7270734394608
271,232,1056.7270734394608
232,272,553.5205899342961
272,232,553.5205899342961
232,300,351.785116365125
300,232,351.785116365125
232,302,932.5089993052941
302,232,932.5089993052941
232,303,735.7247013802295
303,232,735.7247013802295
232,429,780.7861190262364
429,232,780.7861190262364
233,235,236.02538208461314
235,233,236.02538208461314
233,281,593.1323343645299
281,233,593.1323343645299
233,283,732.5833547359746
283,233,732.5833547359746
233,289,407.44747126436727
289,233,407.44747126436727
234,298,519.2550152635251
298,234,519.2550152635251
234,318,1321.316898435476
318,234,1321.316898435476
234,359,753.3845043125738
359,234,753.3845043125738
234,565,548.7353473066253
565,234,548.7353473066253
235,280,863.7144913647431
280,235,863.7144913647431
235,281,434.50868672582084
281,235,434.50868672582084
235,283,751.893554929816
283,235,751.893554929816
235,289,562.4569866005644
289,235,562.4569866005644
236,275,831.9824492787999
275,236,831.9824492787999
236,285,735.9221047263527
285,236,735.9221047263527
236,307,358.74128452251483
307,236,358.74128452251483
236,324,558.5077797252612
324,236,558.5077797252612
236,449,1077.4655629927006
449,236,1077.4655629927006
236,455,734.6417339433231
455,236,734.6417339433231
236,456,1120.6522804768128
456,236,1120.6522804768128
237,287,1313.5943350183024
287,237,1313.5943350183024
237,461,1377.075843429058
461,237,1377.075843429058
237,464,1337.3433486587983
464,237,1337.3433486587983
237,465,1124.2802237230896
465,237,1124.2802237230896
237,467,746.7190538587258
467,237,746.7190538587258
237,468,1017.4778290241337
468,237,1017.4778290241337
238,253,854.2965698762637
253,238,854.2965698762637
238,267,936.2599609061231
267,238,936.2599609061231
238,465,954.5677353463544
465,238,954.5677353463544
238,467,962.5020098664836
467,238,962.5020098664836
238,469,1112.3494861935537
469,238,1112.3494861935537
238,470,405.87530926072134
470,238,405.87530926072134
238,472,1155.4500366931695
472,238,1155.4500366931695
238,474,813.9513227771286
474,238,813.9513227771286
239,267,895.3242987736006
267,239,895.3242987736006
239,459,1613.5730383268285
459,239,1613.5730383268285
239,460,1135.2833998088317
460,239,1135.2833998088317
239,461,1278.5786905016732
461,239,1278.5786905016732
239,462,1321.866127988181
462,239,1321.866127988181
239,463,984.855746879201
463,239,984.855746879201
239,464,609.1939753612678
464,239,609.1939753612678
239,465,901.5730562571181
465,239,901.5730562571181
239,466,850.8257483682186
466,239,850.8257483682186
239,562,1744.7204087298283
562,239,1744.7204087298283
240,252,752.2732037597668
252,240,752.2732037597668
240,294,279.4173555832537
294,240,279.4173555832537
240,297,698.3006124439657
297,240,698.3006124439657
240,319,316.0530370201104
319,240,316.0530370201104
240,349,1417.480777754052
349,240,1417.480777754052
240,350,378.3093260173111
350,240,378.3093260173111
240,398,1347.1253769751324
398,240,1347.1253769751324
241,255,540.655698473028
255,241,540.655698473028
241,256,418.20241612187414
256,241,418.20241612187414
241,257,1275.9734564315245
257,241,1275.9734564315245
241,316,1239.5224846030744
316,241,1239.5224846030744
241,338,941.0936440932393
338,241,941.0936440932393
241,369,1170.4657667250829
369,241,1170.4657667250829
241,372,907.6224740332203
372,241,907.6224740332203
241,373,1507.2605260668947
373,241,1507.2605260668947
241,506,1693.1975749005035
506,241,1693.1975749005035
241,507,577.290025194669
507,241,577.290025194669
242,249,749.2189047911631
249,242,749.2189047911631
242,312,653.746652326667
312,242,653.746652326667
242,370,674.3798170252542
370,242,674.3798170252542
244,248,722.4865951641098
248,244,722.4865951641098
244,312,1300.7536381068726
312,244,1300.7536381068726
244,313,1460.2693052832553
313,244,1460.2693052832553
244,370,932.411796060206
370,244,932.411796060206
244,374,1239.287439296717
374,244,1239.287439296717
244,377,1295.1834470729204
377,244,1295.1834470729204
245,299,1123.5579744067863
299,245,1123.5579744067863
245,313,1234.1149212601877
313,245,1234.1149212601877
245,377,669.3942285313777
377,245,669.3942285313777
245,380,411.10542167735446
380,245,411.10542167735446
245,381,883.5571272148197
381,245,883.5571272148197
245,383,1194.1460724985498
383,245,1194.1460724985498
246,266,651.3441933270097
266,246,651.3441933270097
246,268,866.0115659072067
268,246,866.0115659072067
246,278,568.334473913587
278,246,568.334473913587
247,333,870.6114432630702
333,247,870.6114432630702
247,360,932.0976127247949
360,247,932.0976127247949
247,527,737.5961214444227
527,247,737.5961214444227
247,534,1206.5997593337725
534,247,1206.5997593337725
247,535,843.3970447573124
535,247,843.3970447573124
247,536,1034.4322559394739
536,247,1034.4322559394739
247,539,1348.6126772631162
539,247,1348.6126772631162
247,544,1903.8886326966979
544,247,1903.8886326966979
248,313,738.9182048702089
313,248,738.9182048702089
248,374,1063.4308302277157
374,248,1063.4308302277157
248,377,837.5546525041404
377,248,837.5546525041404
249,312,888.2359738088793
312,249,888.2359738088793
249,368,954.7695496181783
368,249,954.7695496181783
249,370,1370.5585165234947
370,249,1370.5585165234947
250,315,426.5271375729386
315,250,426.5271375729386
250,341,602.1214345901528
341,250,602.1214345901528
251,252,929.6560605609224
252,251,929.6560605609224
251,259,887.4889422222396
259,251,887.4889422222396
252,294,575.5009726949081
294,252,575.5009726949081
252,297,877.2502113689858
297,252,877.2502113689858
252,319,896.0211183377796
319,252,896.0211183377796
253,470,874.1086542749466
470,253,874.1086542749466
253,471,1610.3626268310952
471,253,1610.3626268310952
253,472,672.8110183479968
472,253,672.8110183479968
253,473,1314.8557785937012
473,253,1314.8557785937012
253,474,767.6341449249504
474,253,767.6341449249504
253,564,1121.2628597076737
564,253,1121.2628597076737
254,262,472.2479990289633
262,254,472.2479990289633
254,327,552.2517663485052
327,254,552.2517663485052
255,256,487.3572552037336
256,255,487.3572552037336
255,257,1140.9510218710614
257,255,1140.9510218710614
255,316,900.1372911021366
316,255,900.1372911021366
255,338,1216.8017056181493
338,255,1216.8017056181493
255,367,998.3224859700329
367,255,998.3224859700329
255,368,896.3004918412934
368,255,896.3004918412934
255,369,728.136156318445
369,255,728.136156318445
255,372,1292.2858290246015
372,255,1292.2858290246015
255,507,1116.5843677357445
507,255,1116.5843677357445
256,257,859.1995706168505
257,256,859.1995706168505
256,316,854.7685053870282
316,256,854.7685053870282
256,337,1487.0348383728037
337,256,1487.0348383728037
256,338,729.4449574818509
338,256,729.4449574818509
256,367,1305.008791157634
367,256,1305.008791157634
256,369,1215.362126586256
369,256,1215.362126586256
256,372,1325.1835616072542
372,256,1325.1835616072542
256,507,843.3255616162448
507,256,843.3255616162448
257,316,498.7825476298468
316,257,498.7825476298468
257,337,673.4671842384682
337,257,673.4671842384682
257,338,885.7131284670363
338,257,885.7131284670363
257,339,1208.9218828345222
339,257,1208.9218828345222
257,507,1577.617461759614
507,257,1577.617461759614
258,325,1055.0862155975224
325,258,1055.0862155975224
258,406,833.8910497781853
406,258,833.8910497781853
258,408,1468.9867340684023
408,258,1468.9867340684023
258,409,977.0726640661403
409,258,977.0726640661403
258,410,773.0618339008703
410,258,773.0618339008703
260,263,240.50197203108388
263,260,240.50197203108388
260,264,356.62647759596086
264,260,356.62647759596086
260,566,315.63885228957224
566,260,315.63885228957224
261,565,564.5961457980874
565,261,564.5961457980874
261,566,455.5137001312401
566,261,455.5137001312401
262,327,790.2536908485666
327,262,790.2536908485666
262,345,1346.2778082883622
345,262,1346.2778082883622
263,264,180.08200860431916
264,263,180.08200860431916
266,268,601.6256860915344
268,266,601.6256860915344
266,278,529.2269771794911
278,266,529.2269771794911
267,462,1693.595396246764
462,267,1693.595396246764
267,464,1260.287545955678
464,267,1260.287545955678
267,465,983.7505766333172
465,267,983.7505766333172
267,466,743.8561217085872
466,267,743.8561217085872
267,469,544.1192475309414
469,267,544.1192475309414
267,470,637.9988848206659
470,267,637.9988848206659
267,471,1528.058446066283
471,267,1528.058446066283
267,474,853.3318769245161
474,267,853.3318769245161
267,562,1719.4195999198087
562,267,1719.4195999198087
268,278,309.52369568817846
278,268,309.52369568817846
269,274,771.6639934680983
274,269,771.6639934680983
269,283,779.4645966793885
283,269,779.4645966793885
269,291,780.2424040358085
291,269,780.2424040358085
269,295,323.1776292183514
295,269,323.1776292183514
269,324,802.5144609143529
324,269,802.5144609143529
270,272,947.6497089279711
272,270,947.6497089279711
270,283,799.740208082822
283,270,799.740208082822
270,300,495.32736749693646
300,270,495.32736749693646
270,303,861.4005154729892
303,270,861.4005154729892
270,429,897.412166985786
429,270,897.412166985786
271,272,504.6611375637377
272,271,504.6611375637377
271,300,1067.9207344955705
300,271,1067.9207344955705
271,302,901.1017399028607
302,271,901.1017399028607
271,422,1266.861031005647
422,271,1266.861031005647
271,423,881.9734281010543
423,271,881.9734281010543
271,424,971.2559408505048
424,271,971.2559408505048
271,425,634.3408276125468
425,271,634.3408276125468
271,426,1337.0000175504179
426,271,1337.0000175504179
271,427,686.7535989914303
427,271,686.7535989914303
271,429,1092.4815071905757
429,271,1092.4815071905757
272,300,630.2004351606006
300,272,630.2004351606006
272,302,721.2134404403294
302,272,721.2134404403294
272,303,985.24680902949
303,272,985.24680902949
272,423,1288.7761299231192
423,272,1288.7761299231192
272,425,1138.6119697692131
425,272,1138.6119697692131
272,427,834.8055925544775
427,272,834.8055925544775
272,429,823.5473133067666
429,272,823.5473133067666
273,276,490.7189163320182
276,273,490.7189163320182
273,277,287.5325037545469
277,273,287.5325037545469
273,280,608.521661945879
280,273,608.521661945879
273,309,772.6509625491439
309,273,772.6509625491439
273,311,523.0069931959034
311,273,523.0069931959034
274,291,437.59547372196454
291,274,437.59547372196454
274,293,679.0426656498156
293,274,679.0426656498156
274,303,702.3636025616372
303,274,702.3636025616372
274,321,875.4971042269593
321,274,875.4971042269593
275,291,520.2804844147308
291,275,520.2804844147308
275,293,814.2804520162457
293,275,814.2804520162457
275,449,590.9456147909557
449,275,590.9456147909557
275,455,1085.3203404748294
455,275,1085.3203404748294
276,277,773.4621844143426
277,276,773.4621844143426
276,280,293.0157501707881
280,276,293.0157501707881
276,281,600.5906006249558
281,276,600.5906006249558
276,311,868.9036169575382
311,276,868.9036169575382
277,301,838.6302176045169
301,277,838.6302176045169
277,306,857.4957008116795
306,277,857.4957008116795
277,309,604.6348854879271
309,277,604.6348854879271
277,311,528.6608626232838
311,277,528.6608626232838
279,304,797.4909794213737
304,279,797.4909794213737
279,309,682.6499795561313
309,279,682.6499795561313
279,320,425.49308433586344
320,279,425.49308433586344
279,326,396.3537299597585
326,279,396.3537299597585
280,281,431.9316703520087
281,280,431.9316703520087
280,311,799.1868286433116
311,280,799.1868286433116
281,289,983.007696801877
289,281,983.007696801877
282,343,500.7946912003718
343,282,500.7946912003718
282,564,829.5194187959152
564,282,829.5194187959152
283,289,455.5645630275002
289,283,455.5645630275002
284,292,873.9209984569972
292,284,873.9209984569972
284,304,823.0463350962682
304,284,823.0463350962682
285,307,606.1570880678403
307,285,606.1570880678403
285,454,1291.3535159048718
454,285,1291.3535159048718
285,455,475.9069981165102
455,285,475.9069981165102
285,456,514.2409202988042
456,285,514.2409202988042
286,287,455.8842591026285
287,286,455.8842591026285
286,467,948.3832803558412
467,286,948.3832803558412
286,468,856.1995341877438
468,286,856.1995341877438
287,467,1074.1229137704163
467,287,1074.1229137704163
287,468,460.46131821721156
468,287,460.46131821721156
288,293,739.1764798942911
293,288,739.1764798942911
288,321,807.5526215802222
321,288,807.5526215802222
288,428,837.2401796505051
428,288,837.2401796505051
288,436,971.0776994034204
436,288,971.0776994034204
288,438,1006.2156033090441
438,288,1006.2156033090441
288,441,863.1546585516795
441,288,863.1546585516795
290,301,607.6472556009076
301,290,607.6472556009076
290,306,791.7380762870499
306,290,791.7380762870499
290,317,534.5616455461629
317,290,534.5616455461629
291,293,756.6718298275403
293,291,756.6718298275403
292,310,699.0409165285246
310,292,699.0409165285246
293,321,770.727865605029
321,293,770.727865605029
293,445,1002.9984086474367
445,293,1002.9984086474367
294,297,859.2147059751478
297,294,859.2147059751478
294,319,320.6814502892399
319,294,320.6814502892399
294,350,652.0704431105703
350,294,652.0704431105703
294,398,1168.3078815665547
398,294,1168.3078815665547
295,324,528.7021488890877
324,295,528.7021488890877
296,320,708.7028014112299
320,296,708.7028014112299
297,319,1014.3157409130944
319,297,1014.3157409130944
297,350,530.0508422366224
350,297,530.0508422366224
298,359,444.263473573764
359,298,444.263473573764
298,565,197.71260728314033
565,298,197.71260728314033
298,566,541.2808023961067
566,298,541.2808023961067
299,322,910.0383312627017
322,299,910.0383312627017
299,328,1056.7180745247497
328,299,1056.7180745247497
299,380,715.3379046716349
380,299,715.3379046716349
299,381,721.172377092512
381,299,721.172377092512
299,382,515.5076177812049
382,299,515.5076177812049
299,383,687.8269402066495
383,299,687.8269402066495
299,384,807.3337103690257
384,299,807.3337103690257
299,387,994.4597646561137
387,299,994.4597646561137
299,388,1249.7235558591237
388,299,1249.7235558591237
300,429,440.8345060855764
429,300,440.8345060855764
301,306,255.92765394697975
306,301,255.92765394697975
301,317,412.25752215416543
317,301,412.25752215416543
302,303,703.5731906422471
303,302,703.5731906422471
302,321,680.986283969934
321,302,680.986283969934
302,424,1136.9500046832027
424,302,1136.9500046832027
302,426,939.8659711400624
426,302,939.8659711400624
302,427,513.4654419683545
427,302,513.4654419683545
302,428,950.036313736856
428,302,950.036313736856
303,321,604.9507196366135
321,303,604.9507196366135
305,384,617.7202458296988
384,305,617.7202458296988
305,385,1311.5401056119467
385,305,1311.5401056119467
305,386,624.8945615790755
386,305,624.8945615790755
305,387,327.4117440792824
387,305,327.4117440792824
305,389,1083.0566853100565
389,305,1083.0566853100565
305,390,406.3117630178171
390,305,406.3117630178171
305,391,988.7506085411068
391,305,988.7506085411068
305,392,1239.4804224794145
392,305,1239.4804224794145
305,394,1547.769226222785
394,305,1547.769226222785
305,395,1116.9996697724282
395,305,1116.9996697724282
306,311,932.0087418489927
311,306,932.0087418489927
306,317,666.7378189650664
317,306,666.7378189650664
307,324,629.9437332194093
324,307,629.9437332194093
307,455,832.9573446734325
455,307,832.9573446734325
307,456,1094.9876682141612
456,307,1094.9876682141612
308,334,711.2621493459097
334,308,711.2621493459097
309,317,665.8399331122699
317,309,665.8399331122699
309,326,503.02937145380326
326,309,503.02937145380326
312,369,1200.7492998996306
369,312,1200.7492998996306
312,370,765.2164122880979
370,312,765.2164122880979
312,371,1168.2983792428367
371,312,1168.2983792428367
313,328,758.1046270593064
328,313,758.1046270593064
313,374,1293.3604139417228
374,313,1293.3604139417228
313,377,935.4021466103209
377,313,935.4021466103209
313,379,1258.4658739512354
379,313,1258.4658739512354
313,382,1264.477434035034
382,313,1264.477434035034
314,563,576.9621010058524
563,314,576.9621010058524
315,318,1378.6558897375053
318,315,1378.6558897375053
315,341,381.6141975685072
341,315,381.6141975685072
316,337,1087.5440600151082
337,316,1087.5440600151082
316,366,945.3116898120584
366,316,945.3116898120584
316,367,807.1897135609623
367,316,807.1897135609623
317,326,494.99454943925474
326,317,494.99454943925474
318,565,1570.5981787756418
565,318,1570.5981787756418
319,348,1398.9251730802262
348,319,1398.9251730802262
319,349,1125.1956600782808
349,319,1125.1956600782808
319,350,630.8324395494647
350,319,630.8324395494647
319,398,1054.140279920738
398,319,1054.140279920738
320,326,818.9864047809068
326,320,818.9864047809068
321,426,1194.7264894630057
426,321,1194.7264894630057
321,427,1114.7588001406348
427,321,1114.7588001406348
321,428,844.2488360469403
428,321,844.2488360469403
322,381,1021.4695176559479
381,322,1021.4695176559479
322,383,703.938920160015
383,322,703.938920160015
322,387,1020.4152697631537
387,322,1020.4152697631537
322,388,359.8883492670068
388,322,359.8883492670068
322,389,590.8983358378168
389,322,590.8983358378168
325,399,1662.0329541630872
399,325,1662.0329541630872
325,400,1404.032423837307
400,325,1404.032423837307
325,401,847.4962440112804
401,325,847.4962440112804
325,402,1653.3514378044842
402,325,1653.3514378044842
325,403,799.2296453588743
403,325,799.2296453588743
325,404,1843.5742678181093
404,325,1843.5742678181093
325,405,1049.4220209628095
405,325,1049.4220209628095
325,406,546.1418657980923
406,325,546.1418657980923
325,407,1994.3483932235702
407,325,1994.3483932235702
325,408,1192.263087440506
408,325,1192.263087440506
325,409,1109.3458654013896
409,325,1109.3458654013896
325,410,1631.318498246339
410,325,1631.318498246339
328,377,1464.7143300335945
377,328,1464.7143300335945
328,379,951.7365489539558
379,328,951.7365489539558
328,382,623.9402916422857
382,328,623.9402916422857
328,384,1061.7174588670955
384,328,1061.7174588670955
328,385,1314.5297563324084
385,328,1314.5297563324084
329,332,798.6145262059115
332,329,798.6145262059115
329,333,1098.7646779811923
333,329,1098.7646779811923
329,392,1409.7799907467509
392,329,1409.7799907467509
330,331,1011.7955162437553
331,330,1011.7955162437553
330,396,387.9144030633769
396,330,387.9144030633769
330,411,892.5859679591878
411,330,892.5859679591878
330,412,1031.6272192405042
412,330,1031.6272192405042
330,413,916.2285200672271
413,330,916.2285200672271
330,430,707.6146655959669
430,330,707.6146655959669
330,431,1403.3430457623726
431,330,1403.3430457623726
330,475,1123.0281275504128
475,330,1123.0281275504128
330,476,736.6894899442378
476,330,736.6894899442378
330,477,382.0357416144708
477,330,382.0357416144708
330,479,564.0660977293696
479,330,564.0660977293696
330,480,610.2990418165739
480,330,610.2990418165739
330,481,871.419882487243
481,330,871.419882487243
330,482,1213.4987816268324
482,330,1213.4987816268324
330,484,686.6572859996969
484,330,686.6572859996969
330,485,1146.6511087788108
485,330,1146.6511087788108
331,396,987.5320532879556
396,331,987.5320532879556
331,411,386.9343599173128
411,331,386.9343599173128
331,413,1070.9180243623398
413,331,1070.9180243623398
331,415,1065.8385222819861
415,331,1065.8385222819861
331,480,784.9159329884309
480,331,784.9159329884309
331,481,1157.374299267248
481,331,1157.374299267248
331,482,1180.879344789608
482,331,1180.879344789608
331,484,382.1159509494086
484,331,382.1159509494086
332,361,1656.4212529720357
361,332,1656.4212529720357
332,363,2309.9655228862684
363,332,2309.9655228862684
332,364,1445.3625009587636
364,332,1445.3625009587636
333,360,1364.6726066066083
360,333,1364.6726066066083
333,365,1536.6489096494256
365,333,1536.6489096494256
333,527,1121.8627476612862
527,333,1121.8627476612862
334,335,364.50158957396985
335,334,364.50158957396985
334,336,624.2109721466867
336,334,624.2109721466867
335,336,464.48111635915933
336,335,464.48111635915933
335,563,503.68495414128006
563,335,503.68495414128006
337,338,1222.0678985804946
338,337,1222.0678985804946
337,339,728.8778628175688
339,337,728.8778628175688
337,340,1666.9759747032233
340,337,1666.9759747032233
338,339,1238.1490988767853
339,338,1238.1490988767853
338,340,1188.4862764291456
340,338,1188.4862764291456
338,505,1901.4902647818274
505,338,1901.4902647818274
338,506,1131.0978014385591
506,338,1131.0978014385591
338,507,891.6597416008103
507,338,891.6597416008103
339,340,1084.284875405031
340,339,1084.284875405031
339,410,1637.4404397134954
410,339,1637.4404397134954
339,505,2000.135507707513
505,339,2000.135507707513
340,410,1766.5470104892647
410,340,1766.5470104892647
340,505,929.0892281118337
505,340,929.0892281118337
340,506,835.5349265170435
506,340,835.5349265170435
340,507,1759.6179605610357
507,340,1759.6179605610357
342,344,764.977754443722
344,342,764.977754443722
342,346,1207.8890165887703
346,342,1207.8890165887703
342,347,1470.1138266755224
347,342,1470.1138266755224
342,472,1592.0774960905674
472,342,1592.0774960905674
342,473,844.8756236594643
473,342,844.8756236594643
342,478,1420.3669318259622
478,342,1420.3669318259622
342,564,951.292802010528
564,342,951.292802010528
343,344,1536.6227085861956
344,343,1536.6227085861956
343,345,1001.5654134574382
345,343,1001.5654134574382
343,564,864.0940889545138
564,343,864.0940889545138
344,345,1060.7500403386803
345,344,1060.7500403386803
344,346,717.7604199785984
346,344,717.7604199785984
344,347,705.1401764513688
347,344,705.1401764513688
344,473,1594.5155033153974
473,344,1594.5155033153974
344,478,1392.5403041180532
478,344,1392.5403041180532
344,564,1235.6843986609972
564,344,1235.6843986609972
345,346,1592.6668138301452
346,345,1592.6668138301452
345,347,872.384028019181
347,345,872.384028019181
345,348,1093.0487994060975
348,345,1093.0487994060975
345,564,1398.0116320809984
564,345,1398.0116320809984
346,347,828.467750303035
347,346,828.467750303035
346,397,1229.2839377386777
397,346,1229.2839377386777
346,478,880.0677644601394
478,346,880.0677644601394
346,487,1673.5633741066924
487,346,1673.5633741066924
346,492,1249.2442128141613
492,346,1249.2442128141613
347,348,990.0626191451507
348,347,990.0626191451507
347,349,1352.767989494604
349,347,1352.767989494604
347,397,1400.1531509587435
397,347,1400.1531509587435
347,478,1706.6556171194675
478,347,1706.6556171194675
348,349,560.9711852281525
349,348,560.9711852281525
348,398,1482.0040658288456
398,348,1482.0040658288456
348,400,1620.8643042645758
400,348,1620.8643042645758
349,397,1530.9184976080096
397,349,1530.9184976080096
349,398,928.4195998142418
398,349,928.4195998142418
349,400,1123.986271679811
400,349,1123.986271679811
349,401,1583.0539687352473
401,349,1583.0539687352473
351,352,1258.7686483851292
352,351,1258.7686483851292
351,353,990.0304855244049
353,351,990.0304855244049
351,375,701.575273786256
375,351,701.575273786256
351,376,1282.0969647641637
376,351,1282.0969647641637
351,512,1187.8328925725816
512,351,1187.8328925725816
351,515,1022.1005718733539
515,351,1022.1005718733539
351,518,1131.7613861557872
518,351,1131.7613861557872
351,549,1589.518837875379
549,351,1589.518837875379
352,353,1009.8321149634206
353,352,1009.8321149634206
352,355,1680.564401830863
355,352,1680.564401830863
352,376,1594.2861338373893
376,352,1594.2861338373893
352,379,1490.5815045449533
379,352,1490.5815045449533
352,385,1442.12552946767
385,352,1442.12552946767
352,549,1278.2352118197032
549,352,1278.2352118197032
353,354,1506.8359338750026
354,353,1506.8359338750026
353,515,1258.402130707965
515,353,1258.402130707965
353,517,1611.5788586939768
517,353,1611.5788586939768
353,518,848.4362972886488
518,353,848.4362972886488
353,521,1333.4800764464617
521,353,1333.4800764464617
353,549,599.4897049833448
549,353,599.4897049833448
354,355,1235.8278740412538
355,354,1235.8278740412538
354,356,1147.4675291997648
356,354,1147.4675291997648
354,357,1764.5102376337434
357,354,1764.5102376337434
354,521,912.6997652828132
521,354,912.6997652828132
354,522,1676.8202052903762
522,354,1676.8202052903762
354,523,917.5641810001343
523,354,917.5641810001343
354,524,2001.196009167369
524,354,2001.196009167369
354,525,1350.4415514013388
525,354,1350.4415514013388
354,526,1871.428428611999
526,354,1871.428428611999
354,549,907.3553017599487
549,354,907.3553017599487
355,356,1738.091260486142
356,355,1738.091260486142
355,357,1206.2797775734489
357,355,1206.2797775734489
355,385,1878.9249458879647
385,355,1878.9249458879647
355,394,1144.5668867252589
394,355,1144.5668867252589
355,395,1435.9078559190743
395,355,1435.9078559190743
355,549,1503.7430186136971
549,355,1503.7430186136971
356,357,1361.8080485638254
357,356,1361.8080485638254
356,521,1767.0559709004683
521,356,1767.0559709004683
356,523,1068.6249595524653
523,356,1068.6249595524653
356,524,1613.935574581726
524,356,1613.935574581726
356,525,690.176651942685
525,356,690.176651942685
356,526,869.4415093740132
526,356,869.4415093740132
357,358,1025.6761071571266
358,357,1025.6761071571266
357,394,1572.0375934036183
394,357,1572.0375934036183
357,525,2051.984516193873
525,357,2051.984516193873
357,526,995.0617394536064
526,357,995.0617394536064
357,529,1684.380368929116
529,357,1684.380368929116
357,530,1401.8696156836945
530,357,1401.8696156836945
358,365,992.0631383570137
365,358,992.0631383570137
358,393,1307.5160217016107
393,358,1307.5160217016107
358,394,1622.4189232491472
394,358,1622.4189232491472
358,526,1705.464100113578
526,358,1705.464100113578
358,528,1166.7614812392833
528,358,1166.7614812392833
358,529,827.4837997114902
529,358,827.4837997114902
358,530,1144.2610524755096
530,358,1144.2610524755096
358,532,1639.4188910036669
532,358,1639.4188910036669
359,378,684.1231913147819
378,359,684.1231913147819
359,566,630.4718352400378
566,359,630.4718352400378
360,361,800.8977729580356
361,360,800.8977729580356
360,362,1316.7833174315656
362,360,1316.7833174315656
360,363,2195.825404622838
363,360,2195.825404622838
360,364,1485.0806166521027
364,360,1485.0806166521027
360,535,1028.5950360037484
535,360,1028.5950360037484
360,536,632.8423195876746
536,360,632.8423195876746
360,537,1060.4802064175547
537,360,1060.4802064175547
360,538,2001.9549990541918
538,360,2001.9549990541918
360,539,1445.7573309216716
539,360,1445.7573309216716
360,544,1468.5540301513154
544,360,1468.5540301513154
361,362,524.660424266817
362,361,524.660424266817
361,363,1418.0667115010237
363,361,1418.0667115010237
361,364,705.6350792072528
364,361,705.6350792072528
361,536,1266.1066587171513
536,361,1266.1066587171513
361,537,779.2795532128875
537,361,779.2795532128875
361,538,1374.8470913254707
538,361,1374.8470913254707
361,544,1804.608427234356
544,361,1804.608427234356
362,363,895.1957043639694
363,362,895.1957043639694
362,364,389.1477470361396
364,362,389.1477470361396
362,537,878.5144356577258
537,362,878.5144356577258
362,538,987.6150152936551
538,362,987.6150152936551
363,364,950.3664574759005
364,363,950.3664574759005
363,537,1475.1031251634367
537,363,1475.1031251634367
363,538,739.5613699558521
538,363,739.5613699558521
364,537,1253.7238150674473
537,364,1253.7238150674473
364,538,1280.4848876250567
538,364,1280.4848876250567
365,391,1657.3369590962036
391,365,1657.3369590962036
365,393,891.5323242568023
393,365,891.5323242568023
365,527,1056.0750036789116
527,365,1056.0750036789116
365,528,836.4019859061032
528,365,836.4019859061032
365,529,1117.5602872341558
529,365,1117.5602872341558
365,533,1394.955304610725
533,365,1394.955304610725
366,367,474.74336455985167
367,366,474.74336455985167
366,368,961.4286380184886
368,366,961.4286380184886
367,368,528.6574332367464
368,367,528.6574332367464
367,369,887.9253432927945
369,367,887.9253432927945
368,369,421.0990629405153
369,368,421.0990629405153
369,371,993.3778181357112
371,369,993.3778181357112
371,372,1451.447620957414
372,371,1451.447620957414
371,373,1020.0678062602038
373,371,1020.0678062602038
371,374,922.5843139197964
374,371,922.5843139197964
372,373,771.3217511805465
373,372,771.3217511805465
372,375,1234.8987197664605
375,372,1234.8987197664605
372,376,1359.1026093470527
376,372,1359.1026093470527
372,507,808.5630493605689
507,372,808.5630493605689
372,512,1619.9455227857854
512,372,1619.9455227857854
373,374,1277.7833074593934
374,373,1277.7833074593934
373,375,1267.565414982208
375,373,1267.565414982208
373,376,774.498195406572
376,373,774.498195406572
373,507,1568.635345401444
507,373,1568.635345401444
374,376,1421.1491898201907
376,374,1421.1491898201907
375,376,1017.0002831730798
376,375,1017.0002831730798
375,511,1570.5501159709843
511,375,1570.5501159709843
375,512,904.6499971566448
512,375,904.6499971566448
375,514,1680.667175503828
514,375,1680.667175503828
375,515,1345.0317531970393
515,375,1345.0317531970393
376,379,1496.0739336493184
379,376,1496.0739336493184
377,380,998.8438695728897
380,377,998.8438695728897
379,382,1454.7597798809502
382,379,1454.7597798809502
379,385,1002.4972025876684
385,379,1002.4972025876684
379,386,1462.1218099294456
386,379,1462.1218099294456
380,381,592.4108304137648
381,380,592.4108304137648
380,382,1003.9106392161506
382,380,1003.9106392161506
380,383,857.7775052189884
383,380,857.7775052189884
381,383,326.14332795832934
383,381,326.14332795832934
381,388,1212.72560524232
388,381,1212.72560524232
382,384,561.4192159316217
384,382,561.4192159316217
382,386,1035.7405654238955
386,382,1035.7405654238955
382,387,878.5194995253942
387,382,878.5194995253942
383,388,888.1647092471103
388,383,888.1647092471103
384,385,1197.987683651628
385,384,1197.987683651628
384,386,611.5940150390464
386,384,611.5940150390464
384,387,340.37792087123944
387,384,340.37792087123944
384,390,1023.8569480845116
390,384,1023.8569480845116
385,386,694.8567684995791
386,385,694.8567684995791
385,387,1343.4450558267915
387,385,1343.4450558267915
385,394,1484.3396483098722
394,385,1484.3396483098722
385,395,1054.093586431877
395,385,1054.093586431877
386,387,662.5770453273608
387,386,662.5770453273608
386,390,913.0398034606235
390,386,913.0398034606235
386,391,1228.1968535896003
391,386,1228.1968535896003
386,394,1442.7674975164869
394,386,1442.7674975164869
386,395,941.5356627670507
395,386,941.5356627670507
387,389,1034.7951973743518
389,387,1034.7951973743518
387,390,716.5960212636066
390,387,716.5960212636066
387,391,1316.0510207521975
391,387,1316.0510207521975
388,389,555.3759142224042
389,388,555.3759142224042
389,390,1104.0545471842076
390,389,1104.0545471842076
389,392,876.6431718231487
392,389,876.6431718231487
390,391,651.7501945876669
391,390,651.7501945876669
390,392,955.6433324295522
392,390,955.6433324295522
390,393,1320.3271897054758
393,390,1320.3271897054758
390,394,1353.2747111818599
394,390,1353.2747111818599
390,395,1019.9948733619395
395,390,1019.9948733619395
391,392,1218.7910613853783
392,391,1218.7910613853783
391,393,765.830117752733
393,391,765.830117752733
391,394,817.1639589618793
394,391,817.1639589618793
391,395,714.9341672455139
395,391,714.9341672455139
392,393,1393.80919819056
393,392,1393.80919819056
393,394,1109.375557153549
394,393,1109.375557153549
393,395,1321.9198181069025
395,393,1321.9198181069025
394,395,501.64810282828984
395,394,501.64810282828984
396,411,728.1805338586666
411,396,728.1805338586666
396,412,734.4528008636104
412,396,734.4528008636104
396,413,534.8920084824329
413,396,534.8920084824329
396,417,1116.6296487862282
417,396,1116.6296487862282
396,430,796.8713869721247
430,396,796.8713869721247
396,431,1347.9864393898324
431,396,1347.9864393898324
396,477,768.9754623381507
477,396,768.9754623381507
396,479,926.0328023829662
479,396,926.0328023829662
396,480,895.658502314122
480,396,895.658502314122
396,484,783.6169825336461
484,396,783.6169825336461
397,399,801.6296336136478
399,397,801.6296336136478
397,400,1155.884718687833
400,397,1155.884718687833
397,401,1649.9843435628156
401,397,1649.9843435628156
397,478,1654.6358586396486
478,397,1654.6358586396486
397,492,907.5279572326596
492,397,907.5279572326596
398,399,1805.1204782315558
399,398,1805.1204782315558
398,400,813.6041456470148
400,398,813.6041456470148
398,401,909.9827176392774
401,398,909.9827176392774
399,400,991.7356944828724
400,399,991.7356944828724
399,401,1221.2706994201355
401,399,1221.2706994201355
399,402,1552.906822427651
402,399,1552.906822427651
399,403,1445.8035016803203
403,399,1445.8035016803203
399,492,1263.1289793689423
492,399,1263.1289793689423
400,401,579.8194757704031
401,400,579.8194757704031
401,403,1311.2995541020503
403,401,1311.2995541020503
401,406,1383.2682422150929
406,401,1383.2682422150929
402,403,859.04167018663
403,402,859.04167018663
402,404,498.44061457542176
404,402,498.44061457542176
402,405,1063.9763272955834
405,402,1063.9763272955834
402,406,1771.5761974173092
406,402,1771.5761974173092
402,407,1072.451422852264
407,402,1072.451422852264
402,408,1549.5107479853336
408,402,1549.5107479853336
403,404,1068.0906110064589
404,403,1068.0906110064589
403,405,594.7495855699975
405,403,594.7495855699975
403,406,958.5824815969484
406,403,958.5824815969484
403,407,1341.6043028734825
407,403,1341.6043028734825
403,408,1038.6721632671974
408,403,1038.6721632671974
403,409,1330.4939024583348
409,403,1330.4939024583348
404,405,977.9640057002392
405,404,977.9640057002392
404,406,1812.7268732419184
406,404,1812.7268732419184
404,407,597.8694269401077
407,404,597.8694269401077
404,408,1379.3590600568155
408,404,1379.3590600568155
404,409,1911.5881398678516
409,404,1911.5881398678516
405,406,857.1024154156853
406,405,857.1024154156853
405,407,958.3109014685782
407,405,958.3109014685782
405,408,500.07943952056104
408,405,500.07943952056104
405,409,956.7864755587269
409,405,956.7864755587269
406,407,1793.0966566912793
407,406,1793.0966566912793
406,408,767.9322119649086
408,406,767.9322119649086
406,409,563.868885785502
409,406,563.868885785502
406,410,1183.1994962333897
410,406,1183.1994962333897
407,408,1151.2351407012316
408,407,1151.2351407012316
407,409,1708.613877842906
409,407,1708.613877842906
408,409,558.5143235735934
409,408,558.5143235735934
408,410,1436.5699082770664
410,408,1436.5699082770664
409,410,887.4866597277403
410,409,887.4866597277403
411,413,691.6267429560669
413,411,691.6267429560669
411,415,848.5040414410546
415,411,848.5040414410546
411,417,1084.3608475736344
417,411,1084.3608475736344
411,480,923.897335130202
480,411,923.897335130202
411,484,527.849200699109
484,411,527.849200699109
412,413,682.9057733346787
413,412,682.9057733346787
412,414,800.2297994175918
414,412,800.2297994175918
412,416,1363.7304456044012
416,412,1363.7304456044012
412,417,967.5508486436933
417,412,967.5508486436933
412,430,863.3415707611091
430,412,863.3415707611091
412,431,928.1378285212216
431,412,928.1378285212216
412,485,1068.9617011283744
485,412,1068.9617011283744
413,414,1457.0184041800933
414,413,1457.0184041800933
413,415,1000.310422598391
415,413,1000.310422598391
413,417,584.2535061083167
417,413,584.2535061083167
413,418,1469.389906530263
418,413,1469.389906530263
413,484,1056.5980391295773
484,413,1056.5980391295773
414,416,872.7481624030202
416,414,872.7481624030202
414,419,1343.084920695258
419,414,1343.084920695258
414,420,1306.4786379828345
420,414,1306.4786379828345
414,430,1258.759218461654
430,414,1258.759218461654
414,431,735.1853148197526
431,414,735.1853148197526
414,485,1155.686392938578
485,414,1155.686392938578
415,417,864.4155933818141
417,415,864.4155933818141
415,418,700.6157831318701
418,415,700.6157831318701
415,421,1324.3786388483618
421,415,1324.3786388483618
415,422,1259.6795849999012
422,415,1259.6795849999012
415,484,1356.9923637522434
484,415,1356.9923637522434
416,417,1596.2521036700878
417,416,1596.2521036700878
416,419,544.1279010933913
419,416,544.1279010933913
416,420,586.0112682197212
420,416,586.0112682197212
416,421,1680.6262208517987
421,416,1680.6262208517987
416,431,1607.2407944150873
431,416,1607.2407944150873
416,432,1302.1148674719564
432,416,1302.1148674719564
417,418,1042.8794031467592
418,417,1042.8794031467592
417,420,1350.9573814721932
420,417,1350.9573814721932
417,421,941.1253305612189
421,417,941.1253305612189
417,422,1407.264176525643
422,417,1407.264176525643
418,421,881.6356765301163
421,418,881.6356765301163
418,422,560.23479039956
422,418,560.23479039956
418,423,1364.3018928778536
423,418,1364.3018928778536
418,424,1443.830690706409
424,418,1443.830690706409
418,425,1193.686427418337
425,418,1193.686427418337
419,420,814.7608802561119
420,419,814.7608802561119
419,426,1860.0070707743837
426,419,1860.0070707743837
419,432,773.037819657201
432,419,773.037819657201
419,435,1754.8447697068545
435,419,1754.8447697068545
419,436,1705.53896813824
436,419,1705.53896813824
419,457,1553.1301776598182
457,419,1553.1301776598182
420,421,1158.2629337989838
421,420,1158.2629337989838
420,424,1461.342182914139
424,420,1461.342182914139
420,426,1422.1026458818635
426,420,1422.1026458818635
420,432,1349.9396781598118
432,420,1349.9396781598118
421,422,790.8418082402973
422,421,790.8418082402973
421,424,812.5817524558026
424,421,812.5817524558026
421,425,1082.6139450301837
425,421,1082.6139450301837
421,426,1339.8273550770782
426,421,1339.8273550770782
422,423,906.2918867354373
423,422,906.2918867354373
422,424,1011.2124611872763
424,422,1011.2124611872763
422,425,633.6732258998827
425,422,633.6732258998827
423,424,1393.0751154195787
424,423,1393.0751154195787
423,425,658.2094510612282
425,423,658.2094510612282
423,427,1463.9240243077456
427,423,1463.9240243077456
423,429,1394.3392650642265
429,423,1394.3392650642265
424,425,735.7057716882994
425,424,735.7057716882994
424,426,695.5608668999178
426,424,695.5608668999178
424,427,628.975557168127
427,424,628.975557168127
424,428,1229.8794401012312
428,424,1229.8794401012312
425,426,1369.6799329421353
426,425,1369.6799329421353
425,427,930.1081395107946
427,425,930.1081395107946
426,427,671.6858058693463
427,426,671.6858058693463
426,428,551.5897595512913
428,426,551.5897595512913
427,428,979.8301110070162
428,427,979.8301110070162
428,436,1081.0901817379083
436,428,1081.0901817379083
430,431,739.5422697275686
431,430,739.5422697275686
430,475,805.3683592221996
475,430,805.3683592221996
430,477,779.8937718572391
477,430,779.8937718572391
430,479,688.3934469973282
479,430,688.3934469973282
430,485,441.00058919081636
485,430,441.00058919081636
430,486,956.0144776851322
486,430,956.0144776851322
430,554,1521.2053984661075
554,430,1521.2053984661075
431,475,1286.1459904374842
475,431,1286.1459904374842
431,485,456.2727118416337
485,431,456.2727118416337
431,486,1146.6294818957813
486,431,1146.6294818957813
432,433,1667.8492736376927
433,432,1667.8492736376927
432,434,1384.2263351023864
434,432,1384.2263351023864
432,435,984.0025783177276
435,432,984.0025783177276
432,436,1025.8542109153004
436,432,1025.8542109153004
432,438,1662.900417124438
438,432,1662.900417124438
432,457,1042.7666201116392
457,432,1042.7666201116392
433,434,772.4728299155596
434,433,772.4728299155596
433,435,1325.1360652218586
435,433,1325.1360652218586
433,436,2044.8724217066217
436,433,2044.8724217066217
433,437,1384.814107159234
437,433,1384.814107159234
433,439,1663.6160362356923
439,433,1663.6160362356923
433,440,1998.5817234878139
440,433,1998.5817234878139
433,457,634.8579517274071
457,433,634.8579517274071
434,435,648.2416211157575
435,434,648.2416211157575
434,437,840.9440019252307
437,434,840.9440019252307
434,438,1330.5688487352877
438,434,1330.5688487352877
434,439,1004.1442503778869
439,434,1004.1442503778869
434,440,1240.5984363577913
440,434,1240.5984363577913
434,457,748.3185772986518
457,434,748.3185772986518
435,436,741.4753112783583
436,435,741.4753112783583
435,437,1181.428665051757
437,435,1181.428665051757
435,438,883.5880600729582
438,435,883.5880600729582
435,439,1135.8978048608512
439,435,1135.8978048608512
435,440,1036.1766237642298
440,435,1036.1766237642298
435,457,974.8914127333727
457,435,974.8914127333727
436,438,753.1409503492858
438,436,753.1409503492858
436,440,1190.0829903316064
440,436,1190.0829903316064
436,441,1006.3861237367565
441,436,1006.3861237367565
436,457,1592.207681957596
457,436,1592.207681957596
437,438,1295.3848469551983
438,437,1295.3848469551983
437,439,363.3234449832208
439,437,363.3234449832208
437,440,917.0170954372807
440,437,917.0170954372807
437,442,891.3607344865477
442,437,891.3607344865477
437,443,951.0712362595293
443,437,951.0712362595293
437,457,1579.8629591260944
457,437,1579.8629591260944
437,458,1630.1513643445328
458,437,1630.1513643445328
438,439,1007.8562232643468
439,438,1007.8562232643468
438,440,485.6245497187832
440,438,485.6245497187832
438,441,376.14390259058433
441,438,376.14390259058433
438,443,1170.5164958018265
443,438,1170.5164958018265
438,444,852.0143217537557
444,438,852.0143217537557
438,445,899.737866073139
445,438,899.737866073139
439,440,577.6617979949415
440,439,577.6617979949415
439,441,1194.876333629254
441,439,1194.876333629254
439,442,935.051717998173
442,439,935.051717998173
439,443,653.236938472946
443,439,653.236938472946
439,457,1748.434340727068
457,439,1748.434340727068
440,441,617.2170740705144
441,440,617.2170740705144
440,442,1403.2644663742187
442,440,1403.2644663742187
440,443,707.5710409138799
443,440,707.5710409138799
440,444,747.3080370801554
444,440,747.3080370801554
440,445,977.8923378415395
445,440,977.8923378415395
441,443,1146.3118992141888
443,441,1146.3118992141888
441,444,557.5510755969368
444,441,557.5510755969368
441,445,527.6345838844635
445,441,527.6345838844635
442,443,885.0668457010171
443,442,885.0668457010171
442,447,822.6411227853243
447,442,822.6411227853243
442,448,1033.6148302481215
448,442,1033.6148302481215
442,452,1539.8917066777603
452,442,1539.8917066777603
442,458,1025.3842294718256
458,442,1025.3842294718256
442,548,2381.196919025753
548,442,2381.196919025753
443,444,862.1564002684632
444,443,862.1564002684632
443,447,1347.1230129035523
447,443,1347.1230129035523
443,448,876.5142259707412
448,443,876.5142259707412
443,450,1179.9628706306073
450,443,1179.9628706306073
444,445,357.0384492283294
445,444,357.0384492283294
444,448,1416.985631825214
448,444,1416.985631825214
444,449,1076.330261227474
449,444,1076.330261227474
444,450,1013.5630079626601
450,444,1013.5630079626601
445,449,902.8496265698524
449,445,902.8496265698524
445,450,1186.7286161173542
450,445,1186.7286161173542
446,447,1066.7597537237307
447,446,1066.7597537237307
446,451,931.8296366933215
451,446,931.8296366933215
446,452,1370.1068474706972
452,446,1370.1068474706972
446,458,893.753614413147
458,446,893.753614413147
446,545,1459.6508803555341
545,446,1459.6508803555341
446,546,709.4493536272757
546,446,709.4493536272757
446,547,835.7341672943957
547,446,835.7341672943957
446,548,1366.6164742127382
548,446,1366.6164742127382
447,448,813.1711569964149
448,447,813.1711569964149
447,451,1171.6281003830638
451,447,1171.6281003830638
447,452,753.5802527642122
452,447,753.5802527642122
447,453,1419.1525000518911
453,447,1419.1525000518911
447,458,1134.0829123189403
458,447,1134.0829123189403
447,459,1648.2939084289098
459,447,1648.2939084289098
447,545,2519.846635669066
545,447,2519.846635669066
447,546,1773.2807994081543
546,447,1773.2807994081543
447,547,1821.4160669986925
547,447,1821.4160669986925
447,548,2290.7352964861825
548,447,2290.7352964861825
448,450,944.4881400210633
450,448,944.4881400210633
448,452,975.9252723761308
452,448,975.9252723761308
448,453,953.3991847750557
453,448,953.3991847750557
448,454,1440.2591944852354
454,448,1440.2591944852354
449,450,1019.1877441021435
450,449,1019.1877441021435
449,454,1110.0661254950714
454,449,1110.0661254950714
449,455,883.7473574441933
455,449,883.7473574441933
450,453,1047.637690493241
453,450,1047.637690493241
450,454,677.034483765929
454,450,677.034483765929
450,455,1360.625516721205
455,450,1360.625516721205
451,452,860.5942754461304
452,451,860.5942754461304
451,458,1723.3809504275719
458,451,1723.3809504275719
451,459,832.238603615978
459,451,832.238603615978
451,460,1507.0213971643057
460,451,1507.0213971643057
451,462,1705.345692059923
462,451,1705.345692059923
451,463,1454.820653889453
463,451,1454.820653889453
451,545,2057.0983445783154
545,451,2057.0983445783154
451,546,1391.6552754603097
546,451,1391.6552754603097
451,547,1075.6883109567245
547,451,1075.6883109567245
451,548,2214.3997848811755
548,451,2214.3997848811755
452,453,933.3055546284476
453,452,933.3055546284476
452,459,965.7542871031974
459,452,965.7542871031974
452,460,1012.4830617959917
460,452,1012.4830617959917
452,463,1334.315134999271
463,452,1334.315134999271
452,545,2763.869050495462
545,452,2763.869050495462
452,546,2030.0946344216823
546,452,2030.0946344216823
453,454,1007.3231070672706
454,453,1007.3231070672706
453,459,1446.2265514342355
459,453,1446.2265514342355
453,460,766.4776233142082
460,453,766.4776233142082
453,461,1041.69741208036
461,453,1041.69741208036
453,463,1389.4711333039675
463,453,1389.4711333039675
454,455,930.8894694523675
455,454,930.8894694523675
454,456,838.1233832954542
456,454,838.1233832954542
454,461,954.7552432049591
461,454,954.7552432049591
455,456,462.21777381116755
456,455,462.21777381116755
456,461,1126.1940711385935
461,456,1126.1940711385935
458,545,1858.3343229850577
545,458,1858.3343229850577
458,546,1261.8975918239805
546,458,1261.8975918239805
458,547,1643.9241827567234
547,458,1643.9241827567234
458,548,1356.1493640753054
548,458,1356.1493640753054
459,460,883.8750090629455
460,459,883.8750090629455
459,462,984.3130464246578
462,459,984.3130464246578
459,463,629.9799929580945
463,459,629.9799929580945
459,547,1807.1607787597516
547,459,1807.1607787597516
459,562,1729.2946459063346
562,459,1729.2946459063346
460,461,1126.2007775628351
461,460,1126.2007775628351
460,462,1407.6174283916519
462,460,1407.6174283916519
460,463,630.9708223463401
463,460,630.9708223463401
460,464,1195.8081168621939
464,460,1195.8081168621939
461,464,772.1563732484781
464,461,772.1563732484781
461,465,1305.5965435312496
465,461,1305.5965435312496
462,463,777.0793405873796
463,462,777.0793405873796
462,466,974.0836085150688
466,462,974.0836085150688
462,562,766.2548919873336
562,462,766.2548919873336
463,464,1353.2544574029566
464,463,1353.2544574029566
463,466,1222.1880227265005
466,463,1222.1880227265005
463,562,1515.635129582769
562,463,1515.635129582769
464,465,648.8527490297757
465,464,648.8527490297757
464,467,1273.0321069597985
467,464,1273.0321069597985
465,467,728.5628520801271
467,465,728.5628520801271
465,470,1076.371714950936
470,465,1076.371714950936
466,469,905.8755888493924
469,466,905.8755888493924
466,470,1363.184768361201
470,466,1363.184768361201
466,471,1642.1882947578829
471,466,1642.1882947578829
466,474,1434.739403787388
474,466,1434.739403787388
466,562,1018.5201189323571
562,466,1018.5201189323571
467,468,1064.558343886931
468,467,1064.558343886931
469,470,708.1956553833772
470,469,708.1956553833772
469,471,984.9439321602367
471,469,984.9439321602367
469,472,925.2807921603157
472,469,925.2807921603157
469,474,557.2417783978269
474,469,557.2417783978269
469,562,1645.6965098912021
562,469,1645.6965098912021
470,471,1505.8542313749501
471,470,1505.8542313749501
470,472,907.7528485899492
472,470,907.7528485899492
470,474,475.04013471545653
474,470,475.04013471545653
471,472,939.4291435063116
472,471,939.4291435063116
471,473,986.6890942978946
473,471,986.6890942978946
471,474,1068.8875293714432
474,471,1068.8875293714432
471,562,1876.131783554091
562,471,1876.131783554091
472,473,850.3048910956944
473,472,850.3048910956944
472,474,473.5740420204319
474,472,473.5740420204319
473,474,1303.5162585046496
474,473,1303.5162585046496
473,564,1068.0879219597782
564,473,1068.0879219597782
475,476,904.4140141255115
476,475,904.4140141255115
475,477,868.0873747687974
477,475,868.0873747687974
475,479,616.8064980632001
479,475,616.8064980632001
475,485,830.1082010598308
485,475,830.1082010598308
475,486,458.56311715085815
486,475,458.56311715085815
475,553,1543.656866870082
553,475,1543.656866870082
475,554,724.4603042985401
554,475,724.4603042985401
475,555,2586.8933748735685
555,475,2586.8933748735685
476,477,374.551609332163
477,476,374.551609332163
476,479,420.1381938870109
479,476,420.1381938870109
476,480,545.1541279507586
480,476,545.1541279507586
476,481,333.91722785952334
481,476,333.91722785952334
476,482,730.9628044065615
482,476,730.9628044065615
476,484,949.2647410339491
484,476,949.2647410339491
476,486,1361.289184425888
486,476,1361.289184425888
476,553,1558.7260803456354
553,476,1558.7260803456354
476,554,1140.1109630923588
554,476,1140.1109630923588
477,479,251.40758732445622
479,477,251.40758732445622
477,480,531.6159686218946
480,477,531.6159686218946
477,481,600.0391609577993
481,477,600.0391609577993
477,482,993.7301847526537
482,477,993.7301847526537
477,484,823.359378452743
484,477,823.359378452743
477,486,1284.9451338203157
486,477,1284.9451338203157
477,554,1325.8573101196732
554,477,1325.8573101196732
478,487,796.8488188065634
487,478,796.8488188065634
478,492,1098.3651631927405
492,478,1098.3651631927405
478,493,936.7366424523742
493,478,936.7366424523742
478,494,1442.2183491654187
494,478,1442.2183491654187
478,495,1535.84339646636
495,478,1535.84339646636
479,480,764.6925490913809
480,479,764.6925490913809
479,481,731.8903904727536
481,479,731.8903904727536
479,482,1136.7263200924863
482,479,1136.7263200924863
479,485,1010.2910635300074
485,479,1010.2910635300074
479,486,1040.2480508153003
486,479,1040.2480508153003
479,553,1736.6962264078852
553,479,1736.6962264078852
479,554,1112.1817112992321
554,479,1112.1817112992321
480,481,405.8977452715727
481,480,405.8977452715727
480,482,631.6897334968386
482,480,631.6897334968386
480,484,417.79439617128713
484,480,417.79439617128713
481,482,404.88686861553015
482,481,404.88686861553015
481,484,813.4122724651497
484,481,813.4122724651497
481,553,1648.7281913305178
553,481,1648.7281913305178
481,554,1387.7604264261886
554,481,1387.7604264261886
482,484,928.3985186321489
484,482,928.3985186321489
482,553,1728.4476761062137
553,482,1728.4476761062137
483,489,1770.6394639626467
489,483,1770.6394639626467
483,490,1108.7903250950985
490,483,1108.7903250950985
483,491,775.1005081714509
491,483,775.1005081714509
483,499,2287.96368112217
499,483,2287.96368112217
483,500,2576.919097238568
500,483,2576.919097238568
483,501,1896.5080492070201
501,483,1896.5080492070201
483,503,1661.8634212203744
503,483,1661.8634212203744
483,509,811.3523843237061
509,483,811.3523843237061
485,486,744.4156799047016
486,485,744.4156799047016
486,553,1767.792935226826
553,486,1767.792935226826
486,554,909.1804199996153
554,486,909.1804199996153
486,555,2443.0970167798146
555,486,2443.0970167798146
487,488,1561.9490538858229
488,487,1561.9490538858229
487,492,1415.2980723988596
492,487,1415.2980723988596
487,493,509.79734515495886
493,487,509.79734515495886
487,494,1234.2055954564944
494,487,1234.2055954564944
487,495,740.5867512382409
495,487,740.5867512382409
487,496,1311.3180073355365
496,487,1311.3180073355365
487,504,1131.3386974278462
504,487,1131.3386974278462
488,489,856.93481358242
489,488,856.93481358242
488,495,821.7737073270459
495,488,821.7737073270459
488,496,767.10349404132
496,488,767.10349404132
488,497,1639.5367569905495
497,488,1639.5367569905495
488,498,1026.1760313421805
498,488,1026.1760313421805
488,499,1113.528369904858
499,488,1113.528369904858
488,502,1481.3150563451115
502,488,1481.3150563451115
488,504,1267.4120547165078
504,488,1267.4120547165078
488,509,1859.5250835639536
509,488,1859.5250835639536
489,490,823.2062251748605
490,489,823.2062251748605
489,491,1566.1329687068126
491,489,1566.1329687068126
489,496,1438.8120814041802
496,489,1438.8120814041802
489,498,1411.8631664019194
498,489,1411.8631664019194
489,499,848.0072010503214
499,489,848.0072010503214
489,500,1809.5021707776757
500,489,1809.5021707776757
489,501,1068.956377973309
501,489,1068.956377973309
489,502,1337.380258859789
502,489,1337.380258859789
489,503,1708.3199729601663
503,489,1708.3199729601663
489,509,1109.0788237231422
509,489,1109.0788237231422
490,491,743.6522373976011
491,490,743.6522373976011
490,499,1179.4403579278423
499,490,1179.4403579278423
490,500,1633.316158793868
500,490,1633.316158793868
490,501,858.8373687866053
501,490,858.8373687866053
490,502,1565.0561452767022
502,490,1565.0561452767022
490,503,1070.72720226295
503,490,1070.72720226295
490,509,812.4126076550318
509,490,812.4126076550318
491,499,1799.4041353811137
499,491,1799.4041353811137
491,500,1852.7667943501729
500,491,1852.7667943501729
491,501,1269.9447172036594
501,491,1269.9447172036594
491,503,888.1831196685962
503,491,888.1831196685962
491,509,1112.0812416531471
509,491,1112.0812416531471
492,493,1062.3175529115776
493,492,1062.3175529115776
492,494,860.6068037869804
494,492,860.6068037869804
492,504,1696.3334689101794
504,492,1696.3334689101794
493,494,724.5550394157949
494,493,724.5550394157949
493,495,945.0526060522468
495,493,945.0526060522468
493,496,1220.292768118101
496,493,1220.292768118101
493,498,1623.2818426303259
498,493,1623.2818426303259
493,504,847.2547943656764
504,493,847.2547943656764
494,495,1519.9676499441046
495,494,1519.9676499441046
494,496,1453.0305313222825
496,494,1453.0305313222825
494,498,1671.6127362592902
498,494,1671.6127362592902
494,504,921.7139212524953
504,494,921.7139212524953
495,496,743.266403960539
496,495,743.266403960539
495,498,1240.7849399481863
498,495,1240.7849399481863
495,504,891.1938195847125
504,495,891.1938195847125
496,497,1060.4836796387674
497,496,1060.4836796387674
496,498,500.35411033868405
498,496,500.35411033868405
496,499,1186.7638173477756
499,496,1186.7638173477756
496,502,1300.892845175001
502,496,1300.892845175001
496,504,536.1644430859363
504,496,536.1644430859363
497,498,617.8021450709355
498,497,617.8021450709355
497,499,1152.137899698042
499,497,1152.137899698042
497,500,1483.5496553138912
500,497,1483.5496553138912
497,501,1637.8688764921587
501,497,1637.8688764921587
497,502,825.7275198928609
502,497,825.7275198928609
497,504,1107.116256374147
504,497,1107.116256374147
498,499,871.4023827207808
499,498,871.4023827207808
498,500,1662.274110318732
500,498,1662.274110318732
498,501,1502.5202672152957
501,498,1502.5202672152957
498,502,842.3193023349882
502,498,842.3193023349882
498,504,801.1511481068982
504,498,801.1511481068982
499,500,1104.02537296091
500,499,1104.02537296091
499,501,654.1887227577682
501,499,654.1887227577682
499,502,489.3878091311491
502,499,489.3878091311491
499,503,1484.3813258160674
503,499,1484.3813258160674
499,509,1821.3468062942702
509,499,1821.3468062942702
500,501,799.4440220128853
501,500,799.4440220128853
500,502,824.5239169540832
502,500,824.5239169540832
500,503,1063.122714766025
503,500,1063.122714766025
501,502,814.7182059786153
502,501,814.7182059786153
501,503,830.1957745765766
503,501,830.1957745765766
501,509,1655.5394926660085
509,501,1655.5394926660085
502,503,1559.2033856788885
503,502,1559.2033856788885
503,509,1803.5975801681238
509,503,1803.5975801681238
505,506,913.6543131997197
506,505,913.6543131997197
505,508,1316.5991704084709
508,505,1316.5991704084709
505,510,1664.7333358307087
510,505,1664.7333358307087
505,511,1880.0397901959802
511,505,1880.0397901959802
505,550,2029.0676195360224
550,505,2029.0676195360224
506,507,1213.7185777627558
507,506,1213.7185777627558
506,508,1056.2393169526101
508,506,1056.2393169526101
506,511,1625.1637549823809
511,506,1625.1637549823809
508,510,1087.188901652933
510,508,1087.188901652933
508,511,594.7446440123642
511,508,594.7446440123642
508,512,1041.2231063110585
512,508,1041.2231063110585
508,513,1602.5345985828317
513,508,1602.5345985828317
508,514,1230.1563676720243
514,508,1230.1563676720243
508,550,1672.8485343537861
550,508,1672.8485343537861
510,511,1050.0665848905417
511,510,1050.0665848905417
510,512,1711.949049254426
512,510,1711.949049254426
510,513,839.7205130581285
513,510,839.7205130581285
510,514,1185.340810838234
514,510,1185.340810838234
510,516,1578.613174041836
516,510,1578.613174041836
510,550,588.6499620538801
550,510,588.6499620538801
511,512,666.3572107743057
512,511,666.3572107743057
511,513,1220.9699333143312
513,511,1220.9699333143312
511,514,650.2902905053221
514,511,650.2902905053221
511,515,1191.4984583527696
515,511,1191.4984583527696
511,550,1602.7496393250751
550,511,1602.7496393250751
512,514,902.8041257155294
514,512,902.8041257155294
512,515,972.4252533347728
515,512,972.4252533347728
512,518,1528.5397123105865
518,512,1528.5397123105865
513,514,860.4265821224408
514,513,860.4265821224408
513,515,1456.34914769917
515,513,1456.34914769917
513,516,761.3111785221656
516,513,761.3111785221656
513,517,1237.3799362776733
517,513,1237.3799362776733
513,520,1656.0247994126112
520,513,1656.0247994126112
513,550,894.6018814441131
550,513,894.6018814441131
514,515,725.8278363083725
515,514,725.8278363083725
514,516,1336.302302186773
516,514,1336.302302186773
514,517,1134.5202436040204
517,514,1134.5202436040204
514,518,1229.32168109319
518,514,1229.32168109319
514,550,1576.9387129594645
550,514,1576.9387129594645
515,516,1637.3603415340738
516,515,1637.3603415340738
515,517,968.290030310657
517,515,968.290030310657
515,518,582.6855938732682
518,515,582.6855938732682
515,519,1610.3336062634771
519,515,1610.3336062634771
516,517,926.7172964803548
517,516,926.7172964803548
516,519,1113.7185899332906
519,516,1113.7185899332906
516,520,903.5703980798698
520,516,903.5703980798698
516,550,1444.5245480303022
550,516,1444.5245480303022
517,518,813.1632005580241
518,517,813.1632005580241
517,519,682.2093152495544
519,517,682.2093152495544
517,520,1106.2869763560586
520,517,1106.2869763560586
517,521,1357.4187298201275
521,517,1357.4187298201275
517,522,1495.7432830334442
522,517,1495.7432830334442
517,550,2123.4568474722855
550,517,2123.4568474722855
518,519,1279.3509398224937
519,518,1279.3509398224937
518,520,1862.61637965061
520,518,1862.61637965061
518,521,1280.185544312057
521,518,1280.185544312057
518,549,1153.415914006678
549,518,1153.415914006678
519,520,665.4748143259166
520,519,665.4748143259166
519,521,1062.2500414106344
521,519,1062.2500414106344
519,522,837.1681214507332
522,519,837.1681214507332
519,523,1610.255391505975
523,519,1610.255391505975
519,524,2021.255108776589
524,519,2021.255108776589
520,521,1671.179874313717
521,520,1671.179874313717
520,522,1069.4922020032561
522,520,1069.4922020032561
520,523,2026.7867091914811
523,520,2026.7867091914811
520,524,2097.404188870909
524,520,2097.404188870909
521,522,966.3189095781067
522,521,966.3189095781067
521,523,866.891891894667
523,521,866.891891894667
521,524,1798.0405138423869
524,521,1798.0405138423869
521,525,1589.1191834622682
525,521,1589.1191834622682
521,549,924.1851778151133
549,521,924.1851778151133
522,523,979.3411731369915
523,522,979.3411731369915
522,524,1185.742056266071
524,522,1185.742056266071
522,525,1523.7775033081443
525,522,1523.7775033081443
523,524,1097.6456614403785
524,523,1097.6456614403785
523,525,726.7513104344798
525,523,726.7513104344798
523,526,1936.5718352919537
526,523,1936.5718352919537
523,549,1560.752563845612
549,523,1560.752563845612
524,525,923.7648421862092
525,524,923.7648421862092
525,526,1432.7143851021867
526,525,1432.7143851021867
526,530,1275.3040242189486
530,526,1275.3040242189486
526,531,1767.5953815884382
531,526,1767.5953815884382
527,528,911.8718247727313
528,527,911.8718247727313
527,529,1527.7223692709965
529,527,1527.7223692709965
527,533,1017.3272210650988
533,527,1017.3272210650988
527,534,887.3261473749379
534,527,887.3261473749379
527,535,1238.946393836955
535,527,1238.946393836955
527,540,1694.0727303829499
540,527,1694.0727303829499
528,529,618.2322568642825
529,528,618.2322568642825
528,530,1495.1634696176302
530,528,1495.1634696176302
528,531,1692.1455594685674
531,528,1692.1455594685674
528,532,1007.9185962239668
532,528,1007.9185962239668
528,533,587.2271981935685
533,528,587.2271981935685
528,534,1087.3040634190322
534,528,1087.3040634190322
528,541,1592.8927199427085
541,528,1592.8927199427085
529,530,883.1724655462851
530,529,883.1724655462851
529,531,1198.3312715691861
531,529,1198.3312715691861
529,532,824.4804676803699
532,529,824.4804676803699
529,533,950.7685492893086
533,529,950.7685492893086
529,543,1822.3308280972333
543,529,1822.3308280972333
530,531,687.0454368351682
531,530,687.0454368351682
530,532,1120.8757760174096
532,530,1120.8757760174096
530,543,1525.4660816147384
543,530,1525.4660816147384
530,551,2266.040754339847
551,530,2266.040754339847
531,532,882.9145078071639
532,531,882.9145078071639
531,533,1630.7820941652242
533,531,1630.7820941652242
531,542,1168.9214605260945
542,531,1168.9214605260945
531,543,841.7193785672833
543,531,841.7193785672833
531,551,1580.1799098803463
551,531,1580.1799098803463
532,533,767.3417411308859
533,532,767.3417411308859
532,540,1440.0068946435438
540,532,1440.0068946435438
532,541,1070.2509602081318
541,532,1070.2509602081318
532,542,875.2881898783193
542,532,875.2881898783193
532,543,1134.2193628562245
543,532,1134.2193628562245
532,551,1751.966778919694
551,532,1751.966778919694
533,534,654.2985569899632
534,533,654.2985569899632
533,540,1122.4944833185193
540,533,1122.4944833185193
533,541,1014.4043402427602
541,533,1014.4043402427602
533,542,1381.4115303154892
542,533,1381.4115303154892
533,543,1840.6019404205667
543,533,1840.6019404205667
533,551,2347.692889502803
551,533,2347.692889502803
534,535,1013.3993149061914
535,534,1013.3993149061914
534,536,1581.7483574834382
536,534,1581.7483574834382
534,539,1093.0873325205866
539,534,1093.0873325205866
534,540,806.8018049306751
540,534,806.8018049306751
534,541,1004.2174746741678
541,534,1004.2174746741678
534,542,1695.4198763093077
542,534,1695.4198763093077
535,536,571.566786630595
536,535,571.566786630595
535,539,516.0375981820671
539,535,516.0375981820671
535,540,1380.488301649806
540,535,1380.488301649806
535,544,1163.6206852724981
544,535,1163.6206852724981
536,537,1102.0702325181733
537,536,1102.0702325181733
536,539,851.9005543907696
539,536,851.9005543907696
536,544,915.5754093387868
544,536,915.5754093387868
537,538,1028.612858782196
538,537,1028.612858782196
537,544,1208.9809827005706
544,537,1208.9809827005706
538,544,2052.2008538601485
544,538,2052.2008538601485
539,540,1114.357519048011
540,539,1114.357519048011
539,541,1582.8650851418201
541,539,1582.8650851418201
539,544,941.2269148135523
544,539,941.2269148135523
540,541,477.2806533702556
541,540,477.2806533702556
540,542,1312.826501264435
542,540,1312.826501264435
540,544,1975.453757648117
544,540,1975.453757648117
540,551,2127.293574146237
551,540,2127.293574146237
541,542,837.329866181346
542,541,837.329866181346
541,543,1500.8530957037224
543,541,1500.8530957037224
541,551,1694.4844976940637
551,541,1694.4844976940637
542,543,668.1680508417522
543,542,668.1680508417522
542,551,969.5736966957642
551,542,969.5736966957642
543,551,741.8846587253695
551,543,741.8846587253695
545,546,750.7706445938785
546,545,750.7706445938785
545,547,1010.7171414243305
547,545,1010.7171414243305
545,548,769.5843096566856
548,545,769.5843096566856
546,547,548.4055872580617
547,546,548.4055872580617
546,548,863.2527083016469
548,546,863.2527083016469
547,548,1385.7565587711151
548,547,1385.7565587711151
552,553,1777.67912858567
553,552,1777.67912858567
552,555,1617.8429737651134
555,552,1617.8429737651134
552,556,1217.0622948379907
556,552,1217.0622948379907
552,557,2123.775487025886
557,552,2123.775487025886
552,558,1767.0853487644388
558,552,1767.0853487644388
552,559,531.8137968111361
559,552,531.8137968111361
552,560,1221.6323979924357
560,552,1221.6323979924357
552,561,981.3171234907131
561,552,981.3171234907131
553,554,859.6479347259095
554,553,859.6479347259095
553,555,1857.804664037056
555,553,1857.804664037056
553,556,2357.848647243702
556,553,2357.848647243702
553,557,3812.7016797000315
557,553,3812.7016797000315
553,558,3541.244061069453
558,553,3541.244061069453
553,559,1996.4140692035048
559,553,1996.4140692035048
553,560,2858.476409196432
560,553,2858.476409196432
553,561,2313.4238263641873
561,553,2313.4238263641873
554,555,2001.7356095560501
555,554,2001.7356095560501
555,556,957.5427850447528
556,555,957.5427850447528
555,557,2653.265534044238
557,555,2653.265534044238
555,558,2916.954629773052
558,555,2916.954629773052
555,559,2146.5213302095426
559,555,2146.5213302095426
555,560,2743.0742534821543
560,555,2743.0742534821543
555,561,2598.1885694999028
561,555,2598.1885694999028
556,557,1700.6836032782446
557,556,1700.6836032782446
556,558,2017.1921528473242
558,556,2017.1921528473242
556,559,1702.0685351204343
559,556,1702.0685351204343
556,560,2041.1851350777504
560,556,2041.1851350777504
556,561,2109.604063982519
561,556,2109.604063982519
557,558,1054.9543455555863
558,557,1054.9543455555863
557,559,2259.2085427063785
559,557,2259.2085427063785
557,560,1856.485436564599
560,557,1856.485436564599
557,561,2400.346930188707
561,557,2400.346930188707
558,559,1645.542160220086
559,558,1645.542160220086
558,560,951.8937987956373
560,558,951.8937987956373
558,561,1606.2303821406267
561,558,1606.2303821406267
559,560,862.1367278878658
560,559,862.1367278878658
559,561,452.2419385414228
561,559,452.2419385414228
560,561,674.9518849893541
561,560,674.9518849893541
565,566,578.4015911199572
566,565,578.4015911199572
