sample_id,split,input_start_idx,input_end_idx,target_start_idx,target_end_idx,input_start_time,input_end_time,target_start_time,target_end_time
0,train,0,5,6,11,2017-07-01 00:00:00,2017-07-01 00:50:00,2017-07-01 01:00:00,2017-07-01 01:50:00
1,train,1,6,7,12,2017-07-01 00:10:00,2017-07-01 01:00:00,2017-07-01 01:10:00,2017-07-01 02:00:00
2,train,2,7,8,13,2017-07-01 00:20:00,2017-07-01 01:10:00,2017-07-01 01:20:00,2017-07-01 02:10:00
3,train,3,8,9,14,2017-07-01 00:30:00,2017-07-01 01:20:00,2017-07-01 01:30:00,2017-07-01 02:20:00
4,train,4,9,10,15,2017-07-01 00:40:00,2017-07-01 01:30:00,2017-07-01 01:40:00,2017-07-01 02:30:00
5,train,5,10,11,16,2017-07-01 00:50:00,2017-07-01 01:40:00,2017-07-01 01:50:00,2017-07-01 02:40:00
6,train,6,11,12,17,2017-07-01 01:00:00,2017-07-01 01:50:00,2017-07-01 02:00:00,2017-07-01 02:50:00
7,train,7,12,13,18,2017-07-01 01:10:00,2017-07-01 02:00:00,2017-07-01 02:10:00,2017-07-01 03:00:00
8,train,8,13,14,19,2017-07-01 01:20:00,2017-07-01 02:10:00,2017-07-01 02:20:00,2017-07-01 03:10:00
9,train,9,14,15,20,2017-07-01 01:30:00,2017-07-01 02:20:00,2017-07-01 02:30:00,2017-07-01 03:20:00
10,train,10,15,16,21,2017-07-01 01:40:00,2017-07-01 02:30:00,2017-07-01 02:40:00,2017-07-01 03:30:00
11,train,11,16,17,22,2017-07-01 01:50:00,2017-07-01 02:40:00,2017-07-01 02:50:00,2017-07-01 03:40:00
12,train,12,17,18,23,2017-07-01 02:00:00,2017-07-01 02:50:00,2017-07-01 03:00:00,2017-07-01 03:50:00
13,train,13,18,19,24,2017-07-01 02:10:00,2017-07-01 03:00:00,2017-07-01 03:10:00,2017-07-01 04:00:00
14,train,14,19,20,25,2017-07-01 02:20:00,2017-07-01 03:10:00,2017-07-01 03:20:00,2017-07-01 04:10:00
15,train,15,20,21,26,2017-07-01 02:30:00,2017-07-01 03:20:00,2017-07-01 03:30:00,2017-07-01 04:20:00
16,train,16,21,22,27,2017-07-01 02:40:00,2017-07-01 03:30:00,2017-07-01 03:40:00,2017-07-01 04:30:00
17,train,17,22,23,28,2017-07-01 02:50:00,2017-07-01 03:40:00,2017-07-01 03:50:00,2017-07-01 04:40:00
18,train,18,23,24,29,2017-07-01 03:00:00,2017-07-01 03:50:00,2017-07-01 04:00:00,2017-07-01 04:50:00
19,train,19,24,25,30,2017-07-01 03:10:00,2017-07-01 04:00:00,2017-07-01 04:10:00,2017-07-01 05:00:00
20,train,20,25,26,31,2017-07-01 03:20:00,2017-07-01 04:10:00,2017-07-01 04:20:00,2017-07-01 05:10:00
21,train,21,26,27,32,2017-07-01 03:30:00,2017-07-01 04:20:00,2017-07-01 04:30:00,2017-07-01 05:20:00
22,train,22,27,28,33,2017-07-01 03:40:00,2017-07-01 04:30:00,2017-07-01 04:40:00,2017-07-01 05:30:00
23,train,23,28,29,34,2017-07-01 03:50:00,2017-07-01 04:40:00,2017-07-01 04:50:00,2017-07-01 05:40:00
24,train,24,29,30,35,2017-07-01 04:00:00,2017-07-01 04:50:00,2017-07-01 05:00:00,2017-07-01 05:50:00
25,train,25,30,31,36,2017-07-01 04:10:00,2017-07-01 05:00:00,2017-07-01 05:10:00,2017-07-01 06:00:00
26,train,26,31,32,37,2017-07-01 04:20:00,2017-07-01 05:10:00,2017-07-01 05:20:00,2017-07-01 06:10:00
27,train,27,32,33,38,2017-07-01 04:30:00,2017-07-01 05:20:00,2017-07-01 05:30:00,2017-07-01 06:20:00
28,train,28,33,34,39,2017-07-01 04:40:00,2017-07-01 05:30:00,2017-07-01 05:40:00,2017-07-01 06:30:00
29,train,29,34,35,40,2017-07-01 04:50:00,2017-07-01 05:40:00,2017-07-01 05:50:00,2017-07-01 06:40:00
30,train,30,35,36,41,2017-07-01 05:00:00,2017-07-01 05:50:00,2017-07-01 06:00:00,2017-07-01 06:50:00
31,train,31,36,37,42,2017-07-01 05:10:00,2017-07-01 06:00:00,2017-07-01 06:10:00,2017-07-01 07:00:00
32,train,32,37,38,43,2017-07-01 05:20:00,2017-07-01 06:10:00,2017-07-01 06:20:00,2017-07-01 07:10:00
33,train,33,38,39,44,2017-07-01 05:30:00,2017-07-01 06:20:00,2017-07-01 06:30:00,2017-07-01 07:20:00
34,train,34,39,40,45,2017-07-01 05:40:00,2017-07-01 06:30:00,2017-07-01 06:40:00,2017-07-01 07:30:00
35,train,35,40,41,46,2017-07-01 05:50:00,2017-07-01 06:40:00,2017-07-01 06:50:00,2017-07-01 07:40:00
36,train,36,41,42,47,2017-07-01 06:00:00,2017-07-01 06:50:00,2017-07-01 07:00:00,2017-07-01 07:50:00
37,train,37,42,43,48,2017-07-01 06:10:00,2017-07-01 07:00:00,2017-07-01 07:10:00,2017-07-01 08:00:00
38,train,38,43,44,49,2017-07-01 06:20:00,2017-07-01 07:10:00,2017-07-01 07:20:00,2017-07-01 08:10:00
39,train,39,44,45,50,2017-07-01 06:30:00,2017-07-01 07:20:00,2017-07-01 07:30:00,2017-07-01 08:20:00
40,train,40,45,46,51,2017-07-01 06:40:00,2017-07-01 07:30:00,2017-07-01 07:40:00,2017-07-01 08:30:00
41,train,41,46,47,52,2017-07-01 06:50:00,2017-07-01 07:40:00,2017-07-01 07:50:00,2017-07-01 08:40:00
42,train,42,47,48,53,2017-07-01 07:00:00,2017-07-01 07:50:00,2017-07-01 08:00:00,2017-07-01 08:50:00
43,train,43,48,49,54,2017-07-01 07:10:00,2017-07-01 08:00:00,2017-07-01 08:10:00,2017-07-01 09:00:00
44,train,44,49,50,55,2017-07-01 07:20:00,2017-07-01 08:10:00,2017-07-01 08:20:00,2017-07-01 09:10:00
45,train,45,50,51,56,2017-07-01 07:30:00,2017-07-01 08:20:00,2017-07-01 08:30:00,2017-07-01 09:20:00
46,train,46,51,52,57,2017-07-01 07:40:00,2017-07-01 08:30:00,2017-07-01 08:40:00,2017-07-01 09:30:00
47,train,47,52,53,58,2017-07-01 07:50:00,2017-07-01 08:40:00,2017-07-01 08:50:00,2017-07-01 09:40:00
48,train,48,53,54,59,2017-07-01 08:00:00,2017-07-01 08:50:00,2017-07-01 09:00:00,2017-07-01 09:50:00
49,train,49,54,55,60,2017-07-01 08:10:00,2017-07-01 09:00:00,2017-07-01 09:10:00,2017-07-01 10:00:00
50,train,50,55,56,61,2017-07-01 08:20:00,2017-07-01 09:10:00,2017-07-01 09:20:00,2017-07-01 10:10:00
51,train,51,56,57,62,2017-07-01 08:30:00,2017-07-01 09:20:00,2017-07-01 09:30:00,2017-07-01 10:20:00
52,train,52,57,58,63,2017-07-01 08:40:00,2017-07-01 09:30:00,2017-07-01 09:40:00,2017-07-01 10:30:00
53,train,53,58,59,64,2017-07-01 08:50:00,2017-07-01 09:40:00,2017-07-01 09:50:00,2017-07-01 10:40:00
54,train,54,59,60,65,2017-07-01 09:00:00,2017-07-01 09:50:00,2017-07-01 10:00:00,2017-07-01 10:50:00
55,train,55,60,61,66,2017-07-01 09:10:00,2017-07-01 10:00:00,2017-07-01 10:10:00,2017-07-01 11:00:00
56,train,56,61,62,67,2017-07-01 09:20:00,2017-07-01 10:10:00,2017-07-01 10:20:00,2017-07-01 11:10:00
57,train,57,62,63,68,2017-07-01 09:30:00,2017-07-01 10:20:00,2017-07-01 10:30:00,2017-07-01 11:20:00
58,train,58,63,64,69,2017-07-01 09:40:00,2017-07-01 10:30:00,2017-07-01 10:40:00,2017-07-01 11:30:00
59,train,59,64,65,70,2017-07-01 09:50:00,2017-07-01 10:40:00,2017-07-01 10:50:00,2017-07-01 11:40:00
60,train,60,65,66,71,2017-07-01 10:00:00,2017-07-01 10:50:00,2017-07-01 11:00:00,2017-07-01 11:50:00
61,train,61,66,67,72,2017-07-01 10:10:00,2017-07-01 11:00:00,2017-07-01 11:10:00,2017-07-01 12:00:00
62,train,62,67,68,73,2017-07-01 10:20:00,2017-07-01 11:10:00,2017-07-01 11:20:00,2017-07-01 12:10:00
63,train,63,68,69,74,2017-07-01 10:30:00,2017-07-01 11:20:00,2017-07-01 11:30:00,2017-07-01 12:20:00
64,train,64,69,70,75,2017-07-01 10:40:00,2017-07-01 11:30:00,2017-07-01 11:40:00,2017-07-01 12:30:00
65,train,65,70,71,76,2017-07-01 10:50:00,2017-07-01 11:40:00,2017-07-01 11:50:00,2017-07-01 12:40:00
66,train,66,71,72,77,2017-07-01 11:00:00,2017-07-01 11:50:00,2017-07-01 12:00:00,2017-07-01 12:50:00
67,train,67,72,73,78,2017-07-01 11:10:00,2017-07-01 12:00:00,2017-07-01 12:10:00,2017-07-01 13:00:00
68,train,68,73,74,79,2017-07-01 11:20:00,2017-07-01 12:10:00,2017-07-01 12:20:00,2017-07-01 13:10:00
69,train,69,74,75,80,2017-07-01 11:30:00,2017-07-01 12:20:00,2017-07-01 12:30:00,2017-07-01 13:20:00
70,train,70,75,76,81,2017-07-01 11:40:00,2017-07-01 12:30:00,2017-07-01 12:40:00,2017-07-01 13:30:00
71,train,71,76,77,82,2017-07-01 11:50:00,2017-07-01 12:40:00,2017-07-01 12:50:00,2017-07-01 13:40:00
72,train,72,77,78,83,2017-07-01 12:00:00,2017-07-01 12:50:00,2017-07-01 13:00:00,2017-07-01 13:50:00
73,train,73,78,79,84,2017-07-01 12:10:00,2017-07-01 13:00:00,2017-07-01 13:10:00,2017-07-01 14:00:00
74,train,74,79,80,85,2017-07-01 12:20:00,2017-07-01 13:10:00,2017-07-01 13:20:00,2017-07-01 14:10:00
75,train,75,80,81,86,2017-07-01 12:30:00,2017-07-01 13:20:00,2017-07-01 13:30:00,2017-07-01 14:20:00
76,train,76,81,82,87,2017-07-01 12:40:00,2017-07-01 13:30:00,2017-07-01 13:40:00,2017-07-01 14:30:00
77,train,77,82,83,88,2017-07-01 12:50:00,2017-07-01 13:40:00,2017-07-01 13:50:00,2017-07-01 14:40:00
78,train,78,83,84,89,2017-07-01 13:00:00,2017-07-01 13:50:00,2017-07-01 14:00:00,2017-07-01 14:50:00
79,train,79,84,85,90,2017-07-01 13:10:00,2017-07-01 14:00:00,2017-07-01 14:10:00,2017-07-01 15:00:00
80,train,80,85,86,91,2017-07-01 13:20:00,2017-07-01 14:10:00,2017-07-01 14:20:00,2017-07-01 15:10:00
81,train,81,86,87,92,2017-07-01 13:30:00,2017-07-01 14:20:00,2017-07-01 14:30:00,2017-07-01 15:20:00
82,train,82,87,88,93,2017-07-01 13:40:00,2017-07-01 14:30:00,2017-07-01 14:40:00,2017-07-01 15:30:00
83,train,83,88,89,94,2017-07-01 13:50:00,2017-07-01 14:40:00,2017-07-01 14:50:00,2017-07-01 15:40:00
84,train,84,89,90,95,2017-07-01 14:00:00,2017-07-01 14:50:00,2017-07-01 15:00:00,2017-07-01 15:50:00
85,train,85,90,91,96,2017-07-01 14:10:00,2017-07-01 15:00:00,2017-07-01 15:10:00,2017-07-01 16:00:00
86,train,86,91,92,97,2017-07-01 14:20:00,2017-07-01 15:10:00,2017-07-01 15:20:00,2017-07-01 16:10:00
87,train,87,92,93,98,2017-07-01 14:30:00,2017-07-01 15:20:00,2017-07-01 15:30:00,2017-07-01 16:20:00
88,train,88,93,94,99,2017-07-01 14:40:00,2017-07-01 15:30:00,2017-07-01 15:40:00,2017-07-01 16:30:00
89,train,89,94,95,100,2017-07-01 14:50:00,2017-07-01 15:40:00,2017-07-01 15:50:00,2017-07-01 16:40:00
90,train,90,95,96,101,2017-07-01 15:00:00,2017-07-01 15:50:00,2017-07-01 16:00:00,2017-07-01 16:50:00
91,train,91,96,97,102,2017-07-01 15:10:00,2017-07-01 16:00:00,2017-07-01 16:10:00,2017-07-01 17:00:00
92,train,92,97,98,103,2017-07-01 15:20:00,2017-07-01 16:10:00,2017-07-01 16:20:00,2017-07-01 17:10:00
93,train,93,98,99,104,2017-07-01 15:30:00,2017-07-01 16:20:00,2017-07-01 16:30:00,2017-07-01 17:20:00
94,train,94,99,100,105,2017-07-01 15:40:00,2017-07-01 16:30:00,2017-07-01 16:40:00,2017-07-01 17:30:00
95,train,95,100,101,106,2017-07-01 15:50:00,2017-07-01 16:40:00,2017-07-01 16:50:00,2017-07-01 17:40:00
96,train,96,101,102,107,2017-07-01 16:00:00,2017-07-01 16:50:00,2017-07-01 17:00:00,2017-07-01 17:50:00
97,train,97,102,103,108,2017-07-01 16:10:00,2017-07-01 17:00:00,2017-07-01 17:10:00,2017-07-01 18:00:00
98,train,98,103,104,109,2017-07-01 16:20:00,2017-07-01 17:10:00,2017-07-01 17:20:00,2017-07-01 18:10:00
99,train,99,104,105,110,2017-07-01 16:30:00,2017-07-01 17:20:00,2017-07-01 17:30:00,2017-07-01 18:20:00
100,train,100,105,106,111,2017-07-01 16:40:00,2017-07-01 17:30:00,2017-07-01 17:40:00,2017-07-01 18:30:00
101,train,101,106,107,112,2017-07-01 16:50:00,2017-07-01 17:40:00,2017-07-01 17:50:00,2017-07-01 18:40:00
102,train,102,107,108,113,2017-07-01 17:00:00,2017-07-01 17:50:00,2017-07-01 18:00:00,2017-07-01 18:50:00
103,train,103,108,109,114,2017-07-01 17:10:00,2017-07-01 18:00:00,2017-07-01 18:10:00,2017-07-01 19:00:00
104,train,104,109,110,115,2017-07-01 17:20:00,2017-07-01 18:10:00,2017-07-01 18:20:00,2017-07-01 19:10:00
105,train,105,110,111,116,2017-07-01 17:30:00,2017-07-01 18:20:00,2017-07-01 18:30:00,2017-07-01 19:20:00
106,train,106,111,112,117,2017-07-01 17:40:00,2017-07-01 18:30:00,2017-07-01 18:40:00,2017-07-01 19:30:00
107,train,107,112,113,118,2017-07-01 17:50:00,2017-07-01 18:40:00,2017-07-01 18:50:00,2017-07-01 19:40:00
108,train,108,113,114,119,2017-07-01 18:00:00,2017-07-01 18:50:00,2017-07-01 19:00:00,2017-07-01 19:50:00
109,train,109,114,115,120,2017-07-01 18:10:00,2017-07-01 19:00:00,2017-07-01 19:10:00,2017-07-01 20:00:00
110,train,110,115,116,121,2017-07-01 18:20:00,2017-07-01 19:10:00,2017-07-01 19:20:00,2017-07-01 20:10:00
111,train,111,116,117,122,2017-07-01 18:30:00,2017-07-01 19:20:00,2017-07-01 19:30:00,2017-07-01 20:20:00
112,train,112,117,118,123,2017-07-01 18:40:00,2017-07-01 19:30:00,2017-07-01 19:40:00,2017-07-01 20:30:00
113,train,113,118,119,124,2017-07-01 18:50:00,2017-07-01 19:40:00,2017-07-01 19:50:00,2017-07-01 20:40:00
114,train,114,119,120,125,2017-07-01 19:00:00,2017-07-01 19:50:00,2017-07-01 20:00:00,2017-07-01 20:50:00
115,train,115,120,121,126,2017-07-01 19:10:00,2017-07-01 20:00:00,2017-07-01 20:10:00,2017-07-01 21:00:00
116,train,116,121,122,127,2017-07-01 19:20:00,2017-07-01 20:10:00,2017-07-01 20:20:00,2017-07-01 21:10:00
117,train,117,122,123,128,2017-07-01 19:30:00,2017-07-01 20:20:00,2017-07-01 20:30:00,2017-07-01 21:20:00
118,train,118,123,124,129,2017-07-01 19:40:00,2017-07-01 20:30:00,2017-07-01 20:40:00,2017-07-01 21:30:00
119,train,119,124,125,130,2017-07-01 19:50:00,2017-07-01 20:40:00,2017-07-01 20:50:00,2017-07-01 21:40:00
120,train,120,125,126,131,2017-07-01 20:00:00,2017-07-01 20:50:00,2017-07-01 21:00:00,2017-07-01 21:50:00
121,train,121,126,127,132,2017-07-01 20:10:00,2017-07-01 21:00:00,2017-07-01 21:10:00,2017-07-01 22:00:00
122,train,122,127,128,133,2017-07-01 20:20:00,2017-07-01 21:10:00,2017-07-01 21:20:00,2017-07-01 22:10:00
123,train,123,128,129,134,2017-07-01 20:30:00,2017-07-01 21:20:00,2017-07-01 21:30:00,2017-07-01 22:20:00
124,train,124,129,130,135,2017-07-01 20:40:00,2017-07-01 21:30:00,2017-07-01 21:40:00,2017-07-01 22:30:00
125,train,125,130,131,136,2017-07-01 20:50:00,2017-07-01 21:40:00,2017-07-01 21:50:00,2017-07-01 22:40:00
126,train,126,131,132,137,2017-07-01 21:00:00,2017-07-01 21:50:00,2017-07-01 22:00:00,2017-07-01 22:50:00
127,train,127,132,133,138,2017-07-01 21:10:00,2017-07-01 22:00:00,2017-07-01 22:10:00,2017-07-01 23:00:00
128,train,128,133,134,139,2017-07-01 21:20:00,2017-07-01 22:10:00,2017-07-01 22:20:00,2017-07-01 23:10:00
129,train,129,134,135,140,2017-07-01 21:30:00,2017-07-01 22:20:00,2017-07-01 22:30:00,2017-07-01 23:20:00
130,train,130,135,136,141,2017-07-01 21:40:00,2017-07-01 22:30:00,2017-07-01 22:40:00,2017-07-01 23:30:00
131,train,131,136,137,142,2017-07-01 21:50:00,2017-07-01 22:40:00,2017-07-01 22:50:00,2017-07-01 23:40:00
132,train,132,137,138,143,2017-07-01 22:00:00,2017-07-01 22:50:00,2017-07-01 23:00:00,2017-07-01 23:50:00
133,train,133,138,139,144,2017-07-01 22:10:00,2017-07-01 23:00:00,2017-07-01 23:10:00,2017-07-02 00:00:00
134,train,134,139,140,145,2017-07-01 22:20:00,2017-07-01 23:10:00,2017-07-01 23:20:00,2017-07-02 00:10:00
135,train,135,140,141,146,2017-07-01 22:30:00,2017-07-01 23:20:00,2017-07-01 23:30:00,2017-07-02 00:20:00
136,train,136,141,142,147,2017-07-01 22:40:00,2017-07-01 23:30:00,2017-07-01 23:40:00,2017-07-02 00:30:00
137,train,137,142,143,148,2017-07-01 22:50:00,2017-07-01 23:40:00,2017-07-01 23:50:00,2017-07-02 00:40:00
138,train,138,143,144,149,2017-07-01 23:00:00,2017-07-01 23:50:00,2017-07-02 00:00:00,2017-07-02 00:50:00
139,train,139,144,145,150,2017-07-01 23:10:00,2017-07-02 00:00:00,2017-07-02 00:10:00,2017-07-02 01:00:00
140,train,140,145,146,151,2017-07-01 23:20:00,2017-07-02 00:10:00,2017-07-02 00:20:00,2017-07-02 01:10:00
141,train,141,146,147,152,2017-07-01 23:30:00,2017-07-02 00:20:00,2017-07-02 00:30:00,2017-07-02 01:20:00
142,train,142,147,148,153,2017-07-01 23:40:00,2017-07-02 00:30:00,2017-07-02 00:40:00,2017-07-02 01:30:00
143,train,143,148,149,154,2017-07-01 23:50:00,2017-07-02 00:40:00,2017-07-02 00:50:00,2017-07-02 01:40:00
144,train,144,149,150,155,2017-07-02 00:00:00,2017-07-02 00:50:00,2017-07-02 01:00:00,2017-07-02 01:50:00
145,train,145,150,151,156,2017-07-02 00:10:00,2017-07-02 01:00:00,2017-07-02 01:10:00,2017-07-02 02:00:00
146,train,146,151,152,157,2017-07-02 00:20:00,2017-07-02 01:10:00,2017-07-02 01:20:00,2017-07-02 02:10:00
147,train,147,152,153,158,2017-07-02 00:30:00,2017-07-02 01:20:00,2017-07-02 01:30:00,2017-07-02 02:20:00
148,train,148,153,154,159,2017-07-02 00:40:00,2017-07-02 01:30:00,2017-07-02 01:40:00,2017-07-02 02:30:00
149,train,149,154,155,160,2017-07-02 00:50:00,2017-07-02 01:40:00,2017-07-02 01:50:00,2017-07-02 02:40:00
150,train,150,155,156,161,2017-07-02 01:00:00,2017-07-02 01:50:00,2017-07-02 02:00:00,2017-07-02 02:50:00
151,train,151,156,157,162,2017-07-02 01:10:00,2017-07-02 02:00:00,2017-07-02 02:10:00,2017-07-02 03:00:00
152,train,152,157,158,163,2017-07-02 01:20:00,2017-07-02 02:10:00,2017-07-02 02:20:00,2017-07-02 03:10:00
153,train,153,158,159,164,2017-07-02 01:30:00,2017-07-02 02:20:00,2017-07-02 02:30:00,2017-07-02 03:20:00
154,train,154,159,160,165,2017-07-02 01:40:00,2017-07-02 02:30:00,2017-07-02 02:40:00,2017-07-02 03:30:00
155,train,155,160,161,166,2017-07-02 01:50:00,2017-07-02 02:40:00,2017-07-02 02:50:00,2017-07-02 03:40:00
156,train,156,161,162,167,2017-07-02 02:00:00,2017-07-02 02:50:00,2017-07-02 03:00:00,2017-07-02 03:50:00
157,train,157,162,163,168,2017-07-02 02:10:00,2017-07-02 03:00:00,2017-07-02 03:10:00,2017-07-02 04:00:00
158,train,158,163,164,169,2017-07-02 02:20:00,2017-07-02 03:10:00,2017-07-02 03:20:00,2017-07-02 04:10:00
159,train,159,164,165,170,2017-07-02 02:30:00,2017-07-02 03:20:00,2017-07-02 03:30:00,2017-07-02 04:20:00
160,train,160,165,166,171,2017-07-02 02:40:00,2017-07-02 03:30:00,2017-07-02 03:40:00,2017-07-02 04:30:00
161,train,161,166,167,172,2017-07-02 02:50:00,2017-07-02 03:40:00,2017-07-02 03:50:00,2017-07-02 04:40:00
162,train,162,167,168,173,2017-07-02 03:00:00,2017-07-02 03:50:00,2017-07-02 04:00:00,2017-07-02 04:50:00
163,train,163,168,169,174,2017-07-02 03:10:00,2017-07-02 04:00:00,2017-07-02 04:10:00,2017-07-02 05:00:00
164,train,164,169,170,175,2017-07-02 03:20:00,2017-07-02 04:10:00,2017-07-02 04:20:00,2017-07-02 05:10:00
165,train,165,170,171,176,2017-07-02 03:30:00,2017-07-02 04:20:00,2017-07-02 04:30:00,2017-07-02 05:20:00
166,train,166,171,172,177,2017-07-02 03:40:00,2017-07-02 04:30:00,2017-07-02 04:40:00,2017-07-02 05:30:00
167,train,167,172,173,178,2017-07-02 03:50:00,2017-07-02 04:40:00,2017-07-02 04:50:00,2017-07-02 05:40:00
168,train,168,173,174,179,2017-07-02 04:00:00,2017-07-02 04:50:00,2017-07-02 05:00:00,2017-07-02 05:50:00
169,train,169,174,175,180,2017-07-02 04:10:00,2017-07-02 05:00:00,2017-07-02 05:10:00,2017-07-02 06:00:00
170,train,170,175,176,181,2017-07-02 04:20:00,2017-07-02 05:10:00,2017-07-02 05:20:00,2017-07-02 06:10:00
171,train,171,176,177,182,2017-07-02 04:30:00,2017-07-02 05:20:00,2017-07-02 05:30:00,2017-07-02 06:20:00
172,train,172,177,178,183,2017-07-02 04:40:00,2017-07-02 05:30:00,2017-07-02 05:40:00,2017-07-02 06:30:00
173,train,173,178,179,184,2017-07-02 04:50:00,2017-07-02 05:40:00,2017-07-02 05:50:00,2017-07-02 06:40:00
174,train,174,179,180,185,2017-07-02 05:00:00,2017-07-02 05:50:00,2017-07-02 06:00:00,2017-07-02 06:50:00
175,train,175,180,181,186,2017-07-02 05:10:00,2017-07-02 06:00:00,2017-07-02 06:10:00,2017-07-02 07:00:00
176,train,176,181,182,187,2017-07-02 05:20:00,2017-07-02 06:10:00,2017-07-02 06:20:00,2017-07-02 07:10:00
177,train,177,182,183,188,2017-07-02 05:30:00,2017-07-02 06:20:00,2017-07-02 06:30:00,2017-07-02 07:20:00
178,train,178,183,184,189,2017-07-02 05:40:00,2017-07-02 06:30:00,2017-07-02 06:40:00,2017-07-02 07:30:00
179,train,179,184,185,190,2017-07-02 05:50:00,2017-07-02 06:40:00,2017-07-02 06:50:00,2017-07-02 07:40:00
180,train,180,185,186,191,2017-07-02 06:00:00,2017-07-02 06:50:00,2017-07-02 07:00:00,2017-07-02 07:50:00
181,train,181,186,187,192,2017-07-02 06:10:00,2017-07-02 07:00:00,2017-07-02 07:10:00,2017-07-02 08:00:00
182,train,182,187,188,193,2017-07-02 06:20:00,2017-07-02 07:10:00,2017-07-02 07:20:00,2017-07-02 08:10:00
183,train,183,188,189,194,2017-07-02 06:30:00,2017-07-02 07:20:00,2017-07-02 07:30:00,2017-07-02 08:20:00
184,train,184,189,190,195,2017-07-02 06:40:00,2017-07-02 07:30:00,2017-07-02 07:40:00,2017-07-02 08:30:00
185,train,185,190,191,196,2017-07-02 06:50:00,2017-07-02 07:40:00,2017-07-02 07:50:00,2017-07-02 08:40:00
186,train,186,191,192,197,2017-07-02 07:00:00,2017-07-02 07:50:00,2017-07-02 08:00:00,2017-07-02 08:50:00
187,train,187,192,193,198,2017-07-02 07:10:00,2017-07-02 08:00:00,2017-07-02 08:10:00,2017-07-02 09:00:00
188,train,188,193,194,199,2017-07-02 07:20:00,2017-07-02 08:10:00,2017-07-02 08:20:00,2017-07-02 09:10:00
189,train,189,194,195,200,2017-07-02 07:30:00,2017-07-02 08:20:00,2017-07-02 08:30:00,2017-07-02 09:20:00
190,train,190,195,196,201,2017-07-02 07:40:00,2017-07-02 08:30:00,2017-07-02 08:40:00,2017-07-02 09:30:00
191,train,191,196,197,202,2017-07-02 07:50:00,2017-07-02 08:40:00,2017-07-02 08:50:00,2017-07-02 09:40:00
192,train,192,197,198,203,2017-07-02 08:00:00,2017-07-02 08:50:00,2017-07-02 09:00:00,2017-07-02 09:50:00
193,train,193,198,199,204,2017-07-02 08:10:00,2017-07-02 09:00:00,2017-07-02 09:10:00,2017-07-02 10:00:00
194,train,194,199,200,205,2017-07-02 08:20:00,2017-07-02 09:10:00,2017-07-02 09:20:00,2017-07-02 10:10:00
195,train,195,200,201,206,2017-07-02 08:30:00,2017-07-02 09:20:00,2017-07-02 09:30:00,2017-07-02 10:20:00
196,train,196,201,202,207,2017-07-02 08:40:00,2017-07-02 09:30:00,2017-07-02 09:40:00,2017-07-02 10:30:00
197,train,197,202,203,208,2017-07-02 08:50:00,2017-07-02 09:40:00,2017-07-02 09:50:00,2017-07-02 10:40:00
198,train,198,203,204,209,2017-07-02 09:00:00,2017-07-02 09:50:00,2017-07-02 10:00:00,2017-07-02 10:50:00
199,train,199,204,205,210,2017-07-02 09:10:00,2017-07-02 10:00:00,2017-07-02 10:10:00,2017-07-02 11:00:00
200,train,200,205,206,211,2017-07-02 09:20:00,2017-07-02 10:10:00,2017-07-02 10:20:00,2017-07-02 11:10:00
201,train,201,206,207,212,2017-07-02 09:30:00,2017-07-02 10:20:00,2017-07-02 10:30:00,2017-07-02 11:20:00
202,train,202,207,208,213,2017-07-02 09:40:00,2017-07-02 10:30:00,2017-07-02 10:40:00,2017-07-02 11:30:00
203,train,203,208,209,214,2017-07-02 09:50:00,2017-07-02 10:40:00,2017-07-02 10:50:00,2017-07-02 11:40:00
204,train,204,209,210,215,2017-07-02 10:00:00,2017-07-02 10:50:00,2017-07-02 11:00:00,2017-07-02 11:50:00
205,train,205,210,211,216,2017-07-02 10:10:00,2017-07-02 11:00:00,2017-07-02 11:10:00,2017-07-02 12:00:00
206,train,206,211,212,217,2017-07-02 10:20:00,2017-07-02 11:10:00,2017-07-02 11:20:00,2017-07-02 12:10:00
207,train,207,212,213,218,2017-07-02 10:30:00,2017-07-02 11:20:00,2017-07-02 11:30:00,2017-07-02 12:20:00
208,train,208,213,214,219,2017-07-02 10:40:00,2017-07-02 11:30:00,2017-07-02 11:40:00,2017-07-02 12:30:00
209,train,209,214,215,220,2017-07-02 10:50:00,2017-07-02 11:40:00,2017-07-02 11:50:00,2017-07-02 12:40:00
210,train,210,215,216,221,2017-07-02 11:00:00,2017-07-02 11:50:00,2017-07-02 12:00:00,2017-07-02 12:50:00
211,train,211,216,217,222,2017-07-02 11:10:00,2017-07-02 12:00:00,2017-07-02 12:10:00,2017-07-02 13:00:00
212,train,212,217,218,223,2017-07-02 11:20:00,2017-07-02 12:10:00,2017-07-02 12:20:00,2017-07-02 13:10:00
213,train,213,218,219,224,2017-07-02 11:30:00,2017-07-02 12:20:00,2017-07-02 12:30:00,2017-07-02 13:20:00
214,train,214,219,220,225,2017-07-02 11:40:00,2017-07-02 12:30:00,2017-07-02 12:40:00,2017-07-02 13:30:00
215,train,215,220,221,226,2017-07-02 11:50:00,2017-07-02 12:40:00,2017-07-02 12:50:00,2017-07-02 13:40:00
216,train,216,221,222,227,2017-07-02 12:00:00,2017-07-02 12:50:00,2017-07-02 13:00:00,2017-07-02 13:50:00
217,train,217,222,223,228,2017-07-02 12:10:00,2017-07-02 13:00:00,2017-07-02 13:10:00,2017-07-02 14:00:00
218,train,218,223,224,229,2017-07-02 12:20:00,2017-07-02 13:10:00,2017-07-02 13:20:00,2017-07-02 14:10:00
219,train,219,224,225,230,2017-07-02 12:30:00,2017-07-02 13:20:00,2017-07-02 13:30:00,2017-07-02 14:20:00
220,train,220,225,226,231,2017-07-02 12:40:00,2017-07-02 13:30:00,2017-07-02 13:40:00,2017-07-02 14:30:00
221,train,221,226,227,232,2017-07-02 12:50:00,2017-07-02 13:40:00,2017-07-02 13:50:00,2017-07-02 14:40:00
222,train,222,227,228,233,2017-07-02 13:00:00,2017-07-02 13:50:00,2017-07-02 14:00:00,2017-07-02 14:50:00
223,train,223,228,229,234,2017-07-02 13:10:00,2017-07-02 14:00:00,2017-07-02 14:10:00,2017-07-02 15:00:00
224,train,224,229,230,235,2017-07-02 13:20:00,2017-07-02 14:10:00,2017-07-02 14:20:00,2017-07-02 15:10:00
225,train,225,230,231,236,2017-07-02 13:30:00,2017-07-02 14:20:00,2017-07-02 14:30:00,2017-07-02 15:20:00
226,train,226,231,232,237,2017-07-02 13:40:00,2017-07-02 14:30:00,2017-07-02 14:40:00,2017-07-02 15:30:00
227,train,227,232,233,238,2017-07-02 13:50:00,2017-07-02 14:40:00,2017-07-02 14:50:00,2017-07-02 15:40:00
228,train,228,233,234,239,2017-07-02 14:00:00,2017-07-02 14:50:00,2017-07-02 15:00:00,2017-07-02 15:50:00
229,train,229,234,235,240,2017-07-02 14:10:00,2017-07-02 15:00:00,2017-07-02 15:10:00,2017-07-02 16:00:00
230,train,230,235,236,241,2017-07-02 14:20:00,2017-07-02 15:10:00,2017-07-02 15:20:00,2017-07-02 16:10:00
231,train,231,236,237,242,2017-07-02 14:30:00,2017-07-02 15:20:00,2017-07-02 15:30:00,2017-07-02 16:20:00
232,train,232,237,238,243,2017-07-02 14:40:00,2017-07-02 15:30:00,2017-07-02 15:40:00,2017-07-02 16:30:00
233,train,233,238,239,244,2017-07-02 14:50:00,2017-07-02 15:40:00,2017-07-02 15:50:00,2017-07-02 16:40:00
234,train,234,239,240,245,2017-07-02 15:00:00,2017-07-02 15:50:00,2017-07-02 16:00:00,2017-07-02 16:50:00
235,train,235,240,241,246,2017-07-02 15:10:00,2017-07-02 16:00:00,2017-07-02 16:10:00,2017-07-02 17:00:00
236,train,236,241,242,247,2017-07-02 15:20:00,2017-07-02 16:10:00,2017-07-02 16:20:00,2017-07-02 17:10:00
237,train,237,242,243,248,2017-07-02 15:30:00,2017-07-02 16:20:00,2017-07-02 16:30:00,2017-07-02 17:20:00
238,train,238,243,244,249,2017-07-02 15:40:00,2017-07-02 16:30:00,2017-07-02 16:40:00,2017-07-02 17:30:00
239,train,239,244,245,250,2017-07-02 15:50:00,2017-07-02 16:40:00,2017-07-02 16:50:00,2017-07-02 17:40:00
240,train,240,245,246,251,2017-07-02 16:00:00,2017-07-02 16:50:00,2017-07-02 17:00:00,2017-07-02 17:50:00
241,train,241,246,247,252,2017-07-02 16:10:00,2017-07-02 17:00:00,2017-07-02 17:10:00,2017-07-02 18:00:00
242,train,242,247,248,253,2017-07-02 16:20:00,2017-07-02 17:10:00,2017-07-02 17:20:00,2017-07-02 18:10:00
243,train,243,248,249,254,2017-07-02 16:30:00,2017-07-02 17:20:00,2017-07-02 17:30:00,2017-07-02 18:20:00
244,train,244,249,250,255,2017-07-02 16:40:00,2017-07-02 17:30:00,2017-07-02 17:40:00,2017-07-02 18:30:00
245,train,245,250,251,256,2017-07-02 16:50:00,2017-07-02 17:40:00,2017-07-02 17:50:00,2017-07-02 18:40:00
246,train,246,251,252,257,2017-07-02 17:00:00,2017-07-02 17:50:00,2017-07-02 18:00:00,2017-07-02 18:50:00
247,train,247,252,253,258,2017-07-02 17:10:00,2017-07-02 18:00:00,2017-07-02 18:10:00,2017-07-02 19:00:00
248,train,248,253,254,259,2017-07-02 17:20:00,2017-07-02 18:10:00,2017-07-02 18:20:00,2017-07-02 19:10:00
249,train,249,254,255,260,2017-07-02 17:30:00,2017-07-02 18:20:00,2017-07-02 18:30:00,2017-07-02 19:20:00
250,train,250,255,256,261,2017-07-02 17:40:00,2017-07-02 18:30:00,2017-07-02 18:40:00,2017-07-02 19:30:00
251,train,251,256,257,262,2017-07-02 17:50:00,2017-07-02 18:40:00,2017-07-02 18:50:00,2017-07-02 19:40:00
252,train,252,257,258,263,2017-07-02 18:00:00,2017-07-02 18:50:00,2017-07-02 19:00:00,2017-07-02 19:50:00
253,train,253,258,259,264,2017-07-02 18:10:00,2017-07-02 19:00:00,2017-07-02 19:10:00,2017-07-02 20:00:00
254,train,254,259,260,265,2017-07-02 18:20:00,2017-07-02 19:10:00,2017-07-02 19:20:00,2017-07-02 20:10:00
255,train,255,260,261,266,2017-07-02 18:30:00,2017-07-02 19:20:00,2017-07-02 19:30:00,2017-07-02 20:20:00
256,train,256,261,262,267,2017-07-02 18:40:00,2017-07-02 19:30:00,2017-07-02 19:40:00,2017-07-02 20:30:00
257,train,257,262,263,268,2017-07-02 18:50:00,2017-07-02 19:40:00,2017-07-02 19:50:00,2017-07-02 20:40:00
258,train,258,263,264,269,2017-07-02 19:00:00,2017-07-02 19:50:00,2017-07-02 20:00:00,2017-07-02 20:50:00
259,train,259,264,265,270,2017-07-02 19:10:00,2017-07-02 20:00:00,2017-07-02 20:10:00,2017-07-02 21:00:00
260,train,260,265,266,271,2017-07-02 19:20:00,2017-07-02 20:10:00,2017-07-02 20:20:00,2017-07-02 21:10:00
261,train,261,266,267,272,2017-07-02 19:30:00,2017-07-02 20:20:00,2017-07-02 20:30:00,2017-07-02 21:20:00
262,train,262,267,268,273,2017-07-02 19:40:00,2017-07-02 20:30:00,2017-07-02 20:40:00,2017-07-02 21:30:00
263,train,263,268,269,274,2017-07-02 19:50:00,2017-07-02 20:40:00,2017-07-02 20:50:00,2017-07-02 21:40:00
264,train,264,269,270,275,2017-07-02 20:00:00,2017-07-02 20:50:00,2017-07-02 21:00:00,2017-07-02 21:50:00
265,train,265,270,271,276,2017-07-02 20:10:00,2017-07-02 21:00:00,2017-07-02 21:10:00,2017-07-02 22:00:00
266,train,266,271,272,277,2017-07-02 20:20:00,2017-07-02 21:10:00,2017-07-02 21:20:00,2017-07-02 22:10:00
267,train,267,272,273,278,2017-07-02 20:30:00,2017-07-02 21:20:00,2017-07-02 21:30:00,2017-07-02 22:20:00
268,train,268,273,274,279,2017-07-02 20:40:00,2017-07-02 21:30:00,2017-07-02 21:40:00,2017-07-02 22:30:00
269,train,269,274,275,280,2017-07-02 20:50:00,2017-07-02 21:40:00,2017-07-02 21:50:00,2017-07-02 22:40:00
270,train,270,275,276,281,2017-07-02 21:00:00,2017-07-02 21:50:00,2017-07-02 22:00:00,2017-07-02 22:50:00
271,train,271,276,277,282,2017-07-02 21:10:00,2017-07-02 22:00:00,2017-07-02 22:10:00,2017-07-02 23:00:00
272,train,272,277,278,283,2017-07-02 21:20:00,2017-07-02 22:10:00,2017-07-02 22:20:00,2017-07-02 23:10:00
273,train,273,278,279,284,2017-07-02 21:30:00,2017-07-02 22:20:00,2017-07-02 22:30:00,2017-07-02 23:20:00
274,train,274,279,280,285,2017-07-02 21:40:00,2017-07-02 22:30:00,2017-07-02 22:40:00,2017-07-02 23:30:00
275,train,275,280,281,286,2017-07-02 21:50:00,2017-07-02 22:40:00,2017-07-02 22:50:00,2017-07-02 23:40:00
276,train,276,281,282,287,2017-07-02 22:00:00,2017-07-02 22:50:00,2017-07-02 23:00:00,2017-07-02 23:50:00
277,train,277,282,283,288,2017-07-02 22:10:00,2017-07-02 23:00:00,2017-07-02 23:10:00,2017-07-03 00:00:00
278,train,278,283,284,289,2017-07-02 22:20:00,2017-07-02 23:10:00,2017-07-02 23:20:00,2017-07-03 00:10:00
279,train,279,284,285,290,2017-07-02 22:30:00,2017-07-02 23:20:00,2017-07-02 23:30:00,2017-07-03 00:20:00
280,train,280,285,286,291,2017-07-02 22:40:00,2017-07-02 23:30:00,2017-07-02 23:40:00,2017-07-03 00:30:00
281,train,281,286,287,292,2017-07-02 22:50:00,2017-07-02 23:40:00,2017-07-02 23:50:00,2017-07-03 00:40:00
282,train,282,287,288,293,2017-07-02 23:00:00,2017-07-02 23:50:00,2017-07-03 00:00:00,2017-07-03 00:50:00
283,train,283,288,289,294,2017-07-02 23:10:00,2017-07-03 00:00:00,2017-07-03 00:10:00,2017-07-03 01:00:00
284,train,284,289,290,295,2017-07-02 23:20:00,2017-07-03 00:10:00,2017-07-03 00:20:00,2017-07-03 01:10:00
285,train,285,290,291,296,2017-07-02 23:30:00,2017-07-03 00:20:00,2017-07-03 00:30:00,2017-07-03 01:20:00
286,train,286,291,292,297,2017-07-02 23:40:00,2017-07-03 00:30:00,2017-07-03 00:40:00,2017-07-03 01:30:00
287,train,287,292,293,298,2017-07-02 23:50:00,2017-07-03 00:40:00,2017-07-03 00:50:00,2017-07-03 01:40:00
288,train,288,293,294,299,2017-07-03 00:00:00,2017-07-03 00:50:00,2017-07-03 01:00:00,2017-07-03 01:50:00
289,train,289,294,295,300,2017-07-03 00:10:00,2017-07-03 01:00:00,2017-07-03 01:10:00,2017-07-03 02:00:00
290,train,290,295,296,301,2017-07-03 00:20:00,2017-07-03 01:10:00,2017-07-03 01:20:00,2017-07-03 02:10:00
291,train,291,296,297,302,2017-07-03 00:30:00,2017-07-03 01:20:00,2017-07-03 01:30:00,2017-07-03 02:20:00
292,train,292,297,298,303,2017-07-03 00:40:00,2017-07-03 01:30:00,2017-07-03 01:40:00,2017-07-03 02:30:00
293,train,293,298,299,304,2017-07-03 00:50:00,2017-07-03 01:40:00,2017-07-03 01:50:00,2017-07-03 02:40:00
294,train,294,299,300,305,2017-07-03 01:00:00,2017-07-03 01:50:00,2017-07-03 02:00:00,2017-07-03 02:50:00
295,train,295,300,301,306,2017-07-03 01:10:00,2017-07-03 02:00:00,2017-07-03 02:10:00,2017-07-03 03:00:00
296,train,296,301,302,307,2017-07-03 01:20:00,2017-07-03 02:10:00,2017-07-03 02:20:00,2017-07-03 03:10:00
297,train,297,302,303,308,2017-07-03 01:30:00,2017-07-03 02:20:00,2017-07-03 02:30:00,2017-07-03 03:20:00
298,train,298,303,304,309,2017-07-03 01:40:00,2017-07-03 02:30:00,2017-07-03 02:40:00,2017-07-03 03:30:00
299,train,299,304,305,310,2017-07-03 01:50:00,2017-07-03 02:40:00,2017-07-03 02:50:00,2017-07-03 03:40:00
300,train,300,305,306,311,2017-07-03 02:00:00,2017-07-03 02:50:00,2017-07-03 03:00:00,2017-07-03 03:50:00
301,train,301,306,307,312,2017-07-03 02:10:00,2017-07-03 03:00:00,2017-07-03 03:10:00,2017-07-03 04:00:00
302,train,302,307,308,313,2017-07-03 02:20:00,2017-07-03 03:10:00,2017-07-03 03:20:00,2017-07-03 04:10:00
303,train,303,308,309,314,2017-07-03 02:30:00,2017-07-03 03:20:00,2017-07-03 03:30:00,2017-07-03 04:20:00
304,train,304,309,310,315,2017-07-03 02:40:00,2017-07-03 03:30:00,2017-07-03 03:40:00,2017-07-03 04:30:00
305,train,305,310,311,316,2017-07-03 02:50:00,2017-07-03 03:40:00,2017-07-03 03:50:00,2017-07-03 04:40:00
306,train,306,311,312,317,2017-07-03 03:00:00,2017-07-03 03:50:00,2017-07-03 04:00:00,2017-07-03 04:50:00
307,train,307,312,313,318,2017-07-03 03:10:00,2017-07-03 04:00:00,2017-07-03 04:10:00,2017-07-03 05:00:00
308,train,308,313,314,319,2017-07-03 03:20:00,2017-07-03 04:10:00,2017-07-03 04:20:00,2017-07-03 05:10:00
309,train,309,314,315,320,2017-07-03 03:30:00,2017-07-03 04:20:00,2017-07-03 04:30:00,2017-07-03 05:20:00
310,train,310,315,316,321,2017-07-03 03:40:00,2017-07-03 04:30:00,2017-07-03 04:40:00,2017-07-03 05:30:00
311,train,311,316,317,322,2017-07-03 03:50:00,2017-07-03 04:40:00,2017-07-03 04:50:00,2017-07-03 05:40:00
312,train,312,317,318,323,2017-07-03 04:00:00,2017-07-03 04:50:00,2017-07-03 05:00:00,2017-07-03 05:50:00
313,train,313,318,319,324,2017-07-03 04:10:00,2017-07-03 05:00:00,2017-07-03 05:10:00,2017-07-03 06:00:00
314,train,314,319,320,325,2017-07-03 04:20:00,2017-07-03 05:10:00,2017-07-03 05:20:00,2017-07-03 06:10:00
315,train,315,320,321,326,2017-07-03 04:30:00,2017-07-03 05:20:00,2017-07-03 05:30:00,2017-07-03 06:20:00
316,train,316,321,322,327,2017-07-03 04:40:00,2017-07-03 05:30:00,2017-07-03 05:40:00,2017-07-03 06:30:00
317,train,317,322,323,328,2017-07-03 04:50:00,2017-07-03 05:40:00,2017-07-03 05:50:00,2017-07-03 06:40:00
318,train,318,323,324,329,2017-07-03 05:00:00,2017-07-03 05:50:00,2017-07-03 06:00:00,2017-07-03 06:50:00
319,train,319,324,325,330,2017-07-03 05:10:00,2017-07-03 06:00:00,2017-07-03 06:10:00,2017-07-03 07:00:00
320,train,320,325,326,331,2017-07-03 05:20:00,2017-07-03 06:10:00,2017-07-03 06:20:00,2017-07-03 07:10:00
321,train,321,326,327,332,2017-07-03 05:30:00,2017-07-03 06:20:00,2017-07-03 06:30:00,2017-07-03 07:20:00
322,train,322,327,328,333,2017-07-03 05:40:00,2017-07-03 06:30:00,2017-07-03 06:40:00,2017-07-03 07:30:00
323,train,323,328,329,334,2017-07-03 05:50:00,2017-07-03 06:40:00,2017-07-03 06:50:00,2017-07-03 07:40:00
324,train,324,329,330,335,2017-07-03 06:00:00,2017-07-03 06:50:00,2017-07-03 07:00:00,2017-07-03 07:50:00
325,train,325,330,331,336,2017-07-03 06:10:00,2017-07-03 07:00:00,2017-07-03 07:10:00,2017-07-03 08:00:00
326,train,326,331,332,337,2017-07-03 06:20:00,2017-07-03 07:10:00,2017-07-03 07:20:00,2017-07-03 08:10:00
327,train,327,332,333,338,2017-07-03 06:30:00,2017-07-03 07:20:00,2017-07-03 07:30:00,2017-07-03 08:20:00
328,train,328,333,334,339,2017-07-03 06:40:00,2017-07-03 07:30:00,2017-07-03 07:40:00,2017-07-03 08:30:00
329,train,329,334,335,340,2017-07-03 06:50:00,2017-07-03 07:40:00,2017-07-03 07:50:00,2017-07-03 08:40:00
330,train,330,335,336,341,2017-07-03 07:00:00,2017-07-03 07:50:00,2017-07-03 08:00:00,2017-07-03 08:50:00
331,train,331,336,337,342,2017-07-03 07:10:00,2017-07-03 08:00:00,2017-07-03 08:10:00,2017-07-03 09:00:00
332,train,332,337,338,343,2017-07-03 07:20:00,2017-07-03 08:10:00,2017-07-03 08:20:00,2017-07-03 09:10:00
333,train,333,338,339,344,2017-07-03 07:30:00,2017-07-03 08:20:00,2017-07-03 08:30:00,2017-07-03 09:20:00
334,train,334,339,340,345,2017-07-03 07:40:00,2017-07-03 08:30:00,2017-07-03 08:40:00,2017-07-03 09:30:00
335,train,335,340,341,346,2017-07-03 07:50:00,2017-07-03 08:40:00,2017-07-03 08:50:00,2017-07-03 09:40:00
336,train,336,341,342,347,2017-07-03 08:00:00,2017-07-03 08:50:00,2017-07-03 09:00:00,2017-07-03 09:50:00
337,train,337,342,343,348,2017-07-03 08:10:00,2017-07-03 09:00:00,2017-07-03 09:10:00,2017-07-03 10:00:00
338,train,338,343,344,349,2017-07-03 08:20:00,2017-07-03 09:10:00,2017-07-03 09:20:00,2017-07-03 10:10:00
339,train,339,344,345,350,2017-07-03 08:30:00,2017-07-03 09:20:00,2017-07-03 09:30:00,2017-07-03 10:20:00
340,train,340,345,346,351,2017-07-03 08:40:00,2017-07-03 09:30:00,2017-07-03 09:40:00,2017-07-03 10:30:00
341,train,341,346,347,352,2017-07-03 08:50:00,2017-07-03 09:40:00,2017-07-03 09:50:00,2017-07-03 10:40:00
342,train,342,347,348,353,2017-07-03 09:00:00,2017-07-03 09:50:00,2017-07-03 10:00:00,2017-07-03 10:50:00
343,train,343,348,349,354,2017-07-03 09:10:00,2017-07-03 10:00:00,2017-07-03 10:10:00,2017-07-03 11:00:00
344,train,344,349,350,355,2017-07-03 09:20:00,2017-07-03 10:10:00,2017-07-03 10:20:00,2017-07-03 11:10:00
345,train,345,350,351,356,2017-07-03 09:30:00,2017-07-03 10:20:00,2017-07-03 10:30:00,2017-07-03 11:20:00
346,train,346,351,352,357,2017-07-03 09:40:00,2017-07-03 10:30:00,2017-07-03 10:40:00,2017-07-03 11:30:00
347,train,347,352,353,358,2017-07-03 09:50:00,2017-07-03 10:40:00,2017-07-03 10:50:00,2017-07-03 11:40:00
348,train,348,353,354,359,2017-07-03 10:00:00,2017-07-03 10:50:00,2017-07-03 11:00:00,2017-07-03 11:50:00
349,train,349,354,355,360,2017-07-03 10:10:00,2017-07-03 11:00:00,2017-07-03 11:10:00,2017-07-03 12:00:00
350,train,350,355,356,361,2017-07-03 10:20:00,2017-07-03 11:10:00,2017-07-03 11:20:00,2017-07-03 12:10:00
351,train,351,356,357,362,2017-07-03 10:30:00,2017-07-03 11:20:00,2017-07-03 11:30:00,2017-07-03 12:20:00
352,train,352,357,358,363,2017-07-03 10:40:00,2017-07-03 11:30:00,2017-07-03 11:40:00,2017-07-03 12:30:00
353,train,353,358,359,364,2017-07-03 10:50:00,2017-07-03 11:40:00,2017-07-03 11:50:00,2017-07-03 12:40:00
354,train,354,359,360,365,2017-07-03 11:00:00,2017-07-03 11:50:00,2017-07-03 12:00:00,2017-07-03 12:50:00
355,train,355,360,361,366,2017-07-03 11:10:00,2017-07-03 12:00:00,2017-07-03 12:10:00,2017-07-03 13:00:00
356,train,356,361,362,367,2017-07-03 11:20:00,2017-07-03 12:10:00,2017-07-03 12:20:00,2017-07-03 13:10:00
357,train,357,362,363,368,2017-07-03 11:30:00,2017-07-03 12:20:00,2017-07-03 12:30:00,2017-07-03 13:20:00
358,train,358,363,364,369,2017-07-03 11:40:00,2017-07-03 12:30:00,2017-07-03 12:40:00,2017-07-03 13:30:00
359,train,359,364,365,370,2017-07-03 11:50:00,2017-07-03 12:40:00,2017-07-03 12:50:00,2017-07-03 13:40:00
360,train,360,365,366,371,2017-07-03 12:00:00,2017-07-03 12:50:00,2017-07-03 13:00:00,2017-07-03 13:50:00
361,train,361,366,367,372,2017-07-03 12:10:00,2017-07-03 13:00:00,2017-07-03 13:10:00,2017-07-03 14:00:00
362,train,362,367,368,373,2017-07-03 12:20:00,2017-07-03 13:10:00,2017-07-03 13:20:00,2017-07-03 14:10:00
363,train,363,368,369,374,2017-07-03 12:30:00,2017-07-03 13:20:00,2017-07-03 13:30:00,2017-07-03 14:20:00
364,train,364,369,370,375,2017-07-03 12:40:00,2017-07-03 13:30:00,2017-07-03 13:40:00,2017-07-03 14:30:00
365,train,365,370,371,376,2017-07-03 12:50:00,2017-07-03 13:40:00,2017-07-03 13:50:00,2017-07-03 14:40:00
366,train,366,371,372,377,2017-07-03 13:00:00,2017-07-03 13:50:00,2017-07-03 14:00:00,2017-07-03 14:50:00
367,train,367,372,373,378,2017-07-03 13:10:00,2017-07-03 14:00:00,2017-07-03 14:10:00,2017-07-03 15:00:00
368,train,368,373,374,379,2017-07-03 13:20:00,2017-07-03 14:10:00,2017-07-03 14:20:00,2017-07-03 15:10:00
369,train,369,374,375,380,2017-07-03 13:30:00,2017-07-03 14:20:00,2017-07-03 14:30:00,2017-07-03 15:20:00
370,train,370,375,376,381,2017-07-03 13:40:00,2017-07-03 14:30:00,2017-07-03 14:40:00,2017-07-03 15:30:00
371,train,371,376,377,382,2017-07-03 13:50:00,2017-07-03 14:40:00,2017-07-03 14:50:00,2017-07-03 15:40:00
372,train,372,377,378,383,2017-07-03 14:00:00,2017-07-03 14:50:00,2017-07-03 15:00:00,2017-07-03 15:50:00
373,train,373,378,379,384,2017-07-03 14:10:00,2017-07-03 15:00:00,2017-07-03 15:10:00,2017-07-03 16:00:00
374,train,374,379,380,385,2017-07-03 14:20:00,2017-07-03 15:10:00,2017-07-03 15:20:00,2017-07-03 16:10:00
375,train,375,380,381,386,2017-07-03 14:30:00,2017-07-03 15:20:00,2017-07-03 15:30:00,2017-07-03 16:20:00
376,train,376,381,382,387,2017-07-03 14:40:00,2017-07-03 15:30:00,2017-07-03 15:40:00,2017-07-03 16:30:00
377,train,377,382,383,388,2017-07-03 14:50:00,2017-07-03 15:40:00,2017-07-03 15:50:00,2017-07-03 16:40:00
378,train,378,383,384,389,2017-07-03 15:00:00,2017-07-03 15:50:00,2017-07-03 16:00:00,2017-07-03 16:50:00
379,train,379,384,385,390,2017-07-03 15:10:00,2017-07-03 16:00:00,2017-07-03 16:10:00,2017-07-03 17:00:00
380,train,380,385,386,391,2017-07-03 15:20:00,2017-07-03 16:10:00,2017-07-03 16:20:00,2017-07-03 17:10:00
381,train,381,386,387,392,2017-07-03 15:30:00,2017-07-03 16:20:00,2017-07-03 16:30:00,2017-07-03 17:20:00
382,train,382,387,388,393,2017-07-03 15:40:00,2017-07-03 16:30:00,2017-07-03 16:40:00,2017-07-03 17:30:00
383,train,383,388,389,394,2017-07-03 15:50:00,2017-07-03 16:40:00,2017-07-03 16:50:00,2017-07-03 17:40:00
384,train,384,389,390,395,2017-07-03 16:00:00,2017-07-03 16:50:00,2017-07-03 17:00:00,2017-07-03 17:50:00
385,train,385,390,391,396,2017-07-03 16:10:00,2017-07-03 17:00:00,2017-07-03 17:10:00,2017-07-03 18:00:00
386,train,386,391,392,397,2017-07-03 16:20:00,2017-07-03 17:10:00,2017-07-03 17:20:00,2017-07-03 18:10:00
387,train,387,392,393,398,2017-07-03 16:30:00,2017-07-03 17:20:00,2017-07-03 17:30:00,2017-07-03 18:20:00
388,train,388,393,394,399,2017-07-03 16:40:00,2017-07-03 17:30:00,2017-07-03 17:40:00,2017-07-03 18:30:00
389,train,389,394,395,400,2017-07-03 16:50:00,2017-07-03 17:40:00,2017-07-03 17:50:00,2017-07-03 18:40:00
390,train,390,395,396,401,2017-07-03 17:00:00,2017-07-03 17:50:00,2017-07-03 18:00:00,2017-07-03 18:50:00
391,train,391,396,397,402,2017-07-03 17:10:00,2017-07-03 18:00:00,2017-07-03 18:10:00,2017-07-03 19:00:00
392,train,392,397,398,403,2017-07-03 17:20:00,2017-07-03 18:10:00,2017-07-03 18:20:00,2017-07-03 19:10:00
393,train,393,398,399,404,2017-07-03 17:30:00,2017-07-03 18:20:00,2017-07-03 18:30:00,2017-07-03 19:20:00
394,train,394,399,400,405,2017-07-03 17:40:00,2017-07-03 18:30:00,2017-07-03 18:40:00,2017-07-03 19:30:00
395,train,395,400,401,406,2017-07-03 17:50:00,2017-07-03 18:40:00,2017-07-03 18:50:00,2017-07-03 19:40:00
396,train,396,401,402,407,2017-07-03 18:00:00,2017-07-03 18:50:00,2017-07-03 19:00:00,2017-07-03 19:50:00
397,train,397,402,403,408,2017-07-03 18:10:00,2017-07-03 19:00:00,2017-07-03 19:10:00,2017-07-03 20:00:00
398,train,398,403,404,409,2017-07-03 18:20:00,2017-07-03 19:10:00,2017-07-03 19:20:00,2017-07-03 20:10:00
399,train,399,404,405,410,2017-07-03 18:30:00,2017-07-03 19:20:00,2017-07-03 19:30:00,2017-07-03 20:20:00
400,train,400,405,406,411,2017-07-03 18:40:00,2017-07-03 19:30:00,2017-07-03 19:40:00,2017-07-03 20:30:00
401,train,401,406,407,412,2017-07-03 18:50:00,2017-07-03 19:40:00,2017-07-03 19:50:00,2017-07-03 20:40:00
402,train,402,407,408,413,2017-07-03 19:00:00,2017-07-03 19:50:00,2017-07-03 20:00:00,2017-07-03 20:50:00
403,train,403,408,409,414,2017-07-03 19:10:00,2017-07-03 20:00:00,2017-07-03 20:10:00,2017-07-03 21:00:00
404,train,404,409,410,415,2017-07-03 19:20:00,2017-07-03 20:10:00,2017-07-03 20:20:00,2017-07-03 21:10:00
405,train,405,410,411,416,2017-07-03 19:30:00,2017-07-03 20:20:00,2017-07-03 20:30:00,2017-07-03 21:20:00
406,train,406,411,412,417,2017-07-03 19:40:00,2017-07-03 20:30:00,2017-07-03 20:40:00,2017-07-03 21:30:00
407,train,407,412,413,418,2017-07-03 19:50:00,2017-07-03 20:40:00,2017-07-03 20:50:00,2017-07-03 21:40:00
408,train,408,413,414,419,2017-07-03 20:00:00,2017-07-03 20:50:00,2017-07-03 21:00:00,2017-07-03 21:50:00
409,train,409,414,415,420,2017-07-03 20:10:00,2017-07-03 21:00:00,2017-07-03 21:10:00,2017-07-03 22:00:00
410,train,410,415,416,421,2017-07-03 20:20:00,2017-07-03 21:10:00,2017-07-03 21:20:00,2017-07-03 22:10:00
411,train,411,416,417,422,2017-07-03 20:30:00,2017-07-03 21:20:00,2017-07-03 21:30:00,2017-07-03 22:20:00
412,train,412,417,418,423,2017-07-03 20:40:00,2017-07-03 21:30:00,2017-07-03 21:40:00,2017-07-03 22:30:00
413,train,413,418,419,424,2017-07-03 20:50:00,2017-07-03 21:40:00,2017-07-03 21:50:00,2017-07-03 22:40:00
414,train,414,419,420,425,2017-07-03 21:00:00,2017-07-03 21:50:00,2017-07-03 22:00:00,2017-07-03 22:50:00
415,train,415,420,421,426,2017-07-03 21:10:00,2017-07-03 22:00:00,2017-07-03 22:10:00,2017-07-03 23:00:00
416,train,416,421,422,427,2017-07-03 21:20:00,2017-07-03 22:10:00,2017-07-03 22:20:00,2017-07-03 23:10:00
417,train,417,422,423,428,2017-07-03 21:30:00,2017-07-03 22:20:00,2017-07-03 22:30:00,2017-07-03 23:20:00
418,train,418,423,424,429,2017-07-03 21:40:00,2017-07-03 22:30:00,2017-07-03 22:40:00,2017-07-03 23:30:00
419,train,419,424,425,430,2017-07-03 21:50:00,2017-07-03 22:40:00,2017-07-03 22:50:00,2017-07-03 23:40:00
420,train,420,425,426,431,2017-07-03 22:00:00,2017-07-03 22:50:00,2017-07-03 23:00:00,2017-07-03 23:50:00
421,train,421,426,427,432,2017-07-03 22:10:00,2017-07-03 23:00:00,2017-07-03 23:10:00,2017-07-04 00:00:00
422,train,422,427,428,433,2017-07-03 22:20:00,2017-07-03 23:10:00,2017-07-03 23:20:00,2017-07-04 00:10:00
423,train,423,428,429,434,2017-07-03 22:30:00,2017-07-03 23:20:00,2017-07-03 23:30:00,2017-07-04 00:20:00
424,train,424,429,430,435,2017-07-03 22:40:00,2017-07-03 23:30:00,2017-07-03 23:40:00,2017-07-04 00:30:00
425,train,425,430,431,436,2017-07-03 22:50:00,2017-07-03 23:40:00,2017-07-03 23:50:00,2017-07-04 00:40:00
426,train,426,431,432,437,2017-07-03 23:00:00,2017-07-03 23:50:00,2017-07-04 00:00:00,2017-07-04 00:50:00
427,train,427,432,433,438,2017-07-03 23:10:00,2017-07-04 00:00:00,2017-07-04 00:10:00,2017-07-04 01:00:00
428,train,428,433,434,439,2017-07-03 23:20:00,2017-07-04 00:10:00,2017-07-04 00:20:00,2017-07-04 01:10:00
429,train,429,434,435,440,2017-07-03 23:30:00,2017-07-04 00:20:00,2017-07-04 00:30:00,2017-07-04 01:20:00
430,train,430,435,436,441,2017-07-03 23:40:00,2017-07-04 00:30:00,2017-07-04 00:40:00,2017-07-04 01:30:00
431,train,431,436,437,442,2017-07-03 23:50:00,2017-07-04 00:40:00,2017-07-04 00:50:00,2017-07-04 01:40:00
432,train,432,437,438,443,2017-07-04 00:00:00,2017-07-04 00:50:00,2017-07-04 01:00:00,2017-07-04 01:50:00
433,train,433,438,439,444,2017-07-04 00:10:00,2017-07-04 01:00:00,2017-07-04 01:10:00,2017-07-04 02:00:00
434,train,434,439,440,445,2017-07-04 00:20:00,2017-07-04 01:10:00,2017-07-04 01:20:00,2017-07-04 02:10:00
435,train,435,440,441,446,2017-07-04 00:30:00,2017-07-04 01:20:00,2017-07-04 01:30:00,2017-07-04 02:20:00
436,train,436,441,442,447,2017-07-04 00:40:00,2017-07-04 01:30:00,2017-07-04 01:40:00,2017-07-04 02:30:00
437,train,437,442,443,448,2017-07-04 00:50:00,2017-07-04 01:40:00,2017-07-04 01:50:00,2017-07-04 02:40:00
438,train,438,443,444,449,2017-07-04 01:00:00,2017-07-04 01:50:00,2017-07-04 02:00:00,2017-07-04 02:50:00
439,train,439,444,445,450,2017-07-04 01:10:00,2017-07-04 02:00:00,2017-07-04 02:10:00,2017-07-04 03:00:00
440,train,440,445,446,451,2017-07-04 01:20:00,2017-07-04 02:10:00,2017-07-04 02:20:00,2017-07-04 03:10:00
441,train,441,446,447,452,2017-07-04 01:30:00,2017-07-04 02:20:00,2017-07-04 02:30:00,2017-07-04 03:20:00
442,train,442,447,448,453,2017-07-04 01:40:00,2017-07-04 02:30:00,2017-07-04 02:40:00,2017-07-04 03:30:00
443,train,443,448,449,454,2017-07-04 01:50:00,2017-07-04 02:40:00,2017-07-04 02:50:00,2017-07-04 03:40:00
444,train,444,449,450,455,2017-07-04 02:00:00,2017-07-04 02:50:00,2017-07-04 03:00:00,2017-07-04 03:50:00
445,train,445,450,451,456,2017-07-04 02:10:00,2017-07-04 03:00:00,2017-07-04 03:10:00,2017-07-04 04:00:00
446,train,446,451,452,457,2017-07-04 02:20:00,2017-07-04 03:10:00,2017-07-04 03:20:00,2017-07-04 04:10:00
447,train,447,452,453,458,2017-07-04 02:30:00,2017-07-04 03:20:00,2017-07-04 03:30:00,2017-07-04 04:20:00
448,train,448,453,454,459,2017-07-04 02:40:00,2017-07-04 03:30:00,2017-07-04 03:40:00,2017-07-04 04:30:00
449,train,449,454,455,460,2017-07-04 02:50:00,2017-07-04 03:40:00,2017-07-04 03:50:00,2017-07-04 04:40:00
450,train,450,455,456,461,2017-07-04 03:00:00,2017-07-04 03:50:00,2017-07-04 04:00:00,2017-07-04 04:50:00
451,train,451,456,457,462,2017-07-04 03:10:00,2017-07-04 04:00:00,2017-07-04 04:10:00,2017-07-04 05:00:00
452,train,452,457,458,463,2017-07-04 03:20:00,2017-07-04 04:10:00,2017-07-04 04:20:00,2017-07-04 05:10:00
453,train,453,458,459,464,2017-07-04 03:30:00,2017-07-04 04:20:00,2017-07-04 04:30:00,2017-07-04 05:20:00
454,train,454,459,460,465,2017-07-04 03:40:00,2017-07-04 04:30:00,2017-07-04 04:40:00,2017-07-04 05:30:00
455,train,455,460,461,466,2017-07-04 03:50:00,2017-07-04 04:40:00,2017-07-04 04:50:00,2017-07-04 05:40:00
456,train,456,461,462,467,2017-07-04 04:00:00,2017-07-04 04:50:00,2017-07-04 05:00:00,2017-07-04 05:50:00
457,train,457,462,463,468,2017-07-04 04:10:00,2017-07-04 05:00:00,2017-07-04 05:10:00,2017-07-04 06:00:00
458,train,458,463,464,469,2017-07-04 04:20:00,2017-07-04 05:10:00,2017-07-04 05:20:00,2017-07-04 06:10:00
459,train,459,464,465,470,2017-07-04 04:30:00,2017-07-04 05:20:00,2017-07-04 05:30:00,2017-07-04 06:20:00
460,train,460,465,466,471,2017-07-04 04:40:00,2017-07-04 05:30:00,2017-07-04 05:40:00,2017-07-04 06:30:00
461,train,461,466,467,472,2017-07-04 04:50:00,2017-07-04 05:40:00,2017-07-04 05:50:00,2017-07-04 06:40:00
462,train,462,467,468,473,2017-07-04 05:00:00,2017-07-04 05:50:00,2017-07-04 06:00:00,2017-07-04 06:50:00
463,train,463,468,469,474,2017-07-04 05:10:00,2017-07-04 06:00:00,2017-07-04 06:10:00,2017-07-04 07:00:00
464,train,464,469,470,475,2017-07-04 05:20:00,2017-07-04 06:10:00,2017-07-04 06:20:00,2017-07-04 07:10:00
465,train,465,470,471,476,2017-07-04 05:30:00,2017-07-04 06:20:00,2017-07-04 06:30:00,2017-07-04 07:20:00
466,train,466,471,472,477,2017-07-04 05:40:00,2017-07-04 06:30:00,2017-07-04 06:40:00,2017-07-04 07:30:00
467,train,467,472,473,478,2017-07-04 05:50:00,2017-07-04 06:40:00,2017-07-04 06:50:00,2017-07-04 07:40:00
468,train,468,473,474,479,2017-07-04 06:00:00,2017-07-04 06:50:00,2017-07-04 07:00:00,2017-07-04 07:50:00
469,train,469,474,475,480,2017-07-04 06:10:00,2017-07-04 07:00:00,2017-07-04 07:10:00,2017-07-04 08:00:00
470,train,470,475,476,481,2017-07-04 06:20:00,2017-07-04 07:10:00,2017-07-04 07:20:00,2017-07-04 08:10:00
471,train,471,476,477,482,2017-07-04 06:30:00,2017-07-04 07:20:00,2017-07-04 07:30:00,2017-07-04 08:20:00
472,train,472,477,478,483,2017-07-04 06:40:00,2017-07-04 07:30:00,2017-07-04 07:40:00,2017-07-04 08:30:00
473,train,473,478,479,484,2017-07-04 06:50:00,2017-07-04 07:40:00,2017-07-04 07:50:00,2017-07-04 08:40:00
474,train,474,479,480,485,2017-07-04 07:00:00,2017-07-04 07:50:00,2017-07-04 08:00:00,2017-07-04 08:50:00
475,train,475,480,481,486,2017-07-04 07:10:00,2017-07-04 08:00:00,2017-07-04 08:10:00,2017-07-04 09:00:00
476,train,476,481,482,487,2017-07-04 07:20:00,2017-07-04 08:10:00,2017-07-04 08:20:00,2017-07-04 09:10:00
477,train,477,482,483,488,2017-07-04 07:30:00,2017-07-04 08:20:00,2017-07-04 08:30:00,2017-07-04 09:20:00
478,train,478,483,484,489,2017-07-04 07:40:00,2017-07-04 08:30:00,2017-07-04 08:40:00,2017-07-04 09:30:00
479,train,479,484,485,490,2017-07-04 07:50:00,2017-07-04 08:40:00,2017-07-04 08:50:00,2017-07-04 09:40:00
480,train,480,485,486,491,2017-07-04 08:00:00,2017-07-04 08:50:00,2017-07-04 09:00:00,2017-07-04 09:50:00
481,train,481,486,487,492,2017-07-04 08:10:00,2017-07-04 09:00:00,2017-07-04 09:10:00,2017-07-04 10:00:00
482,train,482,487,488,493,2017-07-04 08:20:00,2017-07-04 09:10:00,2017-07-04 09:20:00,2017-07-04 10:10:00
483,train,483,488,489,494,2017-07-04 08:30:00,2017-07-04 09:20:00,2017-07-04 09:30:00,2017-07-04 10:20:00
484,train,484,489,490,495,2017-07-04 08:40:00,2017-07-04 09:30:00,2017-07-04 09:40:00,2017-07-04 10:30:00
485,train,485,490,491,496,2017-07-04 08:50:00,2017-07-04 09:40:00,2017-07-04 09:50:00,2017-07-04 10:40:00
486,train,486,491,492,497,2017-07-04 09:00:00,2017-07-04 09:50:00,2017-07-04 10:00:00,2017-07-04 10:50:00
487,train,487,492,493,498,2017-07-04 09:10:00,2017-07-04 10:00:00,2017-07-04 10:10:00,2017-07-04 11:00:00
488,train,488,493,494,499,2017-07-04 09:20:00,2017-07-04 10:10:00,2017-07-04 10:20:00,2017-07-04 11:10:00
489,train,489,494,495,500,2017-07-04 09:30:00,2017-07-04 10:20:00,2017-07-04 10:30:00,2017-07-04 11:20:00
490,train,490,495,496,501,2017-07-04 09:40:00,2017-07-04 10:30:00,2017-07-04 10:40:00,2017-07-04 11:30:00
491,train,491,496,497,502,2017-07-04 09:50:00,2017-07-04 10:40:00,2017-07-04 10:50:00,2017-07-04 11:40:00
492,train,492,497,498,503,2017-07-04 10:00:00,2017-07-04 10:50:00,2017-07-04 11:00:00,2017-07-04 11:50:00
493,train,493,498,499,504,2017-07-04 10:10:00,2017-07-04 11:00:00,2017-07-04 11:10:00,2017-07-04 12:00:00
494,train,494,499,500,505,2017-07-04 10:20:00,2017-07-04 11:10:00,2017-07-04 11:20:00,2017-07-04 12:10:00
495,train,495,500,501,506,2017-07-04 10:30:00,2017-07-04 11:20:00,2017-07-04 11:30:00,2017-07-04 12:20:00
496,train,496,501,502,507,2017-07-04 10:40:00,2017-07-04 11:30:00,2017-07-04 11:40:00,2017-07-04 12:30:00
497,train,497,502,503,508,2017-07-04 10:50:00,2017-07-04 11:40:00,2017-07-04 11:50:00,2017-07-04 12:40:00
498,train,498,503,504,509,2017-07-04 11:00:00,2017-07-04 11:50:00,2017-07-04 12:00:00,2017-07-04 12:50:00
499,train,499,504,505,510,2017-07-04 11:10:00,2017-07-04 12:00:00,2017-07-04 12:10:00,2017-07-04 13:00:00
500,train,500,505,506,511,2017-07-04 11:20:00,2017-07-04 12:10:00,2017-07-04 12:20:00,2017-07-04 13:10:00
501,train,501,506,507,512,2017-07-04 11:30:00,2017-07-04 12:20:00,2017-07-04 12:30:00,2017-07-04 13:20:00
502,train,502,507,508,513,2017-07-04 11:40:00,2017-07-04 12:30:00,2017-07-04 12:40:00,2017-07-04 13:30:00
503,train,503,508,509,514,2017-07-04 11:50:00,2017-07-04 12:40:00,2017-07-04 12:50:00,2017-07-04 13:40:00
504,train,504,509,510,515,2017-07-04 12:00:00,2017-07-04 12:50:00,2017-07-04 13:00:00,2017-07-04 13:50:00
505,train,505,510,511,516,2017-07-04 12:10:00,2017-07-04 13:00:00,2017-07-04 13:10:00,2017-07-04 14:00:00
506,train,506,511,512,517,2017-07-04 12:20:00,2017-07-04 13:10:00,2017-07-04 13:20:00,2017-07-04 14:10:00
507,train,507,512,513,518,2017-07-04 12:30:00,2017-07-04 13:20:00,2017-07-04 13:30:00,2017-07-04 14:20:00
508,train,508,513,514,519,2017-07-04 12:40:00,2017-07-04 13:30:00,2017-07-04 13:40:00,2017-07-04 14:30:00
509,train,509,514,515,520,2017-07-04 12:50:00,2017-07-04 13:40:00,2017-07-04 13:50:00,2017-07-04 14:40:00
510,train,510,515,516,521,2017-07-04 13:00:00,2017-07-04 13:50:00,2017-07-04 14:00:00,2017-07-04 14:50:00
511,train,511,516,517,522,2017-07-04 13:10:00,2017-07-04 14:00:00,2017-07-04 14:10:00,2017-07-04 15:00:00
512,train,512,517,518,523,2017-07-04 13:20:00,2017-07-04 14:10:00,2017-07-04 14:20:00,2017-07-04 15:10:00
513,train,513,518,519,524,2017-07-04 13:30:00,2017-07-04 14:20:00,2017-07-04 14:30:00,2017-07-04 15:20:00
514,train,514,519,520,525,2017-07-04 13:40:00,2017-07-04 14:30:00,2017-07-04 14:40:00,2017-07-04 15:30:00
515,train,515,520,521,526,2017-07-04 13:50:00,2017-07-04 14:40:00,2017-07-04 14:50:00,2017-07-04 15:40:00
516,train,516,521,522,527,2017-07-04 14:00:00,2017-07-04 14:50:00,2017-07-04 15:00:00,2017-07-04 15:50:00
517,train,517,522,523,528,2017-07-04 14:10:00,2017-07-04 15:00:00,2017-07-04 15:10:00,2017-07-04 16:00:00
518,train,518,523,524,529,2017-07-04 14:20:00,2017-07-04 15:10:00,2017-07-04 15:20:00,2017-07-04 16:10:00
519,train,519,524,525,530,2017-07-04 14:30:00,2017-07-04 15:20:00,2017-07-04 15:30:00,2017-07-04 16:20:00
520,train,520,525,526,531,2017-07-04 14:40:00,2017-07-04 15:30:00,2017-07-04 15:40:00,2017-07-04 16:30:00
521,train,521,526,527,532,2017-07-04 14:50:00,2017-07-04 15:40:00,2017-07-04 15:50:00,2017-07-04 16:40:00
522,train,522,527,528,533,2017-07-04 15:00:00,2017-07-04 15:50:00,2017-07-04 16:00:00,2017-07-04 16:50:00
523,train,523,528,529,534,2017-07-04 15:10:00,2017-07-04 16:00:00,2017-07-04 16:10:00,2017-07-04 17:00:00
524,train,524,529,530,535,2017-07-04 15:20:00,2017-07-04 16:10:00,2017-07-04 16:20:00,2017-07-04 17:10:00
525,train,525,530,531,536,2017-07-04 15:30:00,2017-07-04 16:20:00,2017-07-04 16:30:00,2017-07-04 17:20:00
526,train,526,531,532,537,2017-07-04 15:40:00,2017-07-04 16:30:00,2017-07-04 16:40:00,2017-07-04 17:30:00
527,train,527,532,533,538,2017-07-04 15:50:00,2017-07-04 16:40:00,2017-07-04 16:50:00,2017-07-04 17:40:00
528,train,528,533,534,539,2017-07-04 16:00:00,2017-07-04 16:50:00,2017-07-04 17:00:00,2017-07-04 17:50:00
529,train,529,534,535,540,2017-07-04 16:10:00,2017-07-04 17:00:00,2017-07-04 17:10:00,2017-07-04 18:00:00
530,train,530,535,536,541,2017-07-04 16:20:00,2017-07-04 17:10:00,2017-07-04 17:20:00,2017-07-04 18:10:00
531,train,531,536,537,542,2017-07-04 16:30:00,2017-07-04 17:20:00,2017-07-04 17:30:00,2017-07-04 18:20:00
532,train,532,537,538,543,2017-07-04 16:40:00,2017-07-04 17:30:00,2017-07-04 17:40:00,2017-07-04 18:30:00
533,train,533,538,539,544,2017-07-04 16:50:00,2017-07-04 17:40:00,2017-07-04 17:50:00,2017-07-04 18:40:00
534,train,534,539,540,545,2017-07-04 17:00:00,2017-07-04 17:50:00,2017-07-04 18:00:00,2017-07-04 18:50:00
535,train,535,540,541,546,2017-07-04 17:10:00,2017-07-04 18:00:00,2017-07-04 18:10:00,2017-07-04 19:00:00
536,train,536,541,542,547,2017-07-04 17:20:00,2017-07-04 18:10:00,2017-07-04 18:20:00,2017-07-04 19:10:00
537,train,537,542,543,548,2017-07-04 17:30:00,2017-07-04 18:20:00,2017-07-04 18:30:00,2017-07-04 19:20:00
538,train,538,543,544,549,2017-07-04 17:40:00,2017-07-04 18:30:00,2017-07-04 18:40:00,2017-07-04 19:30:00
539,train,539,544,545,550,2017-07-04 17:50:00,2017-07-04 18:40:00,2017-07-04 18:50:00,2017-07-04 19:40:00
540,train,540,545,546,551,2017-07-04 18:00:00,2017-07-04 18:50:00,2017-07-04 19:00:00,2017-07-04 19:50:00
541,train,541,546,547,552,2017-07-04 18:10:00,2017-07-04 19:00:00,2017-07-04 19:10:00,2017-07-04 20:00:00
542,train,542,547,548,553,2017-07-04 18:20:00,2017-07-04 19:10:00,2017-07-04 19:20:00,2017-07-04 20:10:00
543,train,543,548,549,554,2017-07-04 18:30:00,2017-07-04 19:20:00,2017-07-04 19:30:00,2017-07-04 20:20:00
544,train,544,549,550,555,2017-07-04 18:40:00,2017-07-04 19:30:00,2017-07-04 19:40:00,2017-07-04 20:30:00
545,train,545,550,551,556,2017-07-04 18:50:00,2017-07-04 19:40:00,2017-07-04 19:50:00,2017-07-04 20:40:00
546,train,546,551,552,557,2017-07-04 19:00:00,2017-07-04 19:50:00,2017-07-04 20:00:00,2017-07-04 20:50:00
547,train,547,552,553,558,2017-07-04 19:10:00,2017-07-04 20:00:00,2017-07-04 20:10:00,2017-07-04 21:00:00
548,train,548,553,554,559,2017-07-04 19:20:00,2017-07-04 20:10:00,2017-07-04 20:20:00,2017-07-04 21:10:00
549,train,549,554,555,560,2017-07-04 19:30:00,2017-07-04 20:20:00,2017-07-04 20:30:00,2017-07-04 21:20:00
550,train,550,555,556,561,2017-07-04 19:40:00,2017-07-04 20:30:00,2017-07-04 20:40:00,2017-07-04 21:30:00
551,train,551,556,557,562,2017-07-04 19:50:00,2017-07-04 20:40:00,2017-07-04 20:50:00,2017-07-04 21:40:00
552,train,552,557,558,563,2017-07-04 20:00:00,2017-07-04 20:50:00,2017-07-04 21:00:00,2017-07-04 21:50:00
553,train,553,558,559,564,2017-07-04 20:10:00,2017-07-04 21:00:00,2017-07-04 21:10:00,2017-07-04 22:00:00
554,train,554,559,560,565,2017-07-04 20:20:00,2017-07-04 21:10:00,2017-07-04 21:20:00,2017-07-04 22:10:00
555,train,555,560,561,566,2017-07-04 20:30:00,2017-07-04 21:20:00,2017-07-04 21:30:00,2017-07-04 22:20:00
556,train,556,561,562,567,2017-07-04 20:40:00,2017-07-04 21:30:00,2017-07-04 21:40:00,2017-07-04 22:30:00
557,train,557,562,563,568,2017-07-04 20:50:00,2017-07-04 21:40:00,2017-07-04 21:50:00,2017-07-04 22:40:00
558,train,558,563,564,569,2017-07-04 21:00:00,2017-07-04 21:50:00,2017-07-04 22:00:00,2017-07-04 22:50:00
559,train,559,564,565,570,2017-07-04 21:10:00,2017-07-04 22:00:00,2017-07-04 22:10:00,2017-07-04 23:00:00
560,train,560,565,566,571,2017-07-04 21:20:00,2017-07-04 22:10:00,2017-07-04 22:20:00,2017-07-04 23:10:00
561,train,561,566,567,572,2017-07-04 21:30:00,2017-07-04 22:20:00,2017-07-04 22:30:00,2017-07-04 23:20:00
562,train,562,567,568,573,2017-07-04 21:40:00,2017-07-04 22:30:00,2017-07-04 22:40:00,2017-07-04 23:30:00
563,train,563,568,569,574,2017-07-04 21:50:00,2017-07-04 22:40:00,2017-07-04 22:50:00,2017-07-04 23:40:00
564,train,564,569,570,575,2017-07-04 22:00:00,2017-07-04 22:50:00,2017-07-04 23:00:00,2017-07-04 23:50:00
565,train,565,570,571,576,2017-07-04 22:10:00,2017-07-04 23:00:00,2017-07-04 23:10:00,2017-07-05 00:00:00
566,train,566,571,572,577,2017-07-04 22:20:00,2017-07-04 23:10:00,2017-07-04 23:20:00,2017-07-05 00:10:00
567,train,567,572,573,578,2017-07-04 22:30:00,2017-07-04 23:20:00,2017-07-04 23:30:00,2017-07-05 00:20:00
568,train,568,573,574,579,2017-07-04 22:40:00,2017-07-04 23:30:00,2017-07-04 23:40:00,2017-07-05 00:30:00
569,train,569,574,575,580,2017-07-04 22:50:00,2017-07-04 23:40:00,2017-07-04 23:50:00,2017-07-05 00:40:00
570,train,570,575,576,581,2017-07-04 23:00:00,2017-07-04 23:50:00,2017-07-05 00:00:00,2017-07-05 00:50:00
571,train,571,576,577,582,2017-07-04 23:10:00,2017-07-05 00:00:00,2017-07-05 00:10:00,2017-07-05 01:00:00
572,train,572,577,578,583,2017-07-04 23:20:00,2017-07-05 00:10:00,2017-07-05 00:20:00,2017-07-05 01:10:00
573,train,573,578,579,584,2017-07-04 23:30:00,2017-07-05 00:20:00,2017-07-05 00:30:00,2017-07-05 01:20:00
574,train,574,579,580,585,2017-07-04 23:40:00,2017-07-05 00:30:00,2017-07-05 00:40:00,2017-07-05 01:30:00
575,train,575,580,581,586,2017-07-04 23:50:00,2017-07-05 00:40:00,2017-07-05 00:50:00,2017-07-05 01:40:00
576,train,576,581,582,587,2017-07-05 00:00:00,2017-07-05 00:50:00,2017-07-05 01:00:00,2017-07-05 01:50:00
577,train,577,582,583,588,2017-07-05 00:10:00,2017-07-05 01:00:00,2017-07-05 01:10:00,2017-07-05 02:00:00
578,train,578,583,584,589,2017-07-05 00:20:00,2017-07-05 01:10:00,2017-07-05 01:20:00,2017-07-05 02:10:00
579,train,579,584,585,590,2017-07-05 00:30:00,2017-07-05 01:20:00,2017-07-05 01:30:00,2017-07-05 02:20:00
580,train,580,585,586,591,2017-07-05 00:40:00,2017-07-05 01:30:00,2017-07-05 01:40:00,2017-07-05 02:30:00
581,train,581,586,587,592,2017-07-05 00:50:00,2017-07-05 01:40:00,2017-07-05 01:50:00,2017-07-05 02:40:00
582,train,582,587,588,593,2017-07-05 01:00:00,2017-07-05 01:50:00,2017-07-05 02:00:00,2017-07-05 02:50:00
583,train,583,588,589,594,2017-07-05 01:10:00,2017-07-05 02:00:00,2017-07-05 02:10:00,2017-07-05 03:00:00
584,train,584,589,590,595,2017-07-05 01:20:00,2017-07-05 02:10:00,2017-07-05 02:20:00,2017-07-05 03:10:00
585,train,585,590,591,596,2017-07-05 01:30:00,2017-07-05 02:20:00,2017-07-05 02:30:00,2017-07-05 03:20:00
586,train,586,591,592,597,2017-07-05 01:40:00,2017-07-05 02:30:00,2017-07-05 02:40:00,2017-07-05 03:30:00
587,train,587,592,593,598,2017-07-05 01:50:00,2017-07-05 02:40:00,2017-07-05 02:50:00,2017-07-05 03:40:00
588,train,588,593,594,599,2017-07-05 02:00:00,2017-07-05 02:50:00,2017-07-05 03:00:00,2017-07-05 03:50:00
589,train,589,594,595,600,2017-07-05 02:10:00,2017-07-05 03:00:00,2017-07-05 03:10:00,2017-07-05 04:00:00
590,train,590,595,596,601,2017-07-05 02:20:00,2017-07-05 03:10:00,2017-07-05 03:20:00,2017-07-05 04:10:00
591,train,591,596,597,602,2017-07-05 02:30:00,2017-07-05 03:20:00,2017-07-05 03:30:00,2017-07-05 04:20:00
592,train,592,597,598,603,2017-07-05 02:40:00,2017-07-05 03:30:00,2017-07-05 03:40:00,2017-07-05 04:30:00
593,train,593,598,599,604,2017-07-05 02:50:00,2017-07-05 03:40:00,2017-07-05 03:50:00,2017-07-05 04:40:00
594,train,594,599,600,605,2017-07-05 03:00:00,2017-07-05 03:50:00,2017-07-05 04:00:00,2017-07-05 04:50:00
595,train,595,600,601,606,2017-07-05 03:10:00,2017-07-05 04:00:00,2017-07-05 04:10:00,2017-07-05 05:00:00
596,train,596,601,602,607,2017-07-05 03:20:00,2017-07-05 04:10:00,2017-07-05 04:20:00,2017-07-05 05:10:00
597,train,597,602,603,608,2017-07-05 03:30:00,2017-07-05 04:20:00,2017-07-05 04:30:00,2017-07-05 05:20:00
598,train,598,603,604,609,2017-07-05 03:40:00,2017-07-05 04:30:00,2017-07-05 04:40:00,2017-07-05 05:30:00
599,train,599,604,605,610,2017-07-05 03:50:00,2017-07-05 04:40:00,2017-07-05 04:50:00,2017-07-05 05:40:00
600,train,600,605,606,611,2017-07-05 04:00:00,2017-07-05 04:50:00,2017-07-05 05:00:00,2017-07-05 05:50:00
601,train,601,606,607,612,2017-07-05 04:10:00,2017-07-05 05:00:00,2017-07-05 05:10:00,2017-07-05 06:00:00
602,train,602,607,608,613,2017-07-05 04:20:00,2017-07-05 05:10:00,2017-07-05 05:20:00,2017-07-05 06:10:00
603,train,603,608,609,614,2017-07-05 04:30:00,2017-07-05 05:20:00,2017-07-05 05:30:00,2017-07-05 06:20:00
604,train,604,609,610,615,2017-07-05 04:40:00,2017-07-05 05:30:00,2017-07-05 05:40:00,2017-07-05 06:30:00
605,train,605,610,611,616,2017-07-05 04:50:00,2017-07-05 05:40:00,2017-07-05 05:50:00,2017-07-05 06:40:00
606,train,606,611,612,617,2017-07-05 05:00:00,2017-07-05 05:50:00,2017-07-05 06:00:00,2017-07-05 06:50:00
607,train,607,612,613,618,2017-07-05 05:10:00,2017-07-05 06:00:00,2017-07-05 06:10:00,2017-07-05 07:00:00
608,train,608,613,614,619,2017-07-05 05:20:00,2017-07-05 06:10:00,2017-07-05 06:20:00,2017-07-05 07:10:00
609,train,609,614,615,620,2017-07-05 05:30:00,2017-07-05 06:20:00,2017-07-05 06:30:00,2017-07-05 07:20:00
610,train,610,615,616,621,2017-07-05 05:40:00,2017-07-05 06:30:00,2017-07-05 06:40:00,2017-07-05 07:30:00
611,train,611,616,617,622,2017-07-05 05:50:00,2017-07-05 06:40:00,2017-07-05 06:50:00,2017-07-05 07:40:00
612,train,612,617,618,623,2017-07-05 06:00:00,2017-07-05 06:50:00,2017-07-05 07:00:00,2017-07-05 07:50:00
613,train,613,618,619,624,2017-07-05 06:10:00,2017-07-05 07:00:00,2017-07-05 07:10:00,2017-07-05 08:00:00
614,train,614,619,620,625,2017-07-05 06:20:00,2017-07-05 07:10:00,2017-07-05 07:20:00,2017-07-05 08:10:00
615,train,615,620,621,626,2017-07-05 06:30:00,2017-07-05 07:20:00,2017-07-05 07:30:00,2017-07-05 08:20:00
616,train,616,621,622,627,2017-07-05 06:40:00,2017-07-05 07:30:00,2017-07-05 07:40:00,2017-07-05 08:30:00
617,train,617,622,623,628,2017-07-05 06:50:00,2017-07-05 07:40:00,2017-07-05 07:50:00,2017-07-05 08:40:00
618,train,618,623,624,629,2017-07-05 07:00:00,2017-07-05 07:50:00,2017-07-05 08:00:00,2017-07-05 08:50:00
619,train,619,624,625,630,2017-07-05 07:10:00,2017-07-05 08:00:00,2017-07-05 08:10:00,2017-07-05 09:00:00
620,train,620,625,626,631,2017-07-05 07:20:00,2017-07-05 08:10:00,2017-07-05 08:20:00,2017-07-05 09:10:00
621,train,621,626,627,632,2017-07-05 07:30:00,2017-07-05 08:20:00,2017-07-05 08:30:00,2017-07-05 09:20:00
622,train,622,627,628,633,2017-07-05 07:40:00,2017-07-05 08:30:00,2017-07-05 08:40:00,2017-07-05 09:30:00
623,train,623,628,629,634,2017-07-05 07:50:00,2017-07-05 08:40:00,2017-07-05 08:50:00,2017-07-05 09:40:00
624,train,624,629,630,635,2017-07-05 08:00:00,2017-07-05 08:50:00,2017-07-05 09:00:00,2017-07-05 09:50:00
625,train,625,630,631,636,2017-07-05 08:10:00,2017-07-05 09:00:00,2017-07-05 09:10:00,2017-07-05 10:00:00
626,train,626,631,632,637,2017-07-05 08:20:00,2017-07-05 09:10:00,2017-07-05 09:20:00,2017-07-05 10:10:00
627,train,627,632,633,638,2017-07-05 08:30:00,2017-07-05 09:20:00,2017-07-05 09:30:00,2017-07-05 10:20:00
628,train,628,633,634,639,2017-07-05 08:40:00,2017-07-05 09:30:00,2017-07-05 09:40:00,2017-07-05 10:30:00
629,train,629,634,635,640,2017-07-05 08:50:00,2017-07-05 09:40:00,2017-07-05 09:50:00,2017-07-05 10:40:00
630,train,630,635,636,641,2017-07-05 09:00:00,2017-07-05 09:50:00,2017-07-05 10:00:00,2017-07-05 10:50:00
631,train,631,636,637,642,2017-07-05 09:10:00,2017-07-05 10:00:00,2017-07-05 10:10:00,2017-07-05 11:00:00
632,train,632,637,638,643,2017-07-05 09:20:00,2017-07-05 10:10:00,2017-07-05 10:20:00,2017-07-05 11:10:00
633,train,633,638,639,644,2017-07-05 09:30:00,2017-07-05 10:20:00,2017-07-05 10:30:00,2017-07-05 11:20:00
634,train,634,639,640,645,2017-07-05 09:40:00,2017-07-05 10:30:00,2017-07-05 10:40:00,2017-07-05 11:30:00
635,train,635,640,641,646,2017-07-05 09:50:00,2017-07-05 10:40:00,2017-07-05 10:50:00,2017-07-05 11:40:00
636,train,636,641,642,647,2017-07-05 10:00:00,2017-07-05 10:50:00,2017-07-05 11:00:00,2017-07-05 11:50:00
637,train,637,642,643,648,2017-07-05 10:10:00,2017-07-05 11:00:00,2017-07-05 11:10:00,2017-07-05 12:00:00
638,train,638,643,644,649,2017-07-05 10:20:00,2017-07-05 11:10:00,2017-07-05 11:20:00,2017-07-05 12:10:00
639,train,639,644,645,650,2017-07-05 10:30:00,2017-07-05 11:20:00,2017-07-05 11:30:00,2017-07-05 12:20:00
640,train,640,645,646,651,2017-07-05 10:40:00,2017-07-05 11:30:00,2017-07-05 11:40:00,2017-07-05 12:30:00
641,train,641,646,647,652,2017-07-05 10:50:00,2017-07-05 11:40:00,2017-07-05 11:50:00,2017-07-05 12:40:00
642,train,642,647,648,653,2017-07-05 11:00:00,2017-07-05 11:50:00,2017-07-05 12:00:00,2017-07-05 12:50:00
643,train,643,648,649,654,2017-07-05 11:10:00,2017-07-05 12:00:00,2017-07-05 12:10:00,2017-07-05 13:00:00
644,train,644,649,650,655,2017-07-05 11:20:00,2017-07-05 12:10:00,2017-07-05 12:20:00,2017-07-05 13:10:00
645,train,645,650,651,656,2017-07-05 11:30:00,2017-07-05 12:20:00,2017-07-05 12:30:00,2017-07-05 13:20:00
646,train,646,651,652,657,2017-07-05 11:40:00,2017-07-05 12:30:00,2017-07-05 12:40:00,2017-07-05 13:30:00
647,train,647,652,653,658,2017-07-05 11:50:00,2017-07-05 12:40:00,2017-07-05 12:50:00,2017-07-05 13:40:00
648,train,648,653,654,659,2017-07-05 12:00:00,2017-07-05 12:50:00,2017-07-05 13:00:00,2017-07-05 13:50:00
649,train,649,654,655,660,2017-07-05 12:10:00,2017-07-05 13:00:00,2017-07-05 13:10:00,2017-07-05 14:00:00
650,train,650,655,656,661,2017-07-05 12:20:00,2017-07-05 13:10:00,2017-07-05 13:20:00,2017-07-05 14:10:00
651,train,651,656,657,662,2017-07-05 12:30:00,2017-07-05 13:20:00,2017-07-05 13:30:00,2017-07-05 14:20:00
652,train,652,657,658,663,2017-07-05 12:40:00,2017-07-05 13:30:00,2017-07-05 13:40:00,2017-07-05 14:30:00
653,train,653,658,659,664,2017-07-05 12:50:00,2017-07-05 13:40:00,2017-07-05 13:50:00,2017-07-05 14:40:00
654,train,654,659,660,665,2017-07-05 13:00:00,2017-07-05 13:50:00,2017-07-05 14:00:00,2017-07-05 14:50:00
655,train,655,660,661,666,2017-07-05 13:10:00,2017-07-05 14:00:00,2017-07-05 14:10:00,2017-07-05 15:00:00
656,train,656,661,662,667,2017-07-05 13:20:00,2017-07-05 14:10:00,2017-07-05 14:20:00,2017-07-05 15:10:00
657,train,657,662,663,668,2017-07-05 13:30:00,2017-07-05 14:20:00,2017-07-05 14:30:00,2017-07-05 15:20:00
658,train,658,663,664,669,2017-07-05 13:40:00,2017-07-05 14:30:00,2017-07-05 14:40:00,2017-07-05 15:30:00
659,train,659,664,665,670,2017-07-05 13:50:00,2017-07-05 14:40:00,2017-07-05 14:50:00,2017-07-05 15:40:00
660,train,660,665,666,671,2017-07-05 14:00:00,2017-07-05 14:50:00,2017-07-05 15:00:00,2017-07-05 15:50:00
661,train,661,666,667,672,2017-07-05 14:10:00,2017-07-05 15:00:00,2017-07-05 15:10:00,2017-07-05 16:00:00
662,train,662,667,668,673,2017-07-05 14:20:00,2017-07-05 15:10:00,2017-07-05 15:20:00,2017-07-05 16:10:00
663,train,663,668,669,674,2017-07-05 14:30:00,2017-07-05 15:20:00,2017-07-05 15:30:00,2017-07-05 16:20:00
664,train,664,669,670,675,2017-07-05 14:40:00,2017-07-05 15:30:00,2017-07-05 15:40:00,2017-07-05 16:30:00
665,train,665,670,671,676,2017-07-05 14:50:00,2017-07-05 15:40:00,2017-07-05 15:50:00,2017-07-05 16:40:00
666,train,666,671,672,677,2017-07-05 15:00:00,2017-07-05 15:50:00,2017-07-05 16:00:00,2017-07-05 16:50:00
667,train,667,672,673,678,2017-07-05 15:10:00,2017-07-05 16:00:00,2017-07-05 16:10:00,2017-07-05 17:00:00
668,train,668,673,674,679,2017-07-05 15:20:00,2017-07-05 16:10:00,2017-07-05 16:20:00,2017-07-05 17:10:00
669,train,669,674,675,680,2017-07-05 15:30:00,2017-07-05 16:20:00,2017-07-05 16:30:00,2017-07-05 17:20:00
670,train,670,675,676,681,2017-07-05 15:40:00,2017-07-05 16:30:00,2017-07-05 16:40:00,2017-07-05 17:30:00
671,train,671,676,677,682,2017-07-05 15:50:00,2017-07-05 16:40:00,2017-07-05 16:50:00,2017-07-05 17:40:00
672,train,672,677,678,683,2017-07-05 16:00:00,2017-07-05 16:50:00,2017-07-05 17:00:00,2017-07-05 17:50:00
673,train,673,678,679,684,2017-07-05 16:10:00,2017-07-05 17:00:00,2017-07-05 17:10:00,2017-07-05 18:00:00
674,train,674,679,680,685,2017-07-05 16:20:00,2017-07-05 17:10:00,2017-07-05 17:20:00,2017-07-05 18:10:00
675,train,675,680,681,686,2017-07-05 16:30:00,2017-07-05 17:20:00,2017-07-05 17:30:00,2017-07-05 18:20:00
676,train,676,681,682,687,2017-07-05 16:40:00,2017-07-05 17:30:00,2017-07-05 17:40:00,2017-07-05 18:30:00
677,train,677,682,683,688,2017-07-05 16:50:00,2017-07-05 17:40:00,2017-07-05 17:50:00,2017-07-05 18:40:00
678,train,678,683,684,689,2017-07-05 17:00:00,2017-07-05 17:50:00,2017-07-05 18:00:00,2017-07-05 18:50:00
679,train,679,684,685,690,2017-07-05 17:10:00,2017-07-05 18:00:00,2017-07-05 18:10:00,2017-07-05 19:00:00
680,train,680,685,686,691,2017-07-05 17:20:00,2017-07-05 18:10:00,2017-07-05 18:20:00,2017-07-05 19:10:00
681,train,681,686,687,692,2017-07-05 17:30:00,2017-07-05 18:20:00,2017-07-05 18:30:00,2017-07-05 19:20:00
682,train,682,687,688,693,2017-07-05 17:40:00,2017-07-05 18:30:00,2017-07-05 18:40:00,2017-07-05 19:30:00
683,train,683,688,689,694,2017-07-05 17:50:00,2017-07-05 18:40:00,2017-07-05 18:50:00,2017-07-05 19:40:00
684,train,684,689,690,695,2017-07-05 18:00:00,2017-07-05 18:50:00,2017-07-05 19:00:00,2017-07-05 19:50:00
685,train,685,690,691,696,2017-07-05 18:10:00,2017-07-05 19:00:00,2017-07-05 19:10:00,2017-07-05 20:00:00
686,train,686,691,692,697,2017-07-05 18:20:00,2017-07-05 19:10:00,2017-07-05 19:20:00,2017-07-05 20:10:00
687,train,687,692,693,698,2017-07-05 18:30:00,2017-07-05 19:20:00,2017-07-05 19:30:00,2017-07-05 20:20:00
688,train,688,693,694,699,2017-07-05 18:40:00,2017-07-05 19:30:00,2017-07-05 19:40:00,2017-07-05 20:30:00
689,train,689,694,695,700,2017-07-05 18:50:00,2017-07-05 19:40:00,2017-07-05 19:50:00,2017-07-05 20:40:00
690,train,690,695,696,701,2017-07-05 19:00:00,2017-07-05 19:50:00,2017-07-05 20:00:00,2017-07-05 20:50:00
691,train,691,696,697,702,2017-07-05 19:10:00,2017-07-05 20:00:00,2017-07-05 20:10:00,2017-07-05 21:00:00
692,train,692,697,698,703,2017-07-05 19:20:00,2017-07-05 20:10:00,2017-07-05 20:20:00,2017-07-05 21:10:00
693,train,693,698,699,704,2017-07-05 19:30:00,2017-07-05 20:20:00,2017-07-05 20:30:00,2017-07-05 21:20:00
694,train,694,699,700,705,2017-07-05 19:40:00,2017-07-05 20:30:00,2017-07-05 20:40:00,2017-07-05 21:30:00
695,train,695,700,701,706,2017-07-05 19:50:00,2017-07-05 20:40:00,2017-07-05 20:50:00,2017-07-05 21:40:00
696,train,696,701,702,707,2017-07-05 20:00:00,2017-07-05 20:50:00,2017-07-05 21:00:00,2017-07-05 21:50:00
697,train,697,702,703,708,2017-07-05 20:10:00,2017-07-05 21:00:00,2017-07-05 21:10:00,2017-07-05 22:00:00
698,train,698,703,704,709,2017-07-05 20:20:00,2017-07-05 21:10:00,2017-07-05 21:20:00,2017-07-05 22:10:00
699,train,699,704,705,710,2017-07-05 20:30:00,2017-07-05 21:20:00,2017-07-05 21:30:00,2017-07-05 22:20:00
700,train,700,705,706,711,2017-07-05 20:40:00,2017-07-05 21:30:00,2017-07-05 21:40:00,2017-07-05 22:30:00
701,train,701,706,707,712,2017-07-05 20:50:00,2017-07-05 21:40:00,2017-07-05 21:50:00,2017-07-05 22:40:00
702,train,702,707,708,713,2017-07-05 21:00:00,2017-07-05 21:50:00,2017-07-05 22:00:00,2017-07-05 22:50:00
703,train,703,708,709,714,2017-07-05 21:10:00,2017-07-05 22:00:00,2017-07-05 22:10:00,2017-07-05 23:00:00
704,train,704,709,710,715,2017-07-05 21:20:00,2017-07-05 22:10:00,2017-07-05 22:20:00,2017-07-05 23:10:00
705,train,705,710,711,716,2017-07-05 21:30:00,2017-07-05 22:20:00,2017-07-05 22:30:00,2017-07-05 23:20:00
706,train,706,711,712,717,2017-07-05 21:40:00,2017-07-05 22:30:00,2017-07-05 22:40:00,2017-07-05 23:30:00
707,train,707,712,713,718,2017-07-05 21:50:00,2017-07-05 22:40:00,2017-07-05 22:50:00,2017-07-05 23:40:00
708,train,708,713,714,719,2017-07-05 22:00:00,2017-07-05 22:50:00,2017-07-05 23:00:00,2017-07-05 23:50:00
709,train,709,714,715,720,2017-07-05 22:10:00,2017-07-05 23:00:00,2017-07-05 23:10:00,2017-07-06 00:00:00
710,train,710,715,716,721,2017-07-05 22:20:00,2017-07-05 23:10:00,2017-07-05 23:20:00,2017-07-06 00:10:00
711,train,711,716,717,722,2017-07-05 22:30:00,2017-07-05 23:20:00,2017-07-05 23:30:00,2017-07-06 00:20:00
712,train,712,717,718,723,2017-07-05 22:40:00,2017-07-05 23:30:00,2017-07-05 23:40:00,2017-07-06 00:30:00
713,train,713,718,719,724,2017-07-05 22:50:00,2017-07-05 23:40:00,2017-07-05 23:50:00,2017-07-06 00:40:00
714,train,714,719,720,725,2017-07-05 23:00:00,2017-07-05 23:50:00,2017-07-06 00:00:00,2017-07-06 00:50:00
715,train,715,720,721,726,2017-07-05 23:10:00,2017-07-06 00:00:00,2017-07-06 00:10:00,2017-07-06 01:00:00
716,train,716,721,722,727,2017-07-05 23:20:00,2017-07-06 00:10:00,2017-07-06 00:20:00,2017-07-06 01:10:00
717,train,717,722,723,728,2017-07-05 23:30:00,2017-07-06 00:20:00,2017-07-06 00:30:00,2017-07-06 01:20:00
718,train,718,723,724,729,2017-07-05 23:40:00,2017-07-06 00:30:00,2017-07-06 00:40:00,2017-07-06 01:30:00
719,train,719,724,725,730,2017-07-05 23:50:00,2017-07-06 00:40:00,2017-07-06 00:50:00,2017-07-06 01:40:00
720,train,720,725,726,731,2017-07-06 00:00:00,2017-07-06 00:50:00,2017-07-06 01:00:00,2017-07-06 01:50:00
721,train,721,726,727,732,2017-07-06 00:10:00,2017-07-06 01:00:00,2017-07-06 01:10:00,2017-07-06 02:00:00
722,train,722,727,728,733,2017-07-06 00:20:00,2017-07-06 01:10:00,2017-07-06 01:20:00,2017-07-06 02:10:00
723,train,723,728,729,734,2017-07-06 00:30:00,2017-07-06 01:20:00,2017-07-06 01:30:00,2017-07-06 02:20:00
724,train,724,729,730,735,2017-07-06 00:40:00,2017-07-06 01:30:00,2017-07-06 01:40:00,2017-07-06 02:30:00
725,train,725,730,731,736,2017-07-06 00:50:00,2017-07-06 01:40:00,2017-07-06 01:50:00,2017-07-06 02:40:00
726,train,726,731,732,737,2017-07-06 01:00:00,2017-07-06 01:50:00,2017-07-06 02:00:00,2017-07-06 02:50:00
727,train,727,732,733,738,2017-07-06 01:10:00,2017-07-06 02:00:00,2017-07-06 02:10:00,2017-07-06 03:00:00
728,train,728,733,734,739,2017-07-06 01:20:00,2017-07-06 02:10:00,2017-07-06 02:20:00,2017-07-06 03:10:00
729,train,729,734,735,740,2017-07-06 01:30:00,2017-07-06 02:20:00,2017-07-06 02:30:00,2017-07-06 03:20:00
730,train,730,735,736,741,2017-07-06 01:40:00,2017-07-06 02:30:00,2017-07-06 02:40:00,2017-07-06 03:30:00
731,train,731,736,737,742,2017-07-06 01:50:00,2017-07-06 02:40:00,2017-07-06 02:50:00,2017-07-06 03:40:00
732,train,732,737,738,743,2017-07-06 02:00:00,2017-07-06 02:50:00,2017-07-06 03:00:00,2017-07-06 03:50:00
733,train,733,738,739,744,2017-07-06 02:10:00,2017-07-06 03:00:00,2017-07-06 03:10:00,2017-07-06 04:00:00
734,train,734,739,740,745,2017-07-06 02:20:00,2017-07-06 03:10:00,2017-07-06 03:20:00,2017-07-06 04:10:00
735,train,735,740,741,746,2017-07-06 02:30:00,2017-07-06 03:20:00,2017-07-06 03:30:00,2017-07-06 04:20:00
736,train,736,741,742,747,2017-07-06 02:40:00,2017-07-06 03:30:00,2017-07-06 03:40:00,2017-07-06 04:30:00
737,train,737,742,743,748,2017-07-06 02:50:00,2017-07-06 03:40:00,2017-07-06 03:50:00,2017-07-06 04:40:00
738,train,738,743,744,749,2017-07-06 03:00:00,2017-07-06 03:50:00,2017-07-06 04:00:00,2017-07-06 04:50:00
739,train,739,744,745,750,2017-07-06 03:10:00,2017-07-06 04:00:00,2017-07-06 04:10:00,2017-07-06 05:00:00
740,train,740,745,746,751,2017-07-06 03:20:00,2017-07-06 04:10:00,2017-07-06 04:20:00,2017-07-06 05:10:00
741,train,741,746,747,752,2017-07-06 03:30:00,2017-07-06 04:20:00,2017-07-06 04:30:00,2017-07-06 05:20:00
742,train,742,747,748,753,2017-07-06 03:40:00,2017-07-06 04:30:00,2017-07-06 04:40:00,2017-07-06 05:30:00
743,train,743,748,749,754,2017-07-06 03:50:00,2017-07-06 04:40:00,2017-07-06 04:50:00,2017-07-06 05:40:00
744,train,744,749,750,755,2017-07-06 04:00:00,2017-07-06 04:50:00,2017-07-06 05:00:00,2017-07-06 05:50:00
745,train,745,750,751,756,2017-07-06 04:10:00,2017-07-06 05:00:00,2017-07-06 05:10:00,2017-07-06 06:00:00
746,train,746,751,752,757,2017-07-06 04:20:00,2017-07-06 05:10:00,2017-07-06 05:20:00,2017-07-06 06:10:00
747,train,747,752,753,758,2017-07-06 04:30:00,2017-07-06 05:20:00,2017-07-06 05:30:00,2017-07-06 06:20:00
748,train,748,753,754,759,2017-07-06 04:40:00,2017-07-06 05:30:00,2017-07-06 05:40:00,2017-07-06 06:30:00
749,train,749,754,755,760,2017-07-06 04:50:00,2017-07-06 05:40:00,2017-07-06 05:50:00,2017-07-06 06:40:00
750,train,750,755,756,761,2017-07-06 05:00:00,2017-07-06 05:50:00,2017-07-06 06:00:00,2017-07-06 06:50:00
751,train,751,756,757,762,2017-07-06 05:10:00,2017-07-06 06:00:00,2017-07-06 06:10:00,2017-07-06 07:00:00
752,train,752,757,758,763,2017-07-06 05:20:00,2017-07-06 06:10:00,2017-07-06 06:20:00,2017-07-06 07:10:00
753,train,753,758,759,764,2017-07-06 05:30:00,2017-07-06 06:20:00,2017-07-06 06:30:00,2017-07-06 07:20:00
754,train,754,759,760,765,2017-07-06 05:40:00,2017-07-06 06:30:00,2017-07-06 06:40:00,2017-07-06 07:30:00
755,train,755,760,761,766,2017-07-06 05:50:00,2017-07-06 06:40:00,2017-07-06 06:50:00,2017-07-06 07:40:00
756,train,756,761,762,767,2017-07-06 06:00:00,2017-07-06 06:50:00,2017-07-06 07:00:00,2017-07-06 07:50:00
757,train,757,762,763,768,2017-07-06 06:10:00,2017-07-06 07:00:00,2017-07-06 07:10:00,2017-07-06 08:00:00
758,train,758,763,764,769,2017-07-06 06:20:00,2017-07-06 07:10:00,2017-07-06 07:20:00,2017-07-06 08:10:00
759,train,759,764,765,770,2017-07-06 06:30:00,2017-07-06 07:20:00,2017-07-06 07:30:00,2017-07-06 08:20:00
760,train,760,765,766,771,2017-07-06 06:40:00,2017-07-06 07:30:00,2017-07-06 07:40:00,2017-07-06 08:30:00
761,train,761,766,767,772,2017-07-06 06:50:00,2017-07-06 07:40:00,2017-07-06 07:50:00,2017-07-06 08:40:00
762,train,762,767,768,773,2017-07-06 07:00:00,2017-07-06 07:50:00,2017-07-06 08:00:00,2017-07-06 08:50:00
763,train,763,768,769,774,2017-07-06 07:10:00,2017-07-06 08:00:00,2017-07-06 08:10:00,2017-07-06 09:00:00
764,train,764,769,770,775,2017-07-06 07:20:00,2017-07-06 08:10:00,2017-07-06 08:20:00,2017-07-06 09:10:00
765,train,765,770,771,776,2017-07-06 07:30:00,2017-07-06 08:20:00,2017-07-06 08:30:00,2017-07-06 09:20:00
766,train,766,771,772,777,2017-07-06 07:40:00,2017-07-06 08:30:00,2017-07-06 08:40:00,2017-07-06 09:30:00
767,train,767,772,773,778,2017-07-06 07:50:00,2017-07-06 08:40:00,2017-07-06 08:50:00,2017-07-06 09:40:00
768,train,768,773,774,779,2017-07-06 08:00:00,2017-07-06 08:50:00,2017-07-06 09:00:00,2017-07-06 09:50:00
769,train,769,774,775,780,2017-07-06 08:10:00,2017-07-06 09:00:00,2017-07-06 09:10:00,2017-07-06 10:00:00
770,train,770,775,776,781,2017-07-06 08:20:00,2017-07-06 09:10:00,2017-07-06 09:20:00,2017-07-06 10:10:00
771,train,771,776,777,782,2017-07-06 08:30:00,2017-07-06 09:20:00,2017-07-06 09:30:00,2017-07-06 10:20:00
772,train,772,777,778,783,2017-07-06 08:40:00,2017-07-06 09:30:00,2017-07-06 09:40:00,2017-07-06 10:30:00
773,train,773,778,779,784,2017-07-06 08:50:00,2017-07-06 09:40:00,2017-07-06 09:50:00,2017-07-06 10:40:00
774,train,774,779,780,785,2017-07-06 09:00:00,2017-07-06 09:50:00,2017-07-06 10:00:00,2017-07-06 10:50:00
775,train,775,780,781,786,2017-07-06 09:10:00,2017-07-06 10:00:00,2017-07-06 10:10:00,2017-07-06 11:00:00
776,train,776,781,782,787,2017-07-06 09:20:00,2017-07-06 10:10:00,2017-07-06 10:20:00,2017-07-06 11:10:00
777,train,777,782,783,788,2017-07-06 09:30:00,2017-07-06 10:20:00,2017-07-06 10:30:00,2017-07-06 11:20:00
778,train,778,783,784,789,2017-07-06 09:40:00,2017-07-06 10:30:00,2017-07-06 10:40:00,2017-07-06 11:30:00
779,train,779,784,785,790,2017-07-06 09:50:00,2017-07-06 10:40:00,2017-07-06 10:50:00,2017-07-06 11:40:00
780,train,780,785,786,791,2017-07-06 10:00:00,2017-07-06 10:50:00,2017-07-06 11:00:00,2017-07-06 11:50:00
781,train,781,786,787,792,2017-07-06 10:10:00,2017-07-06 11:00:00,2017-07-06 11:10:00,2017-07-06 12:00:00
782,train,782,787,788,793,2017-07-06 10:20:00,2017-07-06 11:10:00,2017-07-06 11:20:00,2017-07-06 12:10:00
783,train,783,788,789,794,2017-07-06 10:30:00,2017-07-06 11:20:00,2017-07-06 11:30:00,2017-07-06 12:20:00
784,train,784,789,790,795,2017-07-06 10:40:00,2017-07-06 11:30:00,2017-07-06 11:40:00,2017-07-06 12:30:00
785,train,785,790,791,796,2017-07-06 10:50:00,2017-07-06 11:40:00,2017-07-06 11:50:00,2017-07-06 12:40:00
786,train,786,791,792,797,2017-07-06 11:00:00,2017-07-06 11:50:00,2017-07-06 12:00:00,2017-07-06 12:50:00
787,train,787,792,793,798,2017-07-06 11:10:00,2017-07-06 12:00:00,2017-07-06 12:10:00,2017-07-06 13:00:00
788,train,788,793,794,799,2017-07-06 11:20:00,2017-07-06 12:10:00,2017-07-06 12:20:00,2017-07-06 13:10:00
789,train,789,794,795,800,2017-07-06 11:30:00,2017-07-06 12:20:00,2017-07-06 12:30:00,2017-07-06 13:20:00
790,train,790,795,796,801,2017-07-06 11:40:00,2017-07-06 12:30:00,2017-07-06 12:40:00,2017-07-06 13:30:00
791,train,791,796,797,802,2017-07-06 11:50:00,2017-07-06 12:40:00,2017-07-06 12:50:00,2017-07-06 13:40:00
792,train,792,797,798,803,2017-07-06 12:00:00,2017-07-06 12:50:00,2017-07-06 13:00:00,2017-07-06 13:50:00
793,train,793,798,799,804,2017-07-06 12:10:00,2017-07-06 13:00:00,2017-07-06 13:10:00,2017-07-06 14:00:00
794,train,794,799,800,805,2017-07-06 12:20:00,2017-07-06 13:10:00,2017-07-06 13:20:00,2017-07-06 14:10:00
795,train,795,800,801,806,2017-07-06 12:30:00,2017-07-06 13:20:00,2017-07-06 13:30:00,2017-07-06 14:20:00
796,train,796,801,802,807,2017-07-06 12:40:00,2017-07-06 13:30:00,2017-07-06 13:40:00,2017-07-06 14:30:00
797,train,797,802,803,808,2017-07-06 12:50:00,2017-07-06 13:40:00,2017-07-06 13:50:00,2017-07-06 14:40:00
798,train,798,803,804,809,2017-07-06 13:00:00,2017-07-06 13:50:00,2017-07-06 14:00:00,2017-07-06 14:50:00
799,train,799,804,805,810,2017-07-06 13:10:00,2017-07-06 14:00:00,2017-07-06 14:10:00,2017-07-06 15:00:00
800,train,800,805,806,811,2017-07-06 13:20:00,2017-07-06 14:10:00,2017-07-06 14:20:00,2017-07-06 15:10:00
801,train,801,806,807,812,2017-07-06 13:30:00,2017-07-06 14:20:00,2017-07-06 14:30:00,2017-07-06 15:20:00
802,train,802,807,808,813,2017-07-06 13:40:00,2017-07-06 14:30:00,2017-07-06 14:40:00,2017-07-06 15:30:00
803,train,803,808,809,814,2017-07-06 13:50:00,2017-07-06 14:40:00,2017-07-06 14:50:00,2017-07-06 15:40:00
804,train,804,809,810,815,2017-07-06 14:00:00,2017-07-06 14:50:00,2017-07-06 15:00:00,2017-07-06 15:50:00
805,train,805,810,811,816,2017-07-06 14:10:00,2017-07-06 15:00:00,2017-07-06 15:10:00,2017-07-06 16:00:00
806,train,806,811,812,817,2017-07-06 14:20:00,2017-07-06 15:10:00,2017-07-06 15:20:00,2017-07-06 16:10:00
807,train,807,812,813,818,2017-07-06 14:30:00,2017-07-06 15:20:00,2017-07-06 15:30:00,2017-07-06 16:20:00
808,train,808,813,814,819,2017-07-06 14:40:00,2017-07-06 15:30:00,2017-07-06 15:40:00,2017-07-06 16:30:00
809,train,809,814,815,820,2017-07-06 14:50:00,2017-07-06 15:40:00,2017-07-06 15:50:00,2017-07-06 16:40:00
810,train,810,815,816,821,2017-07-06 15:00:00,2017-07-06 15:50:00,2017-07-06 16:00:00,2017-07-06 16:50:00
811,train,811,816,817,822,2017-07-06 15:10:00,2017-07-06 16:00:00,2017-07-06 16:10:00,2017-07-06 17:00:00
812,train,812,817,818,823,2017-07-06 15:20:00,2017-07-06 16:10:00,2017-07-06 16:20:00,2017-07-06 17:10:00
813,train,813,818,819,824,2017-07-06 15:30:00,2017-07-06 16:20:00,2017-07-06 16:30:00,2017-07-06 17:20:00
814,train,814,819,820,825,2017-07-06 15:40:00,2017-07-06 16:30:00,2017-07-06 16:40:00,2017-07-06 17:30:00
815,train,815,820,821,826,2017-07-06 15:50:00,2017-07-06 16:40:00,2017-07-06 16:50:00,2017-07-06 17:40:00
816,train,816,821,822,827,2017-07-06 16:00:00,2017-07-06 16:50:00,2017-07-06 17:00:00,2017-07-06 17:50:00
817,train,817,822,823,828,2017-07-06 16:10:00,2017-07-06 17:00:00,2017-07-06 17:10:00,2017-07-06 18:00:00
818,train,818,823,824,829,2017-07-06 16:20:00,2017-07-06 17:10:00,2017-07-06 17:20:00,2017-07-06 18:10:00
819,train,819,824,825,830,2017-07-06 16:30:00,2017-07-06 17:20:00,2017-07-06 17:30:00,2017-07-06 18:20:00
820,train,820,825,826,831,2017-07-06 16:40:00,2017-07-06 17:30:00,2017-07-06 17:40:00,2017-07-06 18:30:00
821,train,821,826,827,832,2017-07-06 16:50:00,2017-07-06 17:40:00,2017-07-06 17:50:00,2017-07-06 18:40:00
822,train,822,827,828,833,2017-07-06 17:00:00,2017-07-06 17:50:00,2017-07-06 18:00:00,2017-07-06 18:50:00
823,train,823,828,829,834,2017-07-06 17:10:00,2017-07-06 18:00:00,2017-07-06 18:10:00,2017-07-06 19:00:00
824,train,824,829,830,835,2017-07-06 17:20:00,2017-07-06 18:10:00,2017-07-06 18:20:00,2017-07-06 19:10:00
825,train,825,830,831,836,2017-07-06 17:30:00,2017-07-06 18:20:00,2017-07-06 18:30:00,2017-07-06 19:20:00
826,train,826,831,832,837,2017-07-06 17:40:00,2017-07-06 18:30:00,2017-07-06 18:40:00,2017-07-06 19:30:00
827,train,827,832,833,838,2017-07-06 17:50:00,2017-07-06 18:40:00,2017-07-06 18:50:00,2017-07-06 19:40:00
828,train,828,833,834,839,2017-07-06 18:00:00,2017-07-06 18:50:00,2017-07-06 19:00:00,2017-07-06 19:50:00
829,train,829,834,835,840,2017-07-06 18:10:00,2017-07-06 19:00:00,2017-07-06 19:10:00,2017-07-06 20:00:00
830,train,830,835,836,841,2017-07-06 18:20:00,2017-07-06 19:10:00,2017-07-06 19:20:00,2017-07-06 20:10:00
831,train,831,836,837,842,2017-07-06 18:30:00,2017-07-06 19:20:00,2017-07-06 19:30:00,2017-07-06 20:20:00
832,train,832,837,838,843,2017-07-06 18:40:00,2017-07-06 19:30:00,2017-07-06 19:40:00,2017-07-06 20:30:00
833,train,833,838,839,844,2017-07-06 18:50:00,2017-07-06 19:40:00,2017-07-06 19:50:00,2017-07-06 20:40:00
834,train,834,839,840,845,2017-07-06 19:00:00,2017-07-06 19:50:00,2017-07-06 20:00:00,2017-07-06 20:50:00
835,train,835,840,841,846,2017-07-06 19:10:00,2017-07-06 20:00:00,2017-07-06 20:10:00,2017-07-06 21:00:00
836,train,836,841,842,847,2017-07-06 19:20:00,2017-07-06 20:10:00,2017-07-06 20:20:00,2017-07-06 21:10:00
837,train,837,842,843,848,2017-07-06 19:30:00,2017-07-06 20:20:00,2017-07-06 20:30:00,2017-07-06 21:20:00
838,train,838,843,844,849,2017-07-06 19:40:00,2017-07-06 20:30:00,2017-07-06 20:40:00,2017-07-06 21:30:00
839,train,839,844,845,850,2017-07-06 19:50:00,2017-07-06 20:40:00,2017-07-06 20:50:00,2017-07-06 21:40:00
840,train,840,845,846,851,2017-07-06 20:00:00,2017-07-06 20:50:00,2017-07-06 21:00:00,2017-07-06 21:50:00
841,train,841,846,847,852,2017-07-06 20:10:00,2017-07-06 21:00:00,2017-07-06 21:10:00,2017-07-06 22:00:00
842,train,842,847,848,853,2017-07-06 20:20:00,2017-07-06 21:10:00,2017-07-06 21:20:00,2017-07-06 22:10:00
843,train,843,848,849,854,2017-07-06 20:30:00,2017-07-06 21:20:00,2017-07-06 21:30:00,2017-07-06 22:20:00
844,train,844,849,850,855,2017-07-06 20:40:00,2017-07-06 21:30:00,2017-07-06 21:40:00,2017-07-06 22:30:00
845,train,845,850,851,856,2017-07-06 20:50:00,2017-07-06 21:40:00,2017-07-06 21:50:00,2017-07-06 22:40:00
846,train,846,851,852,857,2017-07-06 21:00:00,2017-07-06 21:50:00,2017-07-06 22:00:00,2017-07-06 22:50:00
847,train,847,852,853,858,2017-07-06 21:10:00,2017-07-06 22:00:00,2017-07-06 22:10:00,2017-07-06 23:00:00
848,train,848,853,854,859,2017-07-06 21:20:00,2017-07-06 22:10:00,2017-07-06 22:20:00,2017-07-06 23:10:00
849,train,849,854,855,860,2017-07-06 21:30:00,2017-07-06 22:20:00,2017-07-06 22:30:00,2017-07-06 23:20:00
850,train,850,855,856,861,2017-07-06 21:40:00,2017-07-06 22:30:00,2017-07-06 22:40:00,2017-07-06 23:30:00
851,train,851,856,857,862,2017-07-06 21:50:00,2017-07-06 22:40:00,2017-07-06 22:50:00,2017-07-06 23:40:00
852,train,852,857,858,863,2017-07-06 22:00:00,2017-07-06 22:50:00,2017-07-06 23:00:00,2017-07-06 23:50:00
853,train,853,858,859,864,2017-07-06 22:10:00,2017-07-06 23:00:00,2017-07-06 23:10:00,2017-07-07 00:00:00
854,train,854,859,860,865,2017-07-06 22:20:00,2017-07-06 23:10:00,2017-07-06 23:20:00,2017-07-07 00:10:00
855,train,855,860,861,866,2017-07-06 22:30:00,2017-07-06 23:20:00,2017-07-06 23:30:00,2017-07-07 00:20:00
856,train,856,861,862,867,2017-07-06 22:40:00,2017-07-06 23:30:00,2017-07-06 23:40:00,2017-07-07 00:30:00
857,train,857,862,863,868,2017-07-06 22:50:00,2017-07-06 23:40:00,2017-07-06 23:50:00,2017-07-07 00:40:00
858,train,858,863,864,869,2017-07-06 23:00:00,2017-07-06 23:50:00,2017-07-07 00:00:00,2017-07-07 00:50:00
859,train,859,864,865,870,2017-07-06 23:10:00,2017-07-07 00:00:00,2017-07-07 00:10:00,2017-07-07 01:00:00
860,train,860,865,866,871,2017-07-06 23:20:00,2017-07-07 00:10:00,2017-07-07 00:20:00,2017-07-07 01:10:00
861,train,861,866,867,872,2017-07-06 23:30:00,2017-07-07 00:20:00,2017-07-07 00:30:00,2017-07-07 01:20:00
862,train,862,867,868,873,2017-07-06 23:40:00,2017-07-07 00:30:00,2017-07-07 00:40:00,2017-07-07 01:30:00
863,train,863,868,869,874,2017-07-06 23:50:00,2017-07-07 00:40:00,2017-07-07 00:50:00,2017-07-07 01:40:00
864,train,864,869,870,875,2017-07-07 00:00:00,2017-07-07 00:50:00,2017-07-07 01:00:00,2017-07-07 01:50:00
865,train,865,870,871,876,2017-07-07 00:10:00,2017-07-07 01:00:00,2017-07-07 01:10:00,2017-07-07 02:00:00
866,train,866,871,872,877,2017-07-07 00:20:00,2017-07-07 01:10:00,2017-07-07 01:20:00,2017-07-07 02:10:00
867,train,867,872,873,878,2017-07-07 00:30:00,2017-07-07 01:20:00,2017-07-07 01:30:00,2017-07-07 02:20:00
868,train,868,873,874,879,2017-07-07 00:40:00,2017-07-07 01:30:00,2017-07-07 01:40:00,2017-07-07 02:30:00
869,train,869,874,875,880,2017-07-07 00:50:00,2017-07-07 01:40:00,2017-07-07 01:50:00,2017-07-07 02:40:00
870,train,870,875,876,881,2017-07-07 01:00:00,2017-07-07 01:50:00,2017-07-07 02:00:00,2017-07-07 02:50:00
871,train,871,876,877,882,2017-07-07 01:10:00,2017-07-07 02:00:00,2017-07-07 02:10:00,2017-07-07 03:00:00
872,train,872,877,878,883,2017-07-07 01:20:00,2017-07-07 02:10:00,2017-07-07 02:20:00,2017-07-07 03:10:00
873,train,873,878,879,884,2017-07-07 01:30:00,2017-07-07 02:20:00,2017-07-07 02:30:00,2017-07-07 03:20:00
874,train,874,879,880,885,2017-07-07 01:40:00,2017-07-07 02:30:00,2017-07-07 02:40:00,2017-07-07 03:30:00
875,train,875,880,881,886,2017-07-07 01:50:00,2017-07-07 02:40:00,2017-07-07 02:50:00,2017-07-07 03:40:00
876,train,876,881,882,887,2017-07-07 02:00:00,2017-07-07 02:50:00,2017-07-07 03:00:00,2017-07-07 03:50:00
877,train,877,882,883,888,2017-07-07 02:10:00,2017-07-07 03:00:00,2017-07-07 03:10:00,2017-07-07 04:00:00
878,train,878,883,884,889,2017-07-07 02:20:00,2017-07-07 03:10:00,2017-07-07 03:20:00,2017-07-07 04:10:00
879,train,879,884,885,890,2017-07-07 02:30:00,2017-07-07 03:20:00,2017-07-07 03:30:00,2017-07-07 04:20:00
880,train,880,885,886,891,2017-07-07 02:40:00,2017-07-07 03:30:00,2017-07-07 03:40:00,2017-07-07 04:30:00
881,train,881,886,887,892,2017-07-07 02:50:00,2017-07-07 03:40:00,2017-07-07 03:50:00,2017-07-07 04:40:00
882,train,882,887,888,893,2017-07-07 03:00:00,2017-07-07 03:50:00,2017-07-07 04:00:00,2017-07-07 04:50:00
883,train,883,888,889,894,2017-07-07 03:10:00,2017-07-07 04:00:00,2017-07-07 04:10:00,2017-07-07 05:00:00
884,train,884,889,890,895,2017-07-07 03:20:00,2017-07-07 04:10:00,2017-07-07 04:20:00,2017-07-07 05:10:00
885,train,885,890,891,896,2017-07-07 03:30:00,2017-07-07 04:20:00,2017-07-07 04:30:00,2017-07-07 05:20:00
886,train,886,891,892,897,2017-07-07 03:40:00,2017-07-07 04:30:00,2017-07-07 04:40:00,2017-07-07 05:30:00
887,train,887,892,893,898,2017-07-07 03:50:00,2017-07-07 04:40:00,2017-07-07 04:50:00,2017-07-07 05:40:00
888,train,888,893,894,899,2017-07-07 04:00:00,2017-07-07 04:50:00,2017-07-07 05:00:00,2017-07-07 05:50:00
889,train,889,894,895,900,2017-07-07 04:10:00,2017-07-07 05:00:00,2017-07-07 05:10:00,2017-07-07 06:00:00
890,train,890,895,896,901,2017-07-07 04:20:00,2017-07-07 05:10:00,2017-07-07 05:20:00,2017-07-07 06:10:00
891,train,891,896,897,902,2017-07-07 04:30:00,2017-07-07 05:20:00,2017-07-07 05:30:00,2017-07-07 06:20:00
892,train,892,897,898,903,2017-07-07 04:40:00,2017-07-07 05:30:00,2017-07-07 05:40:00,2017-07-07 06:30:00
893,train,893,898,899,904,2017-07-07 04:50:00,2017-07-07 05:40:00,2017-07-07 05:50:00,2017-07-07 06:40:00
894,train,894,899,900,905,2017-07-07 05:00:00,2017-07-07 05:50:00,2017-07-07 06:00:00,2017-07-07 06:50:00
895,train,895,900,901,906,2017-07-07 05:10:00,2017-07-07 06:00:00,2017-07-07 06:10:00,2017-07-07 07:00:00
896,train,896,901,902,907,2017-07-07 05:20:00,2017-07-07 06:10:00,2017-07-07 06:20:00,2017-07-07 07:10:00
897,train,897,902,903,908,2017-07-07 05:30:00,2017-07-07 06:20:00,2017-07-07 06:30:00,2017-07-07 07:20:00
898,train,898,903,904,909,2017-07-07 05:40:00,2017-07-07 06:30:00,2017-07-07 06:40:00,2017-07-07 07:30:00
899,train,899,904,905,910,2017-07-07 05:50:00,2017-07-07 06:40:00,2017-07-07 06:50:00,2017-07-07 07:40:00
900,train,900,905,906,911,2017-07-07 06:00:00,2017-07-07 06:50:00,2017-07-07 07:00:00,2017-07-07 07:50:00
901,train,901,906,907,912,2017-07-07 06:10:00,2017-07-07 07:00:00,2017-07-07 07:10:00,2017-07-07 08:00:00
902,train,902,907,908,913,2017-07-07 06:20:00,2017-07-07 07:10:00,2017-07-07 07:20:00,2017-07-07 08:10:00
903,train,903,908,909,914,2017-07-07 06:30:00,2017-07-07 07:20:00,2017-07-07 07:30:00,2017-07-07 08:20:00
904,train,904,909,910,915,2017-07-07 06:40:00,2017-07-07 07:30:00,2017-07-07 07:40:00,2017-07-07 08:30:00
905,train,905,910,911,916,2017-07-07 06:50:00,2017-07-07 07:40:00,2017-07-07 07:50:00,2017-07-07 08:40:00
906,train,906,911,912,917,2017-07-07 07:00:00,2017-07-07 07:50:00,2017-07-07 08:00:00,2017-07-07 08:50:00
907,train,907,912,913,918,2017-07-07 07:10:00,2017-07-07 08:00:00,2017-07-07 08:10:00,2017-07-07 09:00:00
908,train,908,913,914,919,2017-07-07 07:20:00,2017-07-07 08:10:00,2017-07-07 08:20:00,2017-07-07 09:10:00
909,train,909,914,915,920,2017-07-07 07:30:00,2017-07-07 08:20:00,2017-07-07 08:30:00,2017-07-07 09:20:00
910,train,910,915,916,921,2017-07-07 07:40:00,2017-07-07 08:30:00,2017-07-07 08:40:00,2017-07-07 09:30:00
911,train,911,916,917,922,2017-07-07 07:50:00,2017-07-07 08:40:00,2017-07-07 08:50:00,2017-07-07 09:40:00
912,train,912,917,918,923,2017-07-07 08:00:00,2017-07-07 08:50:00,2017-07-07 09:00:00,2017-07-07 09:50:00
913,train,913,918,919,924,2017-07-07 08:10:00,2017-07-07 09:00:00,2017-07-07 09:10:00,2017-07-07 10:00:00
914,train,914,919,920,925,2017-07-07 08:20:00,2017-07-07 09:10:00,2017-07-07 09:20:00,2017-07-07 10:10:00
915,train,915,920,921,926,2017-07-07 08:30:00,2017-07-07 09:20:00,2017-07-07 09:30:00,2017-07-07 10:20:00
916,train,916,921,922,927,2017-07-07 08:40:00,2017-07-07 09:30:00,2017-07-07 09:40:00,2017-07-07 10:30:00
917,train,917,922,923,928,2017-07-07 08:50:00,2017-07-07 09:40:00,2017-07-07 09:50:00,2017-07-07 10:40:00
918,train,918,923,924,929,2017-07-07 09:00:00,2017-07-07 09:50:00,2017-07-07 10:00:00,2017-07-07 10:50:00
919,train,919,924,925,930,2017-07-07 09:10:00,2017-07-07 10:00:00,2017-07-07 10:10:00,2017-07-07 11:00:00
920,train,920,925,926,931,2017-07-07 09:20:00,2017-07-07 10:10:00,2017-07-07 10:20:00,2017-07-07 11:10:00
921,train,921,926,927,932,2017-07-07 09:30:00,2017-07-07 10:20:00,2017-07-07 10:30:00,2017-07-07 11:20:00
922,train,922,927,928,933,2017-07-07 09:40:00,2017-07-07 10:30:00,2017-07-07 10:40:00,2017-07-07 11:30:00
923,train,923,928,929,934,2017-07-07 09:50:00,2017-07-07 10:40:00,2017-07-07 10:50:00,2017-07-07 11:40:00
924,train,924,929,930,935,2017-07-07 10:00:00,2017-07-07 10:50:00,2017-07-07 11:00:00,2017-07-07 11:50:00
925,train,925,930,931,936,2017-07-07 10:10:00,2017-07-07 11:00:00,2017-07-07 11:10:00,2017-07-07 12:00:00
926,train,926,931,932,937,2017-07-07 10:20:00,2017-07-07 11:10:00,2017-07-07 11:20:00,2017-07-07 12:10:00
927,train,927,932,933,938,2017-07-07 10:30:00,2017-07-07 11:20:00,2017-07-07 11:30:00,2017-07-07 12:20:00
928,train,928,933,934,939,2017-07-07 10:40:00,2017-07-07 11:30:00,2017-07-07 11:40:00,2017-07-07 12:30:00
929,train,929,934,935,940,2017-07-07 10:50:00,2017-07-07 11:40:00,2017-07-07 11:50:00,2017-07-07 12:40:00
930,train,930,935,936,941,2017-07-07 11:00:00,2017-07-07 11:50:00,2017-07-07 12:00:00,2017-07-07 12:50:00
931,train,931,936,937,942,2017-07-07 11:10:00,2017-07-07 12:00:00,2017-07-07 12:10:00,2017-07-07 13:00:00
932,train,932,937,938,943,2017-07-07 11:20:00,2017-07-07 12:10:00,2017-07-07 12:20:00,2017-07-07 13:10:00
933,train,933,938,939,944,2017-07-07 11:30:00,2017-07-07 12:20:00,2017-07-07 12:30:00,2017-07-07 13:20:00
934,train,934,939,940,945,2017-07-07 11:40:00,2017-07-07 12:30:00,2017-07-07 12:40:00,2017-07-07 13:30:00
935,train,935,940,941,946,2017-07-07 11:50:00,2017-07-07 12:40:00,2017-07-07 12:50:00,2017-07-07 13:40:00
936,train,936,941,942,947,2017-07-07 12:00:00,2017-07-07 12:50:00,2017-07-07 13:00:00,2017-07-07 13:50:00
937,train,937,942,943,948,2017-07-07 12:10:00,2017-07-07 13:00:00,2017-07-07 13:10:00,2017-07-07 14:00:00
938,train,938,943,944,949,2017-07-07 12:20:00,2017-07-07 13:10:00,2017-07-07 13:20:00,2017-07-07 14:10:00
939,train,939,944,945,950,2017-07-07 12:30:00,2017-07-07 13:20:00,2017-07-07 13:30:00,2017-07-07 14:20:00
940,train,940,945,946,951,2017-07-07 12:40:00,2017-07-07 13:30:00,2017-07-07 13:40:00,2017-07-07 14:30:00
941,train,941,946,947,952,2017-07-07 12:50:00,2017-07-07 13:40:00,2017-07-07 13:50:00,2017-07-07 14:40:00
942,train,942,947,948,953,2017-07-07 13:00:00,2017-07-07 13:50:00,2017-07-07 14:00:00,2017-07-07 14:50:00
943,train,943,948,949,954,2017-07-07 13:10:00,2017-07-07 14:00:00,2017-07-07 14:10:00,2017-07-07 15:00:00
944,train,944,949,950,955,2017-07-07 13:20:00,2017-07-07 14:10:00,2017-07-07 14:20:00,2017-07-07 15:10:00
945,train,945,950,951,956,2017-07-07 13:30:00,2017-07-07 14:20:00,2017-07-07 14:30:00,2017-07-07 15:20:00
946,train,946,951,952,957,2017-07-07 13:40:00,2017-07-07 14:30:00,2017-07-07 14:40:00,2017-07-07 15:30:00
947,train,947,952,953,958,2017-07-07 13:50:00,2017-07-07 14:40:00,2017-07-07 14:50:00,2017-07-07 15:40:00
948,train,948,953,954,959,2017-07-07 14:00:00,2017-07-07 14:50:00,2017-07-07 15:00:00,2017-07-07 15:50:00
949,train,949,954,955,960,2017-07-07 14:10:00,2017-07-07 15:00:00,2017-07-07 15:10:00,2017-07-07 16:00:00
950,train,950,955,956,961,2017-07-07 14:20:00,2017-07-07 15:10:00,2017-07-07 15:20:00,2017-07-07 16:10:00
951,train,951,956,957,962,2017-07-07 14:30:00,2017-07-07 15:20:00,2017-07-07 15:30:00,2017-07-07 16:20:00
952,train,952,957,958,963,2017-07-07 14:40:00,2017-07-07 15:30:00,2017-07-07 15:40:00,2017-07-07 16:30:00
953,train,953,958,959,964,2017-07-07 14:50:00,2017-07-07 15:40:00,2017-07-07 15:50:00,2017-07-07 16:40:00
954,train,954,959,960,965,2017-07-07 15:00:00,2017-07-07 15:50:00,2017-07-07 16:00:00,2017-07-07 16:50:00
955,train,955,960,961,966,2017-07-07 15:10:00,2017-07-07 16:00:00,2017-07-07 16:10:00,2017-07-07 17:00:00
956,train,956,961,962,967,2017-07-07 15:20:00,2017-07-07 16:10:00,2017-07-07 16:20:00,2017-07-07 17:10:00
957,train,957,962,963,968,2017-07-07 15:30:00,2017-07-07 16:20:00,2017-07-07 16:30:00,2017-07-07 17:20:00
958,train,958,963,964,969,2017-07-07 15:40:00,2017-07-07 16:30:00,2017-07-07 16:40:00,2017-07-07 17:30:00
959,train,959,964,965,970,2017-07-07 15:50:00,2017-07-07 16:40:00,2017-07-07 16:50:00,2017-07-07 17:40:00
960,train,960,965,966,971,2017-07-07 16:00:00,2017-07-07 16:50:00,2017-07-07 17:00:00,2017-07-07 17:50:00
961,train,961,966,967,972,2017-07-07 16:10:00,2017-07-07 17:00:00,2017-07-07 17:10:00,2017-07-07 18:00:00
962,train,962,967,968,973,2017-07-07 16:20:00,2017-07-07 17:10:00,2017-07-07 17:20:00,2017-07-07 18:10:00
963,train,963,968,969,974,2017-07-07 16:30:00,2017-07-07 17:20:00,2017-07-07 17:30:00,2017-07-07 18:20:00
964,train,964,969,970,975,2017-07-07 16:40:00,2017-07-07 17:30:00,2017-07-07 17:40:00,2017-07-07 18:30:00
965,train,965,970,971,976,2017-07-07 16:50:00,2017-07-07 17:40:00,2017-07-07 17:50:00,2017-07-07 18:40:00
966,train,966,971,972,977,2017-07-07 17:00:00,2017-07-07 17:50:00,2017-07-07 18:00:00,2017-07-07 18:50:00
967,train,967,972,973,978,2017-07-07 17:10:00,2017-07-07 18:00:00,2017-07-07 18:10:00,2017-07-07 19:00:00
968,train,968,973,974,979,2017-07-07 17:20:00,2017-07-07 18:10:00,2017-07-07 18:20:00,2017-07-07 19:10:00
969,train,969,974,975,980,2017-07-07 17:30:00,2017-07-07 18:20:00,2017-07-07 18:30:00,2017-07-07 19:20:00
970,train,970,975,976,981,2017-07-07 17:40:00,2017-07-07 18:30:00,2017-07-07 18:40:00,2017-07-07 19:30:00
971,train,971,976,977,982,2017-07-07 17:50:00,2017-07-07 18:40:00,2017-07-07 18:50:00,2017-07-07 19:40:00
972,train,972,977,978,983,2017-07-07 18:00:00,2017-07-07 18:50:00,2017-07-07 19:00:00,2017-07-07 19:50:00
973,train,973,978,979,984,2017-07-07 18:10:00,2017-07-07 19:00:00,2017-07-07 19:10:00,2017-07-07 20:00:00
974,train,974,979,980,985,2017-07-07 18:20:00,2017-07-07 19:10:00,2017-07-07 19:20:00,2017-07-07 20:10:00
975,train,975,980,981,986,2017-07-07 18:30:00,2017-07-07 19:20:00,2017-07-07 19:30:00,2017-07-07 20:20:00
976,train,976,981,982,987,2017-07-07 18:40:00,2017-07-07 19:30:00,2017-07-07 19:40:00,2017-07-07 20:30:00
977,train,977,982,983,988,2017-07-07 18:50:00,2017-07-07 19:40:00,2017-07-07 19:50:00,2017-07-07 20:40:00
978,train,978,983,984,989,2017-07-07 19:00:00,2017-07-07 19:50:00,2017-07-07 20:00:00,2017-07-07 20:50:00
979,train,979,984,985,990,2017-07-07 19:10:00,2017-07-07 20:00:00,2017-07-07 20:10:00,2017-07-07 21:00:00
980,train,980,985,986,991,2017-07-07 19:20:00,2017-07-07 20:10:00,2017-07-07 20:20:00,2017-07-07 21:10:00
981,train,981,986,987,992,2017-07-07 19:30:00,2017-07-07 20:20:00,2017-07-07 20:30:00,2017-07-07 21:20:00
982,train,982,987,988,993,2017-07-07 19:40:00,2017-07-07 20:30:00,2017-07-07 20:40:00,2017-07-07 21:30:00
983,train,983,988,989,994,2017-07-07 19:50:00,2017-07-07 20:40:00,2017-07-07 20:50:00,2017-07-07 21:40:00
984,train,984,989,990,995,2017-07-07 20:00:00,2017-07-07 20:50:00,2017-07-07 21:00:00,2017-07-07 21:50:00
985,train,985,990,991,996,2017-07-07 20:10:00,2017-07-07 21:00:00,2017-07-07 21:10:00,2017-07-07 22:00:00
986,train,986,991,992,997,2017-07-07 20:20:00,2017-07-07 21:10:00,2017-07-07 21:20:00,2017-07-07 22:10:00
987,train,987,992,993,998,2017-07-07 20:30:00,2017-07-07 21:20:00,2017-07-07 21:30:00,2017-07-07 22:20:00
988,train,988,993,994,999,2017-07-07 20:40:00,2017-07-07 21:30:00,2017-07-07 21:40:00,2017-07-07 22:30:00
989,train,989,994,995,1000,2017-07-07 20:50:00,2017-07-07 21:40:00,2017-07-07 21:50:00,2017-07-07 22:40:00
990,train,990,995,996,1001,2017-07-07 21:00:00,2017-07-07 21:50:00,2017-07-07 22:00:00,2017-07-07 22:50:00
991,train,991,996,997,1002,2017-07-07 21:10:00,2017-07-07 22:00:00,2017-07-07 22:10:00,2017-07-07 23:00:00
992,train,992,997,998,1003,2017-07-07 21:20:00,2017-07-07 22:10:00,2017-07-07 22:20:00,2017-07-07 23:10:00
993,train,993,998,999,1004,2017-07-07 21:30:00,2017-07-07 22:20:00,2017-07-07 22:30:00,2017-07-07 23:20:00
994,train,994,999,1000,1005,2017-07-07 21:40:00,2017-07-07 22:30:00,2017-07-07 22:40:00,2017-07-07 23:30:00
995,train,995,1000,1001,1006,2017-07-07 21:50:00,2017-07-07 22:40:00,2017-07-07 22:50:00,2017-07-07 23:40:00
996,train,996,1001,1002,1007,2017-07-07 22:00:00,2017-07-07 22:50:00,2017-07-07 23:00:00,2017-07-07 23:50:00
997,train,997,1002,1003,1008,2017-07-07 22:10:00,2017-07-07 23:00:00,2017-07-07 23:10:00,2017-07-08 00:00:00
998,train,998,1003,1004,1009,2017-07-07 22:20:00,2017-07-07 23:10:00,2017-07-07 23:20:00,2017-07-08 00:10:00
999,train,999,1004,1005,1010,2017-07-07 22:30:00,2017-07-07 23:20:00,2017-07-07 23:30:00,2017-07-08 00:20:00
1000,train,1000,1005,1006,1011,2017-07-07 22:40:00,2017-07-07 23:30:00,2017-07-07 23:40:00,2017-07-08 00:30:00
1001,train,1001,1006,1007,1012,2017-07-07 22:50:00,2017-07-07 23:40:00,2017-07-07 23:50:00,2017-07-08 00:40:00
1002,train,1002,1007,1008,1013,2017-07-07 23:00:00,2017-07-07 23:50:00,2017-07-08 00:00:00,2017-07-08 00:50:00
1003,train,1003,1008,1009,1014,2017-07-07 23:10:00,2017-07-08 00:00:00,2017-07-08 00:10:00,2017-07-08 01:00:00
1004,train,1004,1009,1010,1015,2017-07-07 23:20:00,2017-07-08 00:10:00,2017-07-08 00:20:00,2017-07-08 01:10:00
1005,train,1005,1010,1011,1016,2017-07-07 23:30:00,2017-07-08 00:20:00,2017-07-08 00:30:00,2017-07-08 01:20:00
1006,train,1006,1011,1012,1017,2017-07-07 23:40:00,2017-07-08 00:30:00,2017-07-08 00:40:00,2017-07-08 01:30:00
1007,train,1007,1012,1013,1018,2017-07-07 23:50:00,2017-07-08 00:40:00,2017-07-08 00:50:00,2017-07-08 01:40:00
1008,train,1008,1013,1014,1019,2017-07-08 00:00:00,2017-07-08 00:50:00,2017-07-08 01:00:00,2017-07-08 01:50:00
1009,train,1009,1014,1015,1020,2017-07-08 00:10:00,2017-07-08 01:00:00,2017-07-08 01:10:00,2017-07-08 02:00:00
1010,train,1010,1015,1016,1021,2017-07-08 00:20:00,2017-07-08 01:10:00,2017-07-08 01:20:00,2017-07-08 02:10:00
1011,train,1011,1016,1017,1022,2017-07-08 00:30:00,2017-07-08 01:20:00,2017-07-08 01:30:00,2017-07-08 02:20:00
1012,train,1012,1017,1018,1023,2017-07-08 00:40:00,2017-07-08 01:30:00,2017-07-08 01:40:00,2017-07-08 02:30:00
1013,train,1013,1018,1019,1024,2017-07-08 00:50:00,2017-07-08 01:40:00,2017-07-08 01:50:00,2017-07-08 02:40:00
1014,train,1014,1019,1020,1025,2017-07-08 01:00:00,2017-07-08 01:50:00,2017-07-08 02:00:00,2017-07-08 02:50:00
1015,train,1015,1020,1021,1026,2017-07-08 01:10:00,2017-07-08 02:00:00,2017-07-08 02:10:00,2017-07-08 03:00:00
1016,train,1016,1021,1022,1027,2017-07-08 01:20:00,2017-07-08 02:10:00,2017-07-08 02:20:00,2017-07-08 03:10:00
1017,train,1017,1022,1023,1028,2017-07-08 01:30:00,2017-07-08 02:20:00,2017-07-08 02:30:00,2017-07-08 03:20:00
1018,train,1018,1023,1024,1029,2017-07-08 01:40:00,2017-07-08 02:30:00,2017-07-08 02:40:00,2017-07-08 03:30:00
1019,train,1019,1024,1025,1030,2017-07-08 01:50:00,2017-07-08 02:40:00,2017-07-08 02:50:00,2017-07-08 03:40:00
1020,train,1020,1025,1026,1031,2017-07-08 02:00:00,2017-07-08 02:50:00,2017-07-08 03:00:00,2017-07-08 03:50:00
1021,train,1021,1026,1027,1032,2017-07-08 02:10:00,2017-07-08 03:00:00,2017-07-08 03:10:00,2017-07-08 04:00:00
1022,train,1022,1027,1028,1033,2017-07-08 02:20:00,2017-07-08 03:10:00,2017-07-08 03:20:00,2017-07-08 04:10:00
1023,train,1023,1028,1029,1034,2017-07-08 02:30:00,2017-07-08 03:20:00,2017-07-08 03:30:00,2017-07-08 04:20:00
1024,train,1024,1029,1030,1035,2017-07-08 02:40:00,2017-07-08 03:30:00,2017-07-08 03:40:00,2017-07-08 04:30:00
1025,train,1025,1030,1031,1036,2017-07-08 02:50:00,2017-07-08 03:40:00,2017-07-08 03:50:00,2017-07-08 04:40:00
1026,train,1026,1031,1032,1037,2017-07-08 03:00:00,2017-07-08 03:50:00,2017-07-08 04:00:00,2017-07-08 04:50:00
1027,train,1027,1032,1033,1038,2017-07-08 03:10:00,2017-07-08 04:00:00,2017-07-08 04:10:00,2017-07-08 05:00:00
1028,train,1028,1033,1034,1039,2017-07-08 03:20:00,2017-07-08 04:10:00,2017-07-08 04:20:00,2017-07-08 05:10:00
1029,train,1029,1034,1035,1040,2017-07-08 03:30:00,2017-07-08 04:20:00,2017-07-08 04:30:00,2017-07-08 05:20:00
1030,train,1030,1035,1036,1041,2017-07-08 03:40:00,2017-07-08 04:30:00,2017-07-08 04:40:00,2017-07-08 05:30:00
1031,train,1031,1036,1037,1042,2017-07-08 03:50:00,2017-07-08 04:40:00,2017-07-08 04:50:00,2017-07-08 05:40:00
1032,train,1032,1037,1038,1043,2017-07-08 04:00:00,2017-07-08 04:50:00,2017-07-08 05:00:00,2017-07-08 05:50:00
1033,train,1033,1038,1039,1044,2017-07-08 04:10:00,2017-07-08 05:00:00,2017-07-08 05:10:00,2017-07-08 06:00:00
1034,train,1034,1039,1040,1045,2017-07-08 04:20:00,2017-07-08 05:10:00,2017-07-08 05:20:00,2017-07-08 06:10:00
1035,train,1035,1040,1041,1046,2017-07-08 04:30:00,2017-07-08 05:20:00,2017-07-08 05:30:00,2017-07-08 06:20:00
1036,train,1036,1041,1042,1047,2017-07-08 04:40:00,2017-07-08 05:30:00,2017-07-08 05:40:00,2017-07-08 06:30:00
1037,train,1037,1042,1043,1048,2017-07-08 04:50:00,2017-07-08 05:40:00,2017-07-08 05:50:00,2017-07-08 06:40:00
1038,train,1038,1043,1044,1049,2017-07-08 05:00:00,2017-07-08 05:50:00,2017-07-08 06:00:00,2017-07-08 06:50:00
1039,train,1039,1044,1045,1050,2017-07-08 05:10:00,2017-07-08 06:00:00,2017-07-08 06:10:00,2017-07-08 07:00:00
1040,train,1040,1045,1046,1051,2017-07-08 05:20:00,2017-07-08 06:10:00,2017-07-08 06:20:00,2017-07-08 07:10:00
1041,train,1041,1046,1047,1052,2017-07-08 05:30:00,2017-07-08 06:20:00,2017-07-08 06:30:00,2017-07-08 07:20:00
1042,train,1042,1047,1048,1053,2017-07-08 05:40:00,2017-07-08 06:30:00,2017-07-08 06:40:00,2017-07-08 07:30:00
1043,train,1043,1048,1049,1054,2017-07-08 05:50:00,2017-07-08 06:40:00,2017-07-08 06:50:00,2017-07-08 07:40:00
1044,train,1044,1049,1050,1055,2017-07-08 06:00:00,2017-07-08 06:50:00,2017-07-08 07:00:00,2017-07-08 07:50:00
1045,train,1045,1050,1051,1056,2017-07-08 06:10:00,2017-07-08 07:00:00,2017-07-08 07:10:00,2017-07-08 08:00:00
1046,train,1046,1051,1052,1057,2017-07-08 06:20:00,2017-07-08 07:10:00,2017-07-08 07:20:00,2017-07-08 08:10:00
1047,train,1047,1052,1053,1058,2017-07-08 06:30:00,2017-07-08 07:20:00,2017-07-08 07:30:00,2017-07-08 08:20:00
1048,train,1048,1053,1054,1059,2017-07-08 06:40:00,2017-07-08 07:30:00,2017-07-08 07:40:00,2017-07-08 08:30:00
1049,train,1049,1054,1055,1060,2017-07-08 06:50:00,2017-07-08 07:40:00,2017-07-08 07:50:00,2017-07-08 08:40:00
1050,train,1050,1055,1056,1061,2017-07-08 07:00:00,2017-07-08 07:50:00,2017-07-08 08:00:00,2017-07-08 08:50:00
1051,train,1051,1056,1057,1062,2017-07-08 07:10:00,2017-07-08 08:00:00,2017-07-08 08:10:00,2017-07-08 09:00:00
1052,train,1052,1057,1058,1063,2017-07-08 07:20:00,2017-07-08 08:10:00,2017-07-08 08:20:00,2017-07-08 09:10:00
1053,train,1053,1058,1059,1064,2017-07-08 07:30:00,2017-07-08 08:20:00,2017-07-08 08:30:00,2017-07-08 09:20:00
1054,train,1054,1059,1060,1065,2017-07-08 07:40:00,2017-07-08 08:30:00,2017-07-08 08:40:00,2017-07-08 09:30:00
1055,train,1055,1060,1061,1066,2017-07-08 07:50:00,2017-07-08 08:40:00,2017-07-08 08:50:00,2017-07-08 09:40:00
1056,train,1056,1061,1062,1067,2017-07-08 08:00:00,2017-07-08 08:50:00,2017-07-08 09:00:00,2017-07-08 09:50:00
1057,train,1057,1062,1063,1068,2017-07-08 08:10:00,2017-07-08 09:00:00,2017-07-08 09:10:00,2017-07-08 10:00:00
1058,train,1058,1063,1064,1069,2017-07-08 08:20:00,2017-07-08 09:10:00,2017-07-08 09:20:00,2017-07-08 10:10:00
1059,train,1059,1064,1065,1070,2017-07-08 08:30:00,2017-07-08 09:20:00,2017-07-08 09:30:00,2017-07-08 10:20:00
1060,train,1060,1065,1066,1071,2017-07-08 08:40:00,2017-07-08 09:30:00,2017-07-08 09:40:00,2017-07-08 10:30:00
1061,train,1061,1066,1067,1072,2017-07-08 08:50:00,2017-07-08 09:40:00,2017-07-08 09:50:00,2017-07-08 10:40:00
1062,train,1062,1067,1068,1073,2017-07-08 09:00:00,2017-07-08 09:50:00,2017-07-08 10:00:00,2017-07-08 10:50:00
1063,train,1063,1068,1069,1074,2017-07-08 09:10:00,2017-07-08 10:00:00,2017-07-08 10:10:00,2017-07-08 11:00:00
1064,train,1064,1069,1070,1075,2017-07-08 09:20:00,2017-07-08 10:10:00,2017-07-08 10:20:00,2017-07-08 11:10:00
1065,train,1065,1070,1071,1076,2017-07-08 09:30:00,2017-07-08 10:20:00,2017-07-08 10:30:00,2017-07-08 11:20:00
1066,train,1066,1071,1072,1077,2017-07-08 09:40:00,2017-07-08 10:30:00,2017-07-08 10:40:00,2017-07-08 11:30:00
1067,train,1067,1072,1073,1078,2017-07-08 09:50:00,2017-07-08 10:40:00,2017-07-08 10:50:00,2017-07-08 11:40:00
1068,train,1068,1073,1074,1079,2017-07-08 10:00:00,2017-07-08 10:50:00,2017-07-08 11:00:00,2017-07-08 11:50:00
1069,train,1069,1074,1075,1080,2017-07-08 10:10:00,2017-07-08 11:00:00,2017-07-08 11:10:00,2017-07-08 12:00:00
1070,train,1070,1075,1076,1081,2017-07-08 10:20:00,2017-07-08 11:10:00,2017-07-08 11:20:00,2017-07-08 12:10:00
1071,train,1071,1076,1077,1082,2017-07-08 10:30:00,2017-07-08 11:20:00,2017-07-08 11:30:00,2017-07-08 12:20:00
1072,train,1072,1077,1078,1083,2017-07-08 10:40:00,2017-07-08 11:30:00,2017-07-08 11:40:00,2017-07-08 12:30:00
1073,train,1073,1078,1079,1084,2017-07-08 10:50:00,2017-07-08 11:40:00,2017-07-08 11:50:00,2017-07-08 12:40:00
1074,train,1074,1079,1080,1085,2017-07-08 11:00:00,2017-07-08 11:50:00,2017-07-08 12:00:00,2017-07-08 12:50:00
1075,train,1075,1080,1081,1086,2017-07-08 11:10:00,2017-07-08 12:00:00,2017-07-08 12:10:00,2017-07-08 13:00:00
1076,train,1076,1081,1082,1087,2017-07-08 11:20:00,2017-07-08 12:10:00,2017-07-08 12:20:00,2017-07-08 13:10:00
1077,train,1077,1082,1083,1088,2017-07-08 11:30:00,2017-07-08 12:20:00,2017-07-08 12:30:00,2017-07-08 13:20:00
1078,train,1078,1083,1084,1089,2017-07-08 11:40:00,2017-07-08 12:30:00,2017-07-08 12:40:00,2017-07-08 13:30:00
1079,train,1079,1084,1085,1090,2017-07-08 11:50:00,2017-07-08 12:40:00,2017-07-08 12:50:00,2017-07-08 13:40:00
1080,train,1080,1085,1086,1091,2017-07-08 12:00:00,2017-07-08 12:50:00,2017-07-08 13:00:00,2017-07-08 13:50:00
1081,train,1081,1086,1087,1092,2017-07-08 12:10:00,2017-07-08 13:00:00,2017-07-08 13:10:00,2017-07-08 14:00:00
1082,train,1082,1087,1088,1093,2017-07-08 12:20:00,2017-07-08 13:10:00,2017-07-08 13:20:00,2017-07-08 14:10:00
1083,train,1083,1088,1089,1094,2017-07-08 12:30:00,2017-07-08 13:20:00,2017-07-08 13:30:00,2017-07-08 14:20:00
1084,train,1084,1089,1090,1095,2017-07-08 12:40:00,2017-07-08 13:30:00,2017-07-08 13:40:00,2017-07-08 14:30:00
1085,train,1085,1090,1091,1096,2017-07-08 12:50:00,2017-07-08 13:40:00,2017-07-08 13:50:00,2017-07-08 14:40:00
1086,train,1086,1091,1092,1097,2017-07-08 13:00:00,2017-07-08 13:50:00,2017-07-08 14:00:00,2017-07-08 14:50:00
1087,train,1087,1092,1093,1098,2017-07-08 13:10:00,2017-07-08 14:00:00,2017-07-08 14:10:00,2017-07-08 15:00:00
1088,train,1088,1093,1094,1099,2017-07-08 13:20:00,2017-07-08 14:10:00,2017-07-08 14:20:00,2017-07-08 15:10:00
1089,train,1089,1094,1095,1100,2017-07-08 13:30:00,2017-07-08 14:20:00,2017-07-08 14:30:00,2017-07-08 15:20:00
1090,train,1090,1095,1096,1101,2017-07-08 13:40:00,2017-07-08 14:30:00,2017-07-08 14:40:00,2017-07-08 15:30:00
1091,train,1091,1096,1097,1102,2017-07-08 13:50:00,2017-07-08 14:40:00,2017-07-08 14:50:00,2017-07-08 15:40:00
1092,train,1092,1097,1098,1103,2017-07-08 14:00:00,2017-07-08 14:50:00,2017-07-08 15:00:00,2017-07-08 15:50:00
1093,train,1093,1098,1099,1104,2017-07-08 14:10:00,2017-07-08 15:00:00,2017-07-08 15:10:00,2017-07-08 16:00:00
1094,train,1094,1099,1100,1105,2017-07-08 14:20:00,2017-07-08 15:10:00,2017-07-08 15:20:00,2017-07-08 16:10:00
1095,train,1095,1100,1101,1106,2017-07-08 14:30:00,2017-07-08 15:20:00,2017-07-08 15:30:00,2017-07-08 16:20:00
1096,train,1096,1101,1102,1107,2017-07-08 14:40:00,2017-07-08 15:30:00,2017-07-08 15:40:00,2017-07-08 16:30:00
1097,train,1097,1102,1103,1108,2017-07-08 14:50:00,2017-07-08 15:40:00,2017-07-08 15:50:00,2017-07-08 16:40:00
1098,train,1098,1103,1104,1109,2017-07-08 15:00:00,2017-07-08 15:50:00,2017-07-08 16:00:00,2017-07-08 16:50:00
1099,train,1099,1104,1105,1110,2017-07-08 15:10:00,2017-07-08 16:00:00,2017-07-08 16:10:00,2017-07-08 17:00:00
1100,train,1100,1105,1106,1111,2017-07-08 15:20:00,2017-07-08 16:10:00,2017-07-08 16:20:00,2017-07-08 17:10:00
1101,train,1101,1106,1107,1112,2017-07-08 15:30:00,2017-07-08 16:20:00,2017-07-08 16:30:00,2017-07-08 17:20:00
1102,train,1102,1107,1108,1113,2017-07-08 15:40:00,2017-07-08 16:30:00,2017-07-08 16:40:00,2017-07-08 17:30:00
1103,train,1103,1108,1109,1114,2017-07-08 15:50:00,2017-07-08 16:40:00,2017-07-08 16:50:00,2017-07-08 17:40:00
1104,train,1104,1109,1110,1115,2017-07-08 16:00:00,2017-07-08 16:50:00,2017-07-08 17:00:00,2017-07-08 17:50:00
1105,train,1105,1110,1111,1116,2017-07-08 16:10:00,2017-07-08 17:00:00,2017-07-08 17:10:00,2017-07-08 18:00:00
1106,train,1106,1111,1112,1117,2017-07-08 16:20:00,2017-07-08 17:10:00,2017-07-08 17:20:00,2017-07-08 18:10:00
1107,train,1107,1112,1113,1118,2017-07-08 16:30:00,2017-07-08 17:20:00,2017-07-08 17:30:00,2017-07-08 18:20:00
1108,train,1108,1113,1114,1119,2017-07-08 16:40:00,2017-07-08 17:30:00,2017-07-08 17:40:00,2017-07-08 18:30:00
1109,train,1109,1114,1115,1120,2017-07-08 16:50:00,2017-07-08 17:40:00,2017-07-08 17:50:00,2017-07-08 18:40:00
1110,train,1110,1115,1116,1121,2017-07-08 17:00:00,2017-07-08 17:50:00,2017-07-08 18:00:00,2017-07-08 18:50:00
1111,train,1111,1116,1117,1122,2017-07-08 17:10:00,2017-07-08 18:00:00,2017-07-08 18:10:00,2017-07-08 19:00:00
1112,train,1112,1117,1118,1123,2017-07-08 17:20:00,2017-07-08 18:10:00,2017-07-08 18:20:00,2017-07-08 19:10:00
1113,train,1113,1118,1119,1124,2017-07-08 17:30:00,2017-07-08 18:20:00,2017-07-08 18:30:00,2017-07-08 19:20:00
1114,train,1114,1119,1120,1125,2017-07-08 17:40:00,2017-07-08 18:30:00,2017-07-08 18:40:00,2017-07-08 19:30:00
1115,train,1115,1120,1121,1126,2017-07-08 17:50:00,2017-07-08 18:40:00,2017-07-08 18:50:00,2017-07-08 19:40:00
1116,train,1116,1121,1122,1127,2017-07-08 18:00:00,2017-07-08 18:50:00,2017-07-08 19:00:00,2017-07-08 19:50:00
1117,train,1117,1122,1123,1128,2017-07-08 18:10:00,2017-07-08 19:00:00,2017-07-08 19:10:00,2017-07-08 20:00:00
1118,train,1118,1123,1124,1129,2017-07-08 18:20:00,2017-07-08 19:10:00,2017-07-08 19:20:00,2017-07-08 20:10:00
1119,train,1119,1124,1125,1130,2017-07-08 18:30:00,2017-07-08 19:20:00,2017-07-08 19:30:00,2017-07-08 20:20:00
1120,train,1120,1125,1126,1131,2017-07-08 18:40:00,2017-07-08 19:30:00,2017-07-08 19:40:00,2017-07-08 20:30:00
1121,train,1121,1126,1127,1132,2017-07-08 18:50:00,2017-07-08 19:40:00,2017-07-08 19:50:00,2017-07-08 20:40:00
1122,train,1122,1127,1128,1133,2017-07-08 19:00:00,2017-07-08 19:50:00,2017-07-08 20:00:00,2017-07-08 20:50:00
1123,train,1123,1128,1129,1134,2017-07-08 19:10:00,2017-07-08 20:00:00,2017-07-08 20:10:00,2017-07-08 21:00:00
1124,train,1124,1129,1130,1135,2017-07-08 19:20:00,2017-07-08 20:10:00,2017-07-08 20:20:00,2017-07-08 21:10:00
1125,train,1125,1130,1131,1136,2017-07-08 19:30:00,2017-07-08 20:20:00,2017-07-08 20:30:00,2017-07-08 21:20:00
1126,train,1126,1131,1132,1137,2017-07-08 19:40:00,2017-07-08 20:30:00,2017-07-08 20:40:00,2017-07-08 21:30:00
1127,train,1127,1132,1133,1138,2017-07-08 19:50:00,2017-07-08 20:40:00,2017-07-08 20:50:00,2017-07-08 21:40:00
1128,train,1128,1133,1134,1139,2017-07-08 20:00:00,2017-07-08 20:50:00,2017-07-08 21:00:00,2017-07-08 21:50:00
1129,train,1129,1134,1135,1140,2017-07-08 20:10:00,2017-07-08 21:00:00,2017-07-08 21:10:00,2017-07-08 22:00:00
1130,train,1130,1135,1136,1141,2017-07-08 20:20:00,2017-07-08 21:10:00,2017-07-08 21:20:00,2017-07-08 22:10:00
1131,train,1131,1136,1137,1142,2017-07-08 20:30:00,2017-07-08 21:20:00,2017-07-08 21:30:00,2017-07-08 22:20:00
1132,train,1132,1137,1138,1143,2017-07-08 20:40:00,2017-07-08 21:30:00,2017-07-08 21:40:00,2017-07-08 22:30:00
1133,train,1133,1138,1139,1144,2017-07-08 20:50:00,2017-07-08 21:40:00,2017-07-08 21:50:00,2017-07-08 22:40:00
1134,train,1134,1139,1140,1145,2017-07-08 21:00:00,2017-07-08 21:50:00,2017-07-08 22:00:00,2017-07-08 22:50:00
1135,train,1135,1140,1141,1146,2017-07-08 21:10:00,2017-07-08 22:00:00,2017-07-08 22:10:00,2017-07-08 23:00:00
1136,train,1136,1141,1142,1147,2017-07-08 21:20:00,2017-07-08 22:10:00,2017-07-08 22:20:00,2017-07-08 23:10:00
1137,train,1137,1142,1143,1148,2017-07-08 21:30:00,2017-07-08 22:20:00,2017-07-08 22:30:00,2017-07-08 23:20:00
1138,train,1138,1143,1144,1149,2017-07-08 21:40:00,2017-07-08 22:30:00,2017-07-08 22:40:00,2017-07-08 23:30:00
1139,train,1139,1144,1145,1150,2017-07-08 21:50:00,2017-07-08 22:40:00,2017-07-08 22:50:00,2017-07-08 23:40:00
1140,train,1140,1145,1146,1151,2017-07-08 22:00:00,2017-07-08 22:50:00,2017-07-08 23:00:00,2017-07-08 23:50:00
1141,train,1141,1146,1147,1152,2017-07-08 22:10:00,2017-07-08 23:00:00,2017-07-08 23:10:00,2017-07-09 00:00:00
1142,train,1142,1147,1148,1153,2017-07-08 22:20:00,2017-07-08 23:10:00,2017-07-08 23:20:00,2017-07-09 00:10:00
1143,train,1143,1148,1149,1154,2017-07-08 22:30:00,2017-07-08 23:20:00,2017-07-08 23:30:00,2017-07-09 00:20:00
1144,train,1144,1149,1150,1155,2017-07-08 22:40:00,2017-07-08 23:30:00,2017-07-08 23:40:00,2017-07-09 00:30:00
1145,train,1145,1150,1151,1156,2017-07-08 22:50:00,2017-07-08 23:40:00,2017-07-08 23:50:00,2017-07-09 00:40:00
1146,train,1146,1151,1152,1157,2017-07-08 23:00:00,2017-07-08 23:50:00,2017-07-09 00:00:00,2017-07-09 00:50:00
1147,train,1147,1152,1153,1158,2017-07-08 23:10:00,2017-07-09 00:00:00,2017-07-09 00:10:00,2017-07-09 01:00:00
1148,train,1148,1153,1154,1159,2017-07-08 23:20:00,2017-07-09 00:10:00,2017-07-09 00:20:00,2017-07-09 01:10:00
1149,train,1149,1154,1155,1160,2017-07-08 23:30:00,2017-07-09 00:20:00,2017-07-09 00:30:00,2017-07-09 01:20:00
1150,train,1150,1155,1156,1161,2017-07-08 23:40:00,2017-07-09 00:30:00,2017-07-09 00:40:00,2017-07-09 01:30:00
1151,train,1151,1156,1157,1162,2017-07-08 23:50:00,2017-07-09 00:40:00,2017-07-09 00:50:00,2017-07-09 01:40:00
1152,train,1152,1157,1158,1163,2017-07-09 00:00:00,2017-07-09 00:50:00,2017-07-09 01:00:00,2017-07-09 01:50:00
1153,train,1153,1158,1159,1164,2017-07-09 00:10:00,2017-07-09 01:00:00,2017-07-09 01:10:00,2017-07-09 02:00:00
1154,train,1154,1159,1160,1165,2017-07-09 00:20:00,2017-07-09 01:10:00,2017-07-09 01:20:00,2017-07-09 02:10:00
1155,train,1155,1160,1161,1166,2017-07-09 00:30:00,2017-07-09 01:20:00,2017-07-09 01:30:00,2017-07-09 02:20:00
1156,train,1156,1161,1162,1167,2017-07-09 00:40:00,2017-07-09 01:30:00,2017-07-09 01:40:00,2017-07-09 02:30:00
1157,train,1157,1162,1163,1168,2017-07-09 00:50:00,2017-07-09 01:40:00,2017-07-09 01:50:00,2017-07-09 02:40:00
1158,train,1158,1163,1164,1169,2017-07-09 01:00:00,2017-07-09 01:50:00,2017-07-09 02:00:00,2017-07-09 02:50:00
1159,train,1159,1164,1165,1170,2017-07-09 01:10:00,2017-07-09 02:00:00,2017-07-09 02:10:00,2017-07-09 03:00:00
1160,train,1160,1165,1166,1171,2017-07-09 01:20:00,2017-07-09 02:10:00,2017-07-09 02:20:00,2017-07-09 03:10:00
1161,train,1161,1166,1167,1172,2017-07-09 01:30:00,2017-07-09 02:20:00,2017-07-09 02:30:00,2017-07-09 03:20:00
1162,train,1162,1167,1168,1173,2017-07-09 01:40:00,2017-07-09 02:30:00,2017-07-09 02:40:00,2017-07-09 03:30:00
1163,train,1163,1168,1169,1174,2017-07-09 01:50:00,2017-07-09 02:40:00,2017-07-09 02:50:00,2017-07-09 03:40:00
1164,train,1164,1169,1170,1175,2017-07-09 02:00:00,2017-07-09 02:50:00,2017-07-09 03:00:00,2017-07-09 03:50:00
1165,train,1165,1170,1171,1176,2017-07-09 02:10:00,2017-07-09 03:00:00,2017-07-09 03:10:00,2017-07-09 04:00:00
1166,train,1166,1171,1172,1177,2017-07-09 02:20:00,2017-07-09 03:10:00,2017-07-09 03:20:00,2017-07-09 04:10:00
1167,train,1167,1172,1173,1178,2017-07-09 02:30:00,2017-07-09 03:20:00,2017-07-09 03:30:00,2017-07-09 04:20:00
1168,train,1168,1173,1174,1179,2017-07-09 02:40:00,2017-07-09 03:30:00,2017-07-09 03:40:00,2017-07-09 04:30:00
1169,train,1169,1174,1175,1180,2017-07-09 02:50:00,2017-07-09 03:40:00,2017-07-09 03:50:00,2017-07-09 04:40:00
1170,train,1170,1175,1176,1181,2017-07-09 03:00:00,2017-07-09 03:50:00,2017-07-09 04:00:00,2017-07-09 04:50:00
1171,train,1171,1176,1177,1182,2017-07-09 03:10:00,2017-07-09 04:00:00,2017-07-09 04:10:00,2017-07-09 05:00:00
1172,train,1172,1177,1178,1183,2017-07-09 03:20:00,2017-07-09 04:10:00,2017-07-09 04:20:00,2017-07-09 05:10:00
1173,train,1173,1178,1179,1184,2017-07-09 03:30:00,2017-07-09 04:20:00,2017-07-09 04:30:00,2017-07-09 05:20:00
1174,train,1174,1179,1180,1185,2017-07-09 03:40:00,2017-07-09 04:30:00,2017-07-09 04:40:00,2017-07-09 05:30:00
1175,train,1175,1180,1181,1186,2017-07-09 03:50:00,2017-07-09 04:40:00,2017-07-09 04:50:00,2017-07-09 05:40:00
1176,train,1176,1181,1182,1187,2017-07-09 04:00:00,2017-07-09 04:50:00,2017-07-09 05:00:00,2017-07-09 05:50:00
1177,train,1177,1182,1183,1188,2017-07-09 04:10:00,2017-07-09 05:00:00,2017-07-09 05:10:00,2017-07-09 06:00:00
1178,train,1178,1183,1184,1189,2017-07-09 04:20:00,2017-07-09 05:10:00,2017-07-09 05:20:00,2017-07-09 06:10:00
1179,train,1179,1184,1185,1190,2017-07-09 04:30:00,2017-07-09 05:20:00,2017-07-09 05:30:00,2017-07-09 06:20:00
1180,train,1180,1185,1186,1191,2017-07-09 04:40:00,2017-07-09 05:30:00,2017-07-09 05:40:00,2017-07-09 06:30:00
1181,train,1181,1186,1187,1192,2017-07-09 04:50:00,2017-07-09 05:40:00,2017-07-09 05:50:00,2017-07-09 06:40:00
1182,train,1182,1187,1188,1193,2017-07-09 05:00:00,2017-07-09 05:50:00,2017-07-09 06:00:00,2017-07-09 06:50:00
1183,train,1183,1188,1189,1194,2017-07-09 05:10:00,2017-07-09 06:00:00,2017-07-09 06:10:00,2017-07-09 07:00:00
1184,train,1184,1189,1190,1195,2017-07-09 05:20:00,2017-07-09 06:10:00,2017-07-09 06:20:00,2017-07-09 07:10:00
1185,train,1185,1190,1191,1196,2017-07-09 05:30:00,2017-07-09 06:20:00,2017-07-09 06:30:00,2017-07-09 07:20:00
1186,train,1186,1191,1192,1197,2017-07-09 05:40:00,2017-07-09 06:30:00,2017-07-09 06:40:00,2017-07-09 07:30:00
1187,train,1187,1192,1193,1198,2017-07-09 05:50:00,2017-07-09 06:40:00,2017-07-09 06:50:00,2017-07-09 07:40:00
1188,train,1188,1193,1194,1199,2017-07-09 06:00:00,2017-07-09 06:50:00,2017-07-09 07:00:00,2017-07-09 07:50:00
1189,train,1189,1194,1195,1200,2017-07-09 06:10:00,2017-07-09 07:00:00,2017-07-09 07:10:00,2017-07-09 08:00:00
1190,train,1190,1195,1196,1201,2017-07-09 06:20:00,2017-07-09 07:10:00,2017-07-09 07:20:00,2017-07-09 08:10:00
1191,train,1191,1196,1197,1202,2017-07-09 06:30:00,2017-07-09 07:20:00,2017-07-09 07:30:00,2017-07-09 08:20:00
1192,train,1192,1197,1198,1203,2017-07-09 06:40:00,2017-07-09 07:30:00,2017-07-09 07:40:00,2017-07-09 08:30:00
1193,train,1193,1198,1199,1204,2017-07-09 06:50:00,2017-07-09 07:40:00,2017-07-09 07:50:00,2017-07-09 08:40:00
1194,train,1194,1199,1200,1205,2017-07-09 07:00:00,2017-07-09 07:50:00,2017-07-09 08:00:00,2017-07-09 08:50:00
1195,train,1195,1200,1201,1206,2017-07-09 07:10:00,2017-07-09 08:00:00,2017-07-09 08:10:00,2017-07-09 09:00:00
1196,train,1196,1201,1202,1207,2017-07-09 07:20:00,2017-07-09 08:10:00,2017-07-09 08:20:00,2017-07-09 09:10:00
1197,train,1197,1202,1203,1208,2017-07-09 07:30:00,2017-07-09 08:20:00,2017-07-09 08:30:00,2017-07-09 09:20:00
1198,train,1198,1203,1204,1209,2017-07-09 07:40:00,2017-07-09 08:30:00,2017-07-09 08:40:00,2017-07-09 09:30:00
1199,train,1199,1204,1205,1210,2017-07-09 07:50:00,2017-07-09 08:40:00,2017-07-09 08:50:00,2017-07-09 09:40:00
1200,train,1200,1205,1206,1211,2017-07-09 08:00:00,2017-07-09 08:50:00,2017-07-09 09:00:00,2017-07-09 09:50:00
1201,train,1201,1206,1207,1212,2017-07-09 08:10:00,2017-07-09 09:00:00,2017-07-09 09:10:00,2017-07-09 10:00:00
1202,train,1202,1207,1208,1213,2017-07-09 08:20:00,2017-07-09 09:10:00,2017-07-09 09:20:00,2017-07-09 10:10:00
1203,train,1203,1208,1209,1214,2017-07-09 08:30:00,2017-07-09 09:20:00,2017-07-09 09:30:00,2017-07-09 10:20:00
1204,train,1204,1209,1210,1215,2017-07-09 08:40:00,2017-07-09 09:30:00,2017-07-09 09:40:00,2017-07-09 10:30:00
1205,train,1205,1210,1211,1216,2017-07-09 08:50:00,2017-07-09 09:40:00,2017-07-09 09:50:00,2017-07-09 10:40:00
1206,train,1206,1211,1212,1217,2017-07-09 09:00:00,2017-07-09 09:50:00,2017-07-09 10:00:00,2017-07-09 10:50:00
1207,train,1207,1212,1213,1218,2017-07-09 09:10:00,2017-07-09 10:00:00,2017-07-09 10:10:00,2017-07-09 11:00:00
1208,train,1208,1213,1214,1219,2017-07-09 09:20:00,2017-07-09 10:10:00,2017-07-09 10:20:00,2017-07-09 11:10:00
1209,train,1209,1214,1215,1220,2017-07-09 09:30:00,2017-07-09 10:20:00,2017-07-09 10:30:00,2017-07-09 11:20:00
1210,train,1210,1215,1216,1221,2017-07-09 09:40:00,2017-07-09 10:30:00,2017-07-09 10:40:00,2017-07-09 11:30:00
1211,train,1211,1216,1217,1222,2017-07-09 09:50:00,2017-07-09 10:40:00,2017-07-09 10:50:00,2017-07-09 11:40:00
1212,train,1212,1217,1218,1223,2017-07-09 10:00:00,2017-07-09 10:50:00,2017-07-09 11:00:00,2017-07-09 11:50:00
1213,train,1213,1218,1219,1224,2017-07-09 10:10:00,2017-07-09 11:00:00,2017-07-09 11:10:00,2017-07-09 12:00:00
1214,train,1214,1219,1220,1225,2017-07-09 10:20:00,2017-07-09 11:10:00,2017-07-09 11:20:00,2017-07-09 12:10:00
1215,train,1215,1220,1221,1226,2017-07-09 10:30:00,2017-07-09 11:20:00,2017-07-09 11:30:00,2017-07-09 12:20:00
1216,train,1216,1221,1222,1227,2017-07-09 10:40:00,2017-07-09 11:30:00,2017-07-09 11:40:00,2017-07-09 12:30:00
1217,train,1217,1222,1223,1228,2017-07-09 10:50:00,2017-07-09 11:40:00,2017-07-09 11:50:00,2017-07-09 12:40:00
1218,train,1218,1223,1224,1229,2017-07-09 11:00:00,2017-07-09 11:50:00,2017-07-09 12:00:00,2017-07-09 12:50:00
1219,train,1219,1224,1225,1230,2017-07-09 11:10:00,2017-07-09 12:00:00,2017-07-09 12:10:00,2017-07-09 13:00:00
1220,train,1220,1225,1226,1231,2017-07-09 11:20:00,2017-07-09 12:10:00,2017-07-09 12:20:00,2017-07-09 13:10:00
1221,train,1221,1226,1227,1232,2017-07-09 11:30:00,2017-07-09 12:20:00,2017-07-09 12:30:00,2017-07-09 13:20:00
1222,train,1222,1227,1228,1233,2017-07-09 11:40:00,2017-07-09 12:30:00,2017-07-09 12:40:00,2017-07-09 13:30:00
1223,train,1223,1228,1229,1234,2017-07-09 11:50:00,2017-07-09 12:40:00,2017-07-09 12:50:00,2017-07-09 13:40:00
1224,train,1224,1229,1230,1235,2017-07-09 12:00:00,2017-07-09 12:50:00,2017-07-09 13:00:00,2017-07-09 13:50:00
1225,train,1225,1230,1231,1236,2017-07-09 12:10:00,2017-07-09 13:00:00,2017-07-09 13:10:00,2017-07-09 14:00:00
1226,train,1226,1231,1232,1237,2017-07-09 12:20:00,2017-07-09 13:10:00,2017-07-09 13:20:00,2017-07-09 14:10:00
1227,train,1227,1232,1233,1238,2017-07-09 12:30:00,2017-07-09 13:20:00,2017-07-09 13:30:00,2017-07-09 14:20:00
1228,train,1228,1233,1234,1239,2017-07-09 12:40:00,2017-07-09 13:30:00,2017-07-09 13:40:00,2017-07-09 14:30:00
1229,train,1229,1234,1235,1240,2017-07-09 12:50:00,2017-07-09 13:40:00,2017-07-09 13:50:00,2017-07-09 14:40:00
1230,train,1230,1235,1236,1241,2017-07-09 13:00:00,2017-07-09 13:50:00,2017-07-09 14:00:00,2017-07-09 14:50:00
1231,train,1231,1236,1237,1242,2017-07-09 13:10:00,2017-07-09 14:00:00,2017-07-09 14:10:00,2017-07-09 15:00:00
1232,train,1232,1237,1238,1243,2017-07-09 13:20:00,2017-07-09 14:10:00,2017-07-09 14:20:00,2017-07-09 15:10:00
1233,train,1233,1238,1239,1244,2017-07-09 13:30:00,2017-07-09 14:20:00,2017-07-09 14:30:00,2017-07-09 15:20:00
1234,train,1234,1239,1240,1245,2017-07-09 13:40:00,2017-07-09 14:30:00,2017-07-09 14:40:00,2017-07-09 15:30:00
1235,train,1235,1240,1241,1246,2017-07-09 13:50:00,2017-07-09 14:40:00,2017-07-09 14:50:00,2017-07-09 15:40:00
1236,train,1236,1241,1242,1247,2017-07-09 14:00:00,2017-07-09 14:50:00,2017-07-09 15:00:00,2017-07-09 15:50:00
1237,train,1237,1242,1243,1248,2017-07-09 14:10:00,2017-07-09 15:00:00,2017-07-09 15:10:00,2017-07-09 16:00:00
1238,train,1238,1243,1244,1249,2017-07-09 14:20:00,2017-07-09 15:10:00,2017-07-09 15:20:00,2017-07-09 16:10:00
1239,train,1239,1244,1245,1250,2017-07-09 14:30:00,2017-07-09 15:20:00,2017-07-09 15:30:00,2017-07-09 16:20:00
1240,train,1240,1245,1246,1251,2017-07-09 14:40:00,2017-07-09 15:30:00,2017-07-09 15:40:00,2017-07-09 16:30:00
1241,train,1241,1246,1247,1252,2017-07-09 14:50:00,2017-07-09 15:40:00,2017-07-09 15:50:00,2017-07-09 16:40:00
1242,train,1242,1247,1248,1253,2017-07-09 15:00:00,2017-07-09 15:50:00,2017-07-09 16:00:00,2017-07-09 16:50:00
1243,train,1243,1248,1249,1254,2017-07-09 15:10:00,2017-07-09 16:00:00,2017-07-09 16:10:00,2017-07-09 17:00:00
1244,train,1244,1249,1250,1255,2017-07-09 15:20:00,2017-07-09 16:10:00,2017-07-09 16:20:00,2017-07-09 17:10:00
1245,train,1245,1250,1251,1256,2017-07-09 15:30:00,2017-07-09 16:20:00,2017-07-09 16:30:00,2017-07-09 17:20:00
1246,train,1246,1251,1252,1257,2017-07-09 15:40:00,2017-07-09 16:30:00,2017-07-09 16:40:00,2017-07-09 17:30:00
1247,train,1247,1252,1253,1258,2017-07-09 15:50:00,2017-07-09 16:40:00,2017-07-09 16:50:00,2017-07-09 17:40:00
1248,train,1248,1253,1254,1259,2017-07-09 16:00:00,2017-07-09 16:50:00,2017-07-09 17:00:00,2017-07-09 17:50:00
1249,train,1249,1254,1255,1260,2017-07-09 16:10:00,2017-07-09 17:00:00,2017-07-09 17:10:00,2017-07-09 18:00:00
1250,train,1250,1255,1256,1261,2017-07-09 16:20:00,2017-07-09 17:10:00,2017-07-09 17:20:00,2017-07-09 18:10:00
1251,train,1251,1256,1257,1262,2017-07-09 16:30:00,2017-07-09 17:20:00,2017-07-09 17:30:00,2017-07-09 18:20:00
1252,train,1252,1257,1258,1263,2017-07-09 16:40:00,2017-07-09 17:30:00,2017-07-09 17:40:00,2017-07-09 18:30:00
1253,train,1253,1258,1259,1264,2017-07-09 16:50:00,2017-07-09 17:40:00,2017-07-09 17:50:00,2017-07-09 18:40:00
1254,train,1254,1259,1260,1265,2017-07-09 17:00:00,2017-07-09 17:50:00,2017-07-09 18:00:00,2017-07-09 18:50:00
1255,train,1255,1260,1261,1266,2017-07-09 17:10:00,2017-07-09 18:00:00,2017-07-09 18:10:00,2017-07-09 19:00:00
1256,train,1256,1261,1262,1267,2017-07-09 17:20:00,2017-07-09 18:10:00,2017-07-09 18:20:00,2017-07-09 19:10:00
1257,train,1257,1262,1263,1268,2017-07-09 17:30:00,2017-07-09 18:20:00,2017-07-09 18:30:00,2017-07-09 19:20:00
1258,train,1258,1263,1264,1269,2017-07-09 17:40:00,2017-07-09 18:30:00,2017-07-09 18:40:00,2017-07-09 19:30:00
1259,train,1259,1264,1265,1270,2017-07-09 17:50:00,2017-07-09 18:40:00,2017-07-09 18:50:00,2017-07-09 19:40:00
1260,train,1260,1265,1266,1271,2017-07-09 18:00:00,2017-07-09 18:50:00,2017-07-09 19:00:00,2017-07-09 19:50:00
1261,train,1261,1266,1267,1272,2017-07-09 18:10:00,2017-07-09 19:00:00,2017-07-09 19:10:00,2017-07-09 20:00:00
1262,train,1262,1267,1268,1273,2017-07-09 18:20:00,2017-07-09 19:10:00,2017-07-09 19:20:00,2017-07-09 20:10:00
1263,train,1263,1268,1269,1274,2017-07-09 18:30:00,2017-07-09 19:20:00,2017-07-09 19:30:00,2017-07-09 20:20:00
1264,train,1264,1269,1270,1275,2017-07-09 18:40:00,2017-07-09 19:30:00,2017-07-09 19:40:00,2017-07-09 20:30:00
1265,train,1265,1270,1271,1276,2017-07-09 18:50:00,2017-07-09 19:40:00,2017-07-09 19:50:00,2017-07-09 20:40:00
1266,train,1266,1271,1272,1277,2017-07-09 19:00:00,2017-07-09 19:50:00,2017-07-09 20:00:00,2017-07-09 20:50:00
1267,train,1267,1272,1273,1278,2017-07-09 19:10:00,2017-07-09 20:00:00,2017-07-09 20:10:00,2017-07-09 21:00:00
1268,train,1268,1273,1274,1279,2017-07-09 19:20:00,2017-07-09 20:10:00,2017-07-09 20:20:00,2017-07-09 21:10:00
1269,train,1269,1274,1275,1280,2017-07-09 19:30:00,2017-07-09 20:20:00,2017-07-09 20:30:00,2017-07-09 21:20:00
1270,train,1270,1275,1276,1281,2017-07-09 19:40:00,2017-07-09 20:30:00,2017-07-09 20:40:00,2017-07-09 21:30:00
1271,train,1271,1276,1277,1282,2017-07-09 19:50:00,2017-07-09 20:40:00,2017-07-09 20:50:00,2017-07-09 21:40:00
1272,train,1272,1277,1278,1283,2017-07-09 20:00:00,2017-07-09 20:50:00,2017-07-09 21:00:00,2017-07-09 21:50:00
1273,train,1273,1278,1279,1284,2017-07-09 20:10:00,2017-07-09 21:00:00,2017-07-09 21:10:00,2017-07-09 22:00:00
1274,train,1274,1279,1280,1285,2017-07-09 20:20:00,2017-07-09 21:10:00,2017-07-09 21:20:00,2017-07-09 22:10:00
1275,train,1275,1280,1281,1286,2017-07-09 20:30:00,2017-07-09 21:20:00,2017-07-09 21:30:00,2017-07-09 22:20:00
1276,train,1276,1281,1282,1287,2017-07-09 20:40:00,2017-07-09 21:30:00,2017-07-09 21:40:00,2017-07-09 22:30:00
1277,train,1277,1282,1283,1288,2017-07-09 20:50:00,2017-07-09 21:40:00,2017-07-09 21:50:00,2017-07-09 22:40:00
1278,train,1278,1283,1284,1289,2017-07-09 21:00:00,2017-07-09 21:50:00,2017-07-09 22:00:00,2017-07-09 22:50:00
1279,train,1279,1284,1285,1290,2017-07-09 21:10:00,2017-07-09 22:00:00,2017-07-09 22:10:00,2017-07-09 23:00:00
1280,train,1280,1285,1286,1291,2017-07-09 21:20:00,2017-07-09 22:10:00,2017-07-09 22:20:00,2017-07-09 23:10:00
1281,train,1281,1286,1287,1292,2017-07-09 21:30:00,2017-07-09 22:20:00,2017-07-09 22:30:00,2017-07-09 23:20:00
1282,train,1282,1287,1288,1293,2017-07-09 21:40:00,2017-07-09 22:30:00,2017-07-09 22:40:00,2017-07-09 23:30:00
1283,train,1283,1288,1289,1294,2017-07-09 21:50:00,2017-07-09 22:40:00,2017-07-09 22:50:00,2017-07-09 23:40:00
1284,train,1284,1289,1290,1295,2017-07-09 22:00:00,2017-07-09 22:50:00,2017-07-09 23:00:00,2017-07-09 23:50:00
1285,train,1285,1290,1291,1296,2017-07-09 22:10:00,2017-07-09 23:00:00,2017-07-09 23:10:00,2017-07-10 00:00:00
1286,train,1286,1291,1292,1297,2017-07-09 22:20:00,2017-07-09 23:10:00,2017-07-09 23:20:00,2017-07-10 00:10:00
1287,train,1287,1292,1293,1298,2017-07-09 22:30:00,2017-07-09 23:20:00,2017-07-09 23:30:00,2017-07-10 00:20:00
1288,train,1288,1293,1294,1299,2017-07-09 22:40:00,2017-07-09 23:30:00,2017-07-09 23:40:00,2017-07-10 00:30:00
1289,train,1289,1294,1295,1300,2017-07-09 22:50:00,2017-07-09 23:40:00,2017-07-09 23:50:00,2017-07-10 00:40:00
1290,train,1290,1295,1296,1301,2017-07-09 23:00:00,2017-07-09 23:50:00,2017-07-10 00:00:00,2017-07-10 00:50:00
1291,train,1291,1296,1297,1302,2017-07-09 23:10:00,2017-07-10 00:00:00,2017-07-10 00:10:00,2017-07-10 01:00:00
1292,train,1292,1297,1298,1303,2017-07-09 23:20:00,2017-07-10 00:10:00,2017-07-10 00:20:00,2017-07-10 01:10:00
1293,train,1293,1298,1299,1304,2017-07-09 23:30:00,2017-07-10 00:20:00,2017-07-10 00:30:00,2017-07-10 01:20:00
1294,train,1294,1299,1300,1305,2017-07-09 23:40:00,2017-07-10 00:30:00,2017-07-10 00:40:00,2017-07-10 01:30:00
1295,train,1295,1300,1301,1306,2017-07-09 23:50:00,2017-07-10 00:40:00,2017-07-10 00:50:00,2017-07-10 01:40:00
1296,train,1296,1301,1302,1307,2017-07-10 00:00:00,2017-07-10 00:50:00,2017-07-10 01:00:00,2017-07-10 01:50:00
1297,train,1297,1302,1303,1308,2017-07-10 00:10:00,2017-07-10 01:00:00,2017-07-10 01:10:00,2017-07-10 02:00:00
1298,train,1298,1303,1304,1309,2017-07-10 00:20:00,2017-07-10 01:10:00,2017-07-10 01:20:00,2017-07-10 02:10:00
1299,train,1299,1304,1305,1310,2017-07-10 00:30:00,2017-07-10 01:20:00,2017-07-10 01:30:00,2017-07-10 02:20:00
1300,train,1300,1305,1306,1311,2017-07-10 00:40:00,2017-07-10 01:30:00,2017-07-10 01:40:00,2017-07-10 02:30:00
1301,train,1301,1306,1307,1312,2017-07-10 00:50:00,2017-07-10 01:40:00,2017-07-10 01:50:00,2017-07-10 02:40:00
1302,train,1302,1307,1308,1313,2017-07-10 01:00:00,2017-07-10 01:50:00,2017-07-10 02:00:00,2017-07-10 02:50:00
1303,train,1303,1308,1309,1314,2017-07-10 01:10:00,2017-07-10 02:00:00,2017-07-10 02:10:00,2017-07-10 03:00:00
1304,train,1304,1309,1310,1315,2017-07-10 01:20:00,2017-07-10 02:10:00,2017-07-10 02:20:00,2017-07-10 03:10:00
1305,train,1305,1310,1311,1316,2017-07-10 01:30:00,2017-07-10 02:20:00,2017-07-10 02:30:00,2017-07-10 03:20:00
1306,train,1306,1311,1312,1317,2017-07-10 01:40:00,2017-07-10 02:30:00,2017-07-10 02:40:00,2017-07-10 03:30:00
1307,train,1307,1312,1313,1318,2017-07-10 01:50:00,2017-07-10 02:40:00,2017-07-10 02:50:00,2017-07-10 03:40:00
1308,train,1308,1313,1314,1319,2017-07-10 02:00:00,2017-07-10 02:50:00,2017-07-10 03:00:00,2017-07-10 03:50:00
1309,train,1309,1314,1315,1320,2017-07-10 02:10:00,2017-07-10 03:00:00,2017-07-10 03:10:00,2017-07-10 04:00:00
1310,train,1310,1315,1316,1321,2017-07-10 02:20:00,2017-07-10 03:10:00,2017-07-10 03:20:00,2017-07-10 04:10:00
1311,train,1311,1316,1317,1322,2017-07-10 02:30:00,2017-07-10 03:20:00,2017-07-10 03:30:00,2017-07-10 04:20:00
1312,train,1312,1317,1318,1323,2017-07-10 02:40:00,2017-07-10 03:30:00,2017-07-10 03:40:00,2017-07-10 04:30:00
1313,train,1313,1318,1319,1324,2017-07-10 02:50:00,2017-07-10 03:40:00,2017-07-10 03:50:00,2017-07-10 04:40:00
1314,train,1314,1319,1320,1325,2017-07-10 03:00:00,2017-07-10 03:50:00,2017-07-10 04:00:00,2017-07-10 04:50:00
1315,train,1315,1320,1321,1326,2017-07-10 03:10:00,2017-07-10 04:00:00,2017-07-10 04:10:00,2017-07-10 05:00:00
1316,train,1316,1321,1322,1327,2017-07-10 03:20:00,2017-07-10 04:10:00,2017-07-10 04:20:00,2017-07-10 05:10:00
1317,train,1317,1322,1323,1328,2017-07-10 03:30:00,2017-07-10 04:20:00,2017-07-10 04:30:00,2017-07-10 05:20:00
1318,train,1318,1323,1324,1329,2017-07-10 03:40:00,2017-07-10 04:30:00,2017-07-10 04:40:00,2017-07-10 05:30:00
1319,train,1319,1324,1325,1330,2017-07-10 03:50:00,2017-07-10 04:40:00,2017-07-10 04:50:00,2017-07-10 05:40:00
1320,train,1320,1325,1326,1331,2017-07-10 04:00:00,2017-07-10 04:50:00,2017-07-10 05:00:00,2017-07-10 05:50:00
1321,train,1321,1326,1327,1332,2017-07-10 04:10:00,2017-07-10 05:00:00,2017-07-10 05:10:00,2017-07-10 06:00:00
1322,train,1322,1327,1328,1333,2017-07-10 04:20:00,2017-07-10 05:10:00,2017-07-10 05:20:00,2017-07-10 06:10:00
1323,train,1323,1328,1329,1334,2017-07-10 04:30:00,2017-07-10 05:20:00,2017-07-10 05:30:00,2017-07-10 06:20:00
1324,train,1324,1329,1330,1335,2017-07-10 04:40:00,2017-07-10 05:30:00,2017-07-10 05:40:00,2017-07-10 06:30:00
1325,train,1325,1330,1331,1336,2017-07-10 04:50:00,2017-07-10 05:40:00,2017-07-10 05:50:00,2017-07-10 06:40:00
1326,train,1326,1331,1332,1337,2017-07-10 05:00:00,2017-07-10 05:50:00,2017-07-10 06:00:00,2017-07-10 06:50:00
1327,train,1327,1332,1333,1338,2017-07-10 05:10:00,2017-07-10 06:00:00,2017-07-10 06:10:00,2017-07-10 07:00:00
1328,train,1328,1333,1334,1339,2017-07-10 05:20:00,2017-07-10 06:10:00,2017-07-10 06:20:00,2017-07-10 07:10:00
1329,train,1329,1334,1335,1340,2017-07-10 05:30:00,2017-07-10 06:20:00,2017-07-10 06:30:00,2017-07-10 07:20:00
1330,train,1330,1335,1336,1341,2017-07-10 05:40:00,2017-07-10 06:30:00,2017-07-10 06:40:00,2017-07-10 07:30:00
1331,train,1331,1336,1337,1342,2017-07-10 05:50:00,2017-07-10 06:40:00,2017-07-10 06:50:00,2017-07-10 07:40:00
1332,train,1332,1337,1338,1343,2017-07-10 06:00:00,2017-07-10 06:50:00,2017-07-10 07:00:00,2017-07-10 07:50:00
1333,train,1333,1338,1339,1344,2017-07-10 06:10:00,2017-07-10 07:00:00,2017-07-10 07:10:00,2017-07-10 08:00:00
1334,train,1334,1339,1340,1345,2017-07-10 06:20:00,2017-07-10 07:10:00,2017-07-10 07:20:00,2017-07-10 08:10:00
1335,train,1335,1340,1341,1346,2017-07-10 06:30:00,2017-07-10 07:20:00,2017-07-10 07:30:00,2017-07-10 08:20:00
1336,train,1336,1341,1342,1347,2017-07-10 06:40:00,2017-07-10 07:30:00,2017-07-10 07:40:00,2017-07-10 08:30:00
1337,train,1337,1342,1343,1348,2017-07-10 06:50:00,2017-07-10 07:40:00,2017-07-10 07:50:00,2017-07-10 08:40:00
1338,train,1338,1343,1344,1349,2017-07-10 07:00:00,2017-07-10 07:50:00,2017-07-10 08:00:00,2017-07-10 08:50:00
1339,train,1339,1344,1345,1350,2017-07-10 07:10:00,2017-07-10 08:00:00,2017-07-10 08:10:00,2017-07-10 09:00:00
1340,train,1340,1345,1346,1351,2017-07-10 07:20:00,2017-07-10 08:10:00,2017-07-10 08:20:00,2017-07-10 09:10:00
1341,train,1341,1346,1347,1352,2017-07-10 07:30:00,2017-07-10 08:20:00,2017-07-10 08:30:00,2017-07-10 09:20:00
1342,train,1342,1347,1348,1353,2017-07-10 07:40:00,2017-07-10 08:30:00,2017-07-10 08:40:00,2017-07-10 09:30:00
1343,train,1343,1348,1349,1354,2017-07-10 07:50:00,2017-07-10 08:40:00,2017-07-10 08:50:00,2017-07-10 09:40:00
1344,train,1344,1349,1350,1355,2017-07-10 08:00:00,2017-07-10 08:50:00,2017-07-10 09:00:00,2017-07-10 09:50:00
1345,train,1345,1350,1351,1356,2017-07-10 08:10:00,2017-07-10 09:00:00,2017-07-10 09:10:00,2017-07-10 10:00:00
1346,train,1346,1351,1352,1357,2017-07-10 08:20:00,2017-07-10 09:10:00,2017-07-10 09:20:00,2017-07-10 10:10:00
1347,train,1347,1352,1353,1358,2017-07-10 08:30:00,2017-07-10 09:20:00,2017-07-10 09:30:00,2017-07-10 10:20:00
1348,train,1348,1353,1354,1359,2017-07-10 08:40:00,2017-07-10 09:30:00,2017-07-10 09:40:00,2017-07-10 10:30:00
1349,train,1349,1354,1355,1360,2017-07-10 08:50:00,2017-07-10 09:40:00,2017-07-10 09:50:00,2017-07-10 10:40:00
1350,train,1350,1355,1356,1361,2017-07-10 09:00:00,2017-07-10 09:50:00,2017-07-10 10:00:00,2017-07-10 10:50:00
1351,train,1351,1356,1357,1362,2017-07-10 09:10:00,2017-07-10 10:00:00,2017-07-10 10:10:00,2017-07-10 11:00:00
1352,train,1352,1357,1358,1363,2017-07-10 09:20:00,2017-07-10 10:10:00,2017-07-10 10:20:00,2017-07-10 11:10:00
1353,train,1353,1358,1359,1364,2017-07-10 09:30:00,2017-07-10 10:20:00,2017-07-10 10:30:00,2017-07-10 11:20:00
1354,train,1354,1359,1360,1365,2017-07-10 09:40:00,2017-07-10 10:30:00,2017-07-10 10:40:00,2017-07-10 11:30:00
1355,train,1355,1360,1361,1366,2017-07-10 09:50:00,2017-07-10 10:40:00,2017-07-10 10:50:00,2017-07-10 11:40:00
1356,train,1356,1361,1362,1367,2017-07-10 10:00:00,2017-07-10 10:50:00,2017-07-10 11:00:00,2017-07-10 11:50:00
1357,train,1357,1362,1363,1368,2017-07-10 10:10:00,2017-07-10 11:00:00,2017-07-10 11:10:00,2017-07-10 12:00:00
1358,train,1358,1363,1364,1369,2017-07-10 10:20:00,2017-07-10 11:10:00,2017-07-10 11:20:00,2017-07-10 12:10:00
1359,train,1359,1364,1365,1370,2017-07-10 10:30:00,2017-07-10 11:20:00,2017-07-10 11:30:00,2017-07-10 12:20:00
1360,train,1360,1365,1366,1371,2017-07-10 10:40:00,2017-07-10 11:30:00,2017-07-10 11:40:00,2017-07-10 12:30:00
1361,train,1361,1366,1367,1372,2017-07-10 10:50:00,2017-07-10 11:40:00,2017-07-10 11:50:00,2017-07-10 12:40:00
1362,train,1362,1367,1368,1373,2017-07-10 11:00:00,2017-07-10 11:50:00,2017-07-10 12:00:00,2017-07-10 12:50:00
1363,train,1363,1368,1369,1374,2017-07-10 11:10:00,2017-07-10 12:00:00,2017-07-10 12:10:00,2017-07-10 13:00:00
1364,train,1364,1369,1370,1375,2017-07-10 11:20:00,2017-07-10 12:10:00,2017-07-10 12:20:00,2017-07-10 13:10:00
1365,train,1365,1370,1371,1376,2017-07-10 11:30:00,2017-07-10 12:20:00,2017-07-10 12:30:00,2017-07-10 13:20:00
1366,train,1366,1371,1372,1377,2017-07-10 11:40:00,2017-07-10 12:30:00,2017-07-10 12:40:00,2017-07-10 13:30:00
1367,train,1367,1372,1373,1378,2017-07-10 11:50:00,2017-07-10 12:40:00,2017-07-10 12:50:00,2017-07-10 13:40:00
1368,train,1368,1373,1374,1379,2017-07-10 12:00:00,2017-07-10 12:50:00,2017-07-10 13:00:00,2017-07-10 13:50:00
1369,train,1369,1374,1375,1380,2017-07-10 12:10:00,2017-07-10 13:00:00,2017-07-10 13:10:00,2017-07-10 14:00:00
1370,train,1370,1375,1376,1381,2017-07-10 12:20:00,2017-07-10 13:10:00,2017-07-10 13:20:00,2017-07-10 14:10:00
1371,train,1371,1376,1377,1382,2017-07-10 12:30:00,2017-07-10 13:20:00,2017-07-10 13:30:00,2017-07-10 14:20:00
1372,train,1372,1377,1378,1383,2017-07-10 12:40:00,2017-07-10 13:30:00,2017-07-10 13:40:00,2017-07-10 14:30:00
1373,train,1373,1378,1379,1384,2017-07-10 12:50:00,2017-07-10 13:40:00,2017-07-10 13:50:00,2017-07-10 14:40:00
1374,train,1374,1379,1380,1385,2017-07-10 13:00:00,2017-07-10 13:50:00,2017-07-10 14:00:00,2017-07-10 14:50:00
1375,train,1375,1380,1381,1386,2017-07-10 13:10:00,2017-07-10 14:00:00,2017-07-10 14:10:00,2017-07-10 15:00:00
1376,train,1376,1381,1382,1387,2017-07-10 13:20:00,2017-07-10 14:10:00,2017-07-10 14:20:00,2017-07-10 15:10:00
1377,train,1377,1382,1383,1388,2017-07-10 13:30:00,2017-07-10 14:20:00,2017-07-10 14:30:00,2017-07-10 15:20:00
1378,train,1378,1383,1384,1389,2017-07-10 13:40:00,2017-07-10 14:30:00,2017-07-10 14:40:00,2017-07-10 15:30:00
1379,train,1379,1384,1385,1390,2017-07-10 13:50:00,2017-07-10 14:40:00,2017-07-10 14:50:00,2017-07-10 15:40:00
1380,train,1380,1385,1386,1391,2017-07-10 14:00:00,2017-07-10 14:50:00,2017-07-10 15:00:00,2017-07-10 15:50:00
1381,train,1381,1386,1387,1392,2017-07-10 14:10:00,2017-07-10 15:00:00,2017-07-10 15:10:00,2017-07-10 16:00:00
1382,train,1382,1387,1388,1393,2017-07-10 14:20:00,2017-07-10 15:10:00,2017-07-10 15:20:00,2017-07-10 16:10:00
1383,train,1383,1388,1389,1394,2017-07-10 14:30:00,2017-07-10 15:20:00,2017-07-10 15:30:00,2017-07-10 16:20:00
1384,train,1384,1389,1390,1395,2017-07-10 14:40:00,2017-07-10 15:30:00,2017-07-10 15:40:00,2017-07-10 16:30:00
1385,train,1385,1390,1391,1396,2017-07-10 14:50:00,2017-07-10 15:40:00,2017-07-10 15:50:00,2017-07-10 16:40:00
1386,train,1386,1391,1392,1397,2017-07-10 15:00:00,2017-07-10 15:50:00,2017-07-10 16:00:00,2017-07-10 16:50:00
1387,train,1387,1392,1393,1398,2017-07-10 15:10:00,2017-07-10 16:00:00,2017-07-10 16:10:00,2017-07-10 17:00:00
1388,train,1388,1393,1394,1399,2017-07-10 15:20:00,2017-07-10 16:10:00,2017-07-10 16:20:00,2017-07-10 17:10:00
1389,train,1389,1394,1395,1400,2017-07-10 15:30:00,2017-07-10 16:20:00,2017-07-10 16:30:00,2017-07-10 17:20:00
1390,train,1390,1395,1396,1401,2017-07-10 15:40:00,2017-07-10 16:30:00,2017-07-10 16:40:00,2017-07-10 17:30:00
1391,train,1391,1396,1397,1402,2017-07-10 15:50:00,2017-07-10 16:40:00,2017-07-10 16:50:00,2017-07-10 17:40:00
1392,train,1392,1397,1398,1403,2017-07-10 16:00:00,2017-07-10 16:50:00,2017-07-10 17:00:00,2017-07-10 17:50:00
1393,train,1393,1398,1399,1404,2017-07-10 16:10:00,2017-07-10 17:00:00,2017-07-10 17:10:00,2017-07-10 18:00:00
1394,train,1394,1399,1400,1405,2017-07-10 16:20:00,2017-07-10 17:10:00,2017-07-10 17:20:00,2017-07-10 18:10:00
1395,train,1395,1400,1401,1406,2017-07-10 16:30:00,2017-07-10 17:20:00,2017-07-10 17:30:00,2017-07-10 18:20:00
1396,train,1396,1401,1402,1407,2017-07-10 16:40:00,2017-07-10 17:30:00,2017-07-10 17:40:00,2017-07-10 18:30:00
1397,train,1397,1402,1403,1408,2017-07-10 16:50:00,2017-07-10 17:40:00,2017-07-10 17:50:00,2017-07-10 18:40:00
1398,train,1398,1403,1404,1409,2017-07-10 17:00:00,2017-07-10 17:50:00,2017-07-10 18:00:00,2017-07-10 18:50:00
1399,train,1399,1404,1405,1410,2017-07-10 17:10:00,2017-07-10 18:00:00,2017-07-10 18:10:00,2017-07-10 19:00:00
1400,train,1400,1405,1406,1411,2017-07-10 17:20:00,2017-07-10 18:10:00,2017-07-10 18:20:00,2017-07-10 19:10:00
1401,train,1401,1406,1407,1412,2017-07-10 17:30:00,2017-07-10 18:20:00,2017-07-10 18:30:00,2017-07-10 19:20:00
1402,train,1402,1407,1408,1413,2017-07-10 17:40:00,2017-07-10 18:30:00,2017-07-10 18:40:00,2017-07-10 19:30:00
1403,train,1403,1408,1409,1414,2017-07-10 17:50:00,2017-07-10 18:40:00,2017-07-10 18:50:00,2017-07-10 19:40:00
1404,train,1404,1409,1410,1415,2017-07-10 18:00:00,2017-07-10 18:50:00,2017-07-10 19:00:00,2017-07-10 19:50:00
1405,train,1405,1410,1411,1416,2017-07-10 18:10:00,2017-07-10 19:00:00,2017-07-10 19:10:00,2017-07-10 20:00:00
1406,train,1406,1411,1412,1417,2017-07-10 18:20:00,2017-07-10 19:10:00,2017-07-10 19:20:00,2017-07-10 20:10:00
1407,train,1407,1412,1413,1418,2017-07-10 18:30:00,2017-07-10 19:20:00,2017-07-10 19:30:00,2017-07-10 20:20:00
1408,train,1408,1413,1414,1419,2017-07-10 18:40:00,2017-07-10 19:30:00,2017-07-10 19:40:00,2017-07-10 20:30:00
1409,train,1409,1414,1415,1420,2017-07-10 18:50:00,2017-07-10 19:40:00,2017-07-10 19:50:00,2017-07-10 20:40:00
1410,train,1410,1415,1416,1421,2017-07-10 19:00:00,2017-07-10 19:50:00,2017-07-10 20:00:00,2017-07-10 20:50:00
1411,train,1411,1416,1417,1422,2017-07-10 19:10:00,2017-07-10 20:00:00,2017-07-10 20:10:00,2017-07-10 21:00:00
1412,train,1412,1417,1418,1423,2017-07-10 19:20:00,2017-07-10 20:10:00,2017-07-10 20:20:00,2017-07-10 21:10:00
1413,train,1413,1418,1419,1424,2017-07-10 19:30:00,2017-07-10 20:20:00,2017-07-10 20:30:00,2017-07-10 21:20:00
1414,train,1414,1419,1420,1425,2017-07-10 19:40:00,2017-07-10 20:30:00,2017-07-10 20:40:00,2017-07-10 21:30:00
1415,train,1415,1420,1421,1426,2017-07-10 19:50:00,2017-07-10 20:40:00,2017-07-10 20:50:00,2017-07-10 21:40:00
1416,train,1416,1421,1422,1427,2017-07-10 20:00:00,2017-07-10 20:50:00,2017-07-10 21:00:00,2017-07-10 21:50:00
1417,train,1417,1422,1423,1428,2017-07-10 20:10:00,2017-07-10 21:00:00,2017-07-10 21:10:00,2017-07-10 22:00:00
1418,train,1418,1423,1424,1429,2017-07-10 20:20:00,2017-07-10 21:10:00,2017-07-10 21:20:00,2017-07-10 22:10:00
1419,train,1419,1424,1425,1430,2017-07-10 20:30:00,2017-07-10 21:20:00,2017-07-10 21:30:00,2017-07-10 22:20:00
1420,train,1420,1425,1426,1431,2017-07-10 20:40:00,2017-07-10 21:30:00,2017-07-10 21:40:00,2017-07-10 22:30:00
1421,train,1421,1426,1427,1432,2017-07-10 20:50:00,2017-07-10 21:40:00,2017-07-10 21:50:00,2017-07-10 22:40:00
1422,train,1422,1427,1428,1433,2017-07-10 21:00:00,2017-07-10 21:50:00,2017-07-10 22:00:00,2017-07-10 22:50:00
1423,train,1423,1428,1429,1434,2017-07-10 21:10:00,2017-07-10 22:00:00,2017-07-10 22:10:00,2017-07-10 23:00:00
1424,train,1424,1429,1430,1435,2017-07-10 21:20:00,2017-07-10 22:10:00,2017-07-10 22:20:00,2017-07-10 23:10:00
1425,train,1425,1430,1431,1436,2017-07-10 21:30:00,2017-07-10 22:20:00,2017-07-10 22:30:00,2017-07-10 23:20:00
1426,train,1426,1431,1432,1437,2017-07-10 21:40:00,2017-07-10 22:30:00,2017-07-10 22:40:00,2017-07-10 23:30:00
1427,train,1427,1432,1433,1438,2017-07-10 21:50:00,2017-07-10 22:40:00,2017-07-10 22:50:00,2017-07-10 23:40:00
1428,train,1428,1433,1434,1439,2017-07-10 22:00:00,2017-07-10 22:50:00,2017-07-10 23:00:00,2017-07-10 23:50:00
1429,train,1429,1434,1435,1440,2017-07-10 22:10:00,2017-07-10 23:00:00,2017-07-10 23:10:00,2017-07-11 00:00:00
1430,train,1430,1435,1436,1441,2017-07-10 22:20:00,2017-07-10 23:10:00,2017-07-10 23:20:00,2017-07-11 00:10:00
1431,train,1431,1436,1437,1442,2017-07-10 22:30:00,2017-07-10 23:20:00,2017-07-10 23:30:00,2017-07-11 00:20:00
1432,train,1432,1437,1438,1443,2017-07-10 22:40:00,2017-07-10 23:30:00,2017-07-10 23:40:00,2017-07-11 00:30:00
1433,train,1433,1438,1439,1444,2017-07-10 22:50:00,2017-07-10 23:40:00,2017-07-10 23:50:00,2017-07-11 00:40:00
1434,train,1434,1439,1440,1445,2017-07-10 23:00:00,2017-07-10 23:50:00,2017-07-11 00:00:00,2017-07-11 00:50:00
1435,train,1435,1440,1441,1446,2017-07-10 23:10:00,2017-07-11 00:00:00,2017-07-11 00:10:00,2017-07-11 01:00:00
1436,train,1436,1441,1442,1447,2017-07-10 23:20:00,2017-07-11 00:10:00,2017-07-11 00:20:00,2017-07-11 01:10:00
1437,train,1437,1442,1443,1448,2017-07-10 23:30:00,2017-07-11 00:20:00,2017-07-11 00:30:00,2017-07-11 01:20:00
1438,train,1438,1443,1444,1449,2017-07-10 23:40:00,2017-07-11 00:30:00,2017-07-11 00:40:00,2017-07-11 01:30:00
1439,train,1439,1444,1445,1450,2017-07-10 23:50:00,2017-07-11 00:40:00,2017-07-11 00:50:00,2017-07-11 01:40:00
1440,train,1440,1445,1446,1451,2017-07-11 00:00:00,2017-07-11 00:50:00,2017-07-11 01:00:00,2017-07-11 01:50:00
1441,train,1441,1446,1447,1452,2017-07-11 00:10:00,2017-07-11 01:00:00,2017-07-11 01:10:00,2017-07-11 02:00:00
1442,train,1442,1447,1448,1453,2017-07-11 00:20:00,2017-07-11 01:10:00,2017-07-11 01:20:00,2017-07-11 02:10:00
1443,train,1443,1448,1449,1454,2017-07-11 00:30:00,2017-07-11 01:20:00,2017-07-11 01:30:00,2017-07-11 02:20:00
1444,train,1444,1449,1450,1455,2017-07-11 00:40:00,2017-07-11 01:30:00,2017-07-11 01:40:00,2017-07-11 02:30:00
1445,train,1445,1450,1451,1456,2017-07-11 00:50:00,2017-07-11 01:40:00,2017-07-11 01:50:00,2017-07-11 02:40:00
1446,train,1446,1451,1452,1457,2017-07-11 01:00:00,2017-07-11 01:50:00,2017-07-11 02:00:00,2017-07-11 02:50:00
1447,train,1447,1452,1453,1458,2017-07-11 01:10:00,2017-07-11 02:00:00,2017-07-11 02:10:00,2017-07-11 03:00:00
1448,train,1448,1453,1454,1459,2017-07-11 01:20:00,2017-07-11 02:10:00,2017-07-11 02:20:00,2017-07-11 03:10:00
1449,train,1449,1454,1455,1460,2017-07-11 01:30:00,2017-07-11 02:20:00,2017-07-11 02:30:00,2017-07-11 03:20:00
1450,train,1450,1455,1456,1461,2017-07-11 01:40:00,2017-07-11 02:30:00,2017-07-11 02:40:00,2017-07-11 03:30:00
1451,train,1451,1456,1457,1462,2017-07-11 01:50:00,2017-07-11 02:40:00,2017-07-11 02:50:00,2017-07-11 03:40:00
1452,train,1452,1457,1458,1463,2017-07-11 02:00:00,2017-07-11 02:50:00,2017-07-11 03:00:00,2017-07-11 03:50:00
1453,train,1453,1458,1459,1464,2017-07-11 02:10:00,2017-07-11 03:00:00,2017-07-11 03:10:00,2017-07-11 04:00:00
1454,train,1454,1459,1460,1465,2017-07-11 02:20:00,2017-07-11 03:10:00,2017-07-11 03:20:00,2017-07-11 04:10:00
1455,train,1455,1460,1461,1466,2017-07-11 02:30:00,2017-07-11 03:20:00,2017-07-11 03:30:00,2017-07-11 04:20:00
1456,train,1456,1461,1462,1467,2017-07-11 02:40:00,2017-07-11 03:30:00,2017-07-11 03:40:00,2017-07-11 04:30:00
1457,train,1457,1462,1463,1468,2017-07-11 02:50:00,2017-07-11 03:40:00,2017-07-11 03:50:00,2017-07-11 04:40:00
1458,train,1458,1463,1464,1469,2017-07-11 03:00:00,2017-07-11 03:50:00,2017-07-11 04:00:00,2017-07-11 04:50:00
1459,train,1459,1464,1465,1470,2017-07-11 03:10:00,2017-07-11 04:00:00,2017-07-11 04:10:00,2017-07-11 05:00:00
1460,train,1460,1465,1466,1471,2017-07-11 03:20:00,2017-07-11 04:10:00,2017-07-11 04:20:00,2017-07-11 05:10:00
1461,train,1461,1466,1467,1472,2017-07-11 03:30:00,2017-07-11 04:20:00,2017-07-11 04:30:00,2017-07-11 05:20:00
1462,train,1462,1467,1468,1473,2017-07-11 03:40:00,2017-07-11 04:30:00,2017-07-11 04:40:00,2017-07-11 05:30:00
1463,train,1463,1468,1469,1474,2017-07-11 03:50:00,2017-07-11 04:40:00,2017-07-11 04:50:00,2017-07-11 05:40:00
1464,train,1464,1469,1470,1475,2017-07-11 04:00:00,2017-07-11 04:50:00,2017-07-11 05:00:00,2017-07-11 05:50:00
1465,train,1465,1470,1471,1476,2017-07-11 04:10:00,2017-07-11 05:00:00,2017-07-11 05:10:00,2017-07-11 06:00:00
1466,train,1466,1471,1472,1477,2017-07-11 04:20:00,2017-07-11 05:10:00,2017-07-11 05:20:00,2017-07-11 06:10:00
1467,train,1467,1472,1473,1478,2017-07-11 04:30:00,2017-07-11 05:20:00,2017-07-11 05:30:00,2017-07-11 06:20:00
1468,train,1468,1473,1474,1479,2017-07-11 04:40:00,2017-07-11 05:30:00,2017-07-11 05:40:00,2017-07-11 06:30:00
1469,train,1469,1474,1475,1480,2017-07-11 04:50:00,2017-07-11 05:40:00,2017-07-11 05:50:00,2017-07-11 06:40:00
1470,train,1470,1475,1476,1481,2017-07-11 05:00:00,2017-07-11 05:50:00,2017-07-11 06:00:00,2017-07-11 06:50:00
1471,train,1471,1476,1477,1482,2017-07-11 05:10:00,2017-07-11 06:00:00,2017-07-11 06:10:00,2017-07-11 07:00:00
1472,train,1472,1477,1478,1483,2017-07-11 05:20:00,2017-07-11 06:10:00,2017-07-11 06:20:00,2017-07-11 07:10:00
1473,train,1473,1478,1479,1484,2017-07-11 05:30:00,2017-07-11 06:20:00,2017-07-11 06:30:00,2017-07-11 07:20:00
1474,train,1474,1479,1480,1485,2017-07-11 05:40:00,2017-07-11 06:30:00,2017-07-11 06:40:00,2017-07-11 07:30:00
1475,train,1475,1480,1481,1486,2017-07-11 05:50:00,2017-07-11 06:40:00,2017-07-11 06:50:00,2017-07-11 07:40:00
1476,train,1476,1481,1482,1487,2017-07-11 06:00:00,2017-07-11 06:50:00,2017-07-11 07:00:00,2017-07-11 07:50:00
1477,train,1477,1482,1483,1488,2017-07-11 06:10:00,2017-07-11 07:00:00,2017-07-11 07:10:00,2017-07-11 08:00:00
1478,train,1478,1483,1484,1489,2017-07-11 06:20:00,2017-07-11 07:10:00,2017-07-11 07:20:00,2017-07-11 08:10:00
1479,train,1479,1484,1485,1490,2017-07-11 06:30:00,2017-07-11 07:20:00,2017-07-11 07:30:00,2017-07-11 08:20:00
1480,train,1480,1485,1486,1491,2017-07-11 06:40:00,2017-07-11 07:30:00,2017-07-11 07:40:00,2017-07-11 08:30:00
1481,train,1481,1486,1487,1492,2017-07-11 06:50:00,2017-07-11 07:40:00,2017-07-11 07:50:00,2017-07-11 08:40:00
1482,train,1482,1487,1488,1493,2017-07-11 07:00:00,2017-07-11 07:50:00,2017-07-11 08:00:00,2017-07-11 08:50:00
1483,train,1483,1488,1489,1494,2017-07-11 07:10:00,2017-07-11 08:00:00,2017-07-11 08:10:00,2017-07-11 09:00:00
1484,train,1484,1489,1490,1495,2017-07-11 07:20:00,2017-07-11 08:10:00,2017-07-11 08:20:00,2017-07-11 09:10:00
1485,train,1485,1490,1491,1496,2017-07-11 07:30:00,2017-07-11 08:20:00,2017-07-11 08:30:00,2017-07-11 09:20:00
1486,train,1486,1491,1492,1497,2017-07-11 07:40:00,2017-07-11 08:30:00,2017-07-11 08:40:00,2017-07-11 09:30:00
1487,train,1487,1492,1493,1498,2017-07-11 07:50:00,2017-07-11 08:40:00,2017-07-11 08:50:00,2017-07-11 09:40:00
1488,train,1488,1493,1494,1499,2017-07-11 08:00:00,2017-07-11 08:50:00,2017-07-11 09:00:00,2017-07-11 09:50:00
1489,train,1489,1494,1495,1500,2017-07-11 08:10:00,2017-07-11 09:00:00,2017-07-11 09:10:00,2017-07-11 10:00:00
1490,train,1490,1495,1496,1501,2017-07-11 08:20:00,2017-07-11 09:10:00,2017-07-11 09:20:00,2017-07-11 10:10:00
1491,train,1491,1496,1497,1502,2017-07-11 08:30:00,2017-07-11 09:20:00,2017-07-11 09:30:00,2017-07-11 10:20:00
1492,train,1492,1497,1498,1503,2017-07-11 08:40:00,2017-07-11 09:30:00,2017-07-11 09:40:00,2017-07-11 10:30:00
1493,train,1493,1498,1499,1504,2017-07-11 08:50:00,2017-07-11 09:40:00,2017-07-11 09:50:00,2017-07-11 10:40:00
1494,train,1494,1499,1500,1505,2017-07-11 09:00:00,2017-07-11 09:50:00,2017-07-11 10:00:00,2017-07-11 10:50:00
1495,train,1495,1500,1501,1506,2017-07-11 09:10:00,2017-07-11 10:00:00,2017-07-11 10:10:00,2017-07-11 11:00:00
1496,train,1496,1501,1502,1507,2017-07-11 09:20:00,2017-07-11 10:10:00,2017-07-11 10:20:00,2017-07-11 11:10:00
1497,train,1497,1502,1503,1508,2017-07-11 09:30:00,2017-07-11 10:20:00,2017-07-11 10:30:00,2017-07-11 11:20:00
1498,train,1498,1503,1504,1509,2017-07-11 09:40:00,2017-07-11 10:30:00,2017-07-11 10:40:00,2017-07-11 11:30:00
1499,train,1499,1504,1505,1510,2017-07-11 09:50:00,2017-07-11 10:40:00,2017-07-11 10:50:00,2017-07-11 11:40:00
1500,train,1500,1505,1506,1511,2017-07-11 10:00:00,2017-07-11 10:50:00,2017-07-11 11:00:00,2017-07-11 11:50:00
1501,train,1501,1506,1507,1512,2017-07-11 10:10:00,2017-07-11 11:00:00,2017-07-11 11:10:00,2017-07-11 12:00:00
1502,train,1502,1507,1508,1513,2017-07-11 10:20:00,2017-07-11 11:10:00,2017-07-11 11:20:00,2017-07-11 12:10:00
1503,train,1503,1508,1509,1514,2017-07-11 10:30:00,2017-07-11 11:20:00,2017-07-11 11:30:00,2017-07-11 12:20:00
1504,train,1504,1509,1510,1515,2017-07-11 10:40:00,2017-07-11 11:30:00,2017-07-11 11:40:00,2017-07-11 12:30:00
1505,train,1505,1510,1511,1516,2017-07-11 10:50:00,2017-07-11 11:40:00,2017-07-11 11:50:00,2017-07-11 12:40:00
1506,train,1506,1511,1512,1517,2017-07-11 11:00:00,2017-07-11 11:50:00,2017-07-11 12:00:00,2017-07-11 12:50:00
1507,train,1507,1512,1513,1518,2017-07-11 11:10:00,2017-07-11 12:00:00,2017-07-11 12:10:00,2017-07-11 13:00:00
1508,train,1508,1513,1514,1519,2017-07-11 11:20:00,2017-07-11 12:10:00,2017-07-11 12:20:00,2017-07-11 13:10:00
1509,train,1509,1514,1515,1520,2017-07-11 11:30:00,2017-07-11 12:20:00,2017-07-11 12:30:00,2017-07-11 13:20:00
1510,train,1510,1515,1516,1521,2017-07-11 11:40:00,2017-07-11 12:30:00,2017-07-11 12:40:00,2017-07-11 13:30:00
1511,train,1511,1516,1517,1522,2017-07-11 11:50:00,2017-07-11 12:40:00,2017-07-11 12:50:00,2017-07-11 13:40:00
1512,train,1512,1517,1518,1523,2017-07-11 12:00:00,2017-07-11 12:50:00,2017-07-11 13:00:00,2017-07-11 13:50:00
1513,train,1513,1518,1519,1524,2017-07-11 12:10:00,2017-07-11 13:00:00,2017-07-11 13:10:00,2017-07-11 14:00:00
1514,train,1514,1519,1520,1525,2017-07-11 12:20:00,2017-07-11 13:10:00,2017-07-11 13:20:00,2017-07-11 14:10:00
1515,train,1515,1520,1521,1526,2017-07-11 12:30:00,2017-07-11 13:20:00,2017-07-11 13:30:00,2017-07-11 14:20:00
1516,train,1516,1521,1522,1527,2017-07-11 12:40:00,2017-07-11 13:30:00,2017-07-11 13:40:00,2017-07-11 14:30:00
1517,train,1517,1522,1523,1528,2017-07-11 12:50:00,2017-07-11 13:40:00,2017-07-11 13:50:00,2017-07-11 14:40:00
1518,train,1518,1523,1524,1529,2017-07-11 13:00:00,2017-07-11 13:50:00,2017-07-11 14:00:00,2017-07-11 14:50:00
1519,train,1519,1524,1525,1530,2017-07-11 13:10:00,2017-07-11 14:00:00,2017-07-11 14:10:00,2017-07-11 15:00:00
1520,train,1520,1525,1526,1531,2017-07-11 13:20:00,2017-07-11 14:10:00,2017-07-11 14:20:00,2017-07-11 15:10:00
1521,train,1521,1526,1527,1532,2017-07-11 13:30:00,2017-07-11 14:20:00,2017-07-11 14:30:00,2017-07-11 15:20:00
1522,train,1522,1527,1528,1533,2017-07-11 13:40:00,2017-07-11 14:30:00,2017-07-11 14:40:00,2017-07-11 15:30:00
1523,train,1523,1528,1529,1534,2017-07-11 13:50:00,2017-07-11 14:40:00,2017-07-11 14:50:00,2017-07-11 15:40:00
1524,train,1524,1529,1530,1535,2017-07-11 14:00:00,2017-07-11 14:50:00,2017-07-11 15:00:00,2017-07-11 15:50:00
1525,train,1525,1530,1531,1536,2017-07-11 14:10:00,2017-07-11 15:00:00,2017-07-11 15:10:00,2017-07-11 16:00:00
1526,train,1526,1531,1532,1537,2017-07-11 14:20:00,2017-07-11 15:10:00,2017-07-11 15:20:00,2017-07-11 16:10:00
1527,train,1527,1532,1533,1538,2017-07-11 14:30:00,2017-07-11 15:20:00,2017-07-11 15:30:00,2017-07-11 16:20:00
1528,train,1528,1533,1534,1539,2017-07-11 14:40:00,2017-07-11 15:30:00,2017-07-11 15:40:00,2017-07-11 16:30:00
1529,train,1529,1534,1535,1540,2017-07-11 14:50:00,2017-07-11 15:40:00,2017-07-11 15:50:00,2017-07-11 16:40:00
1530,train,1530,1535,1536,1541,2017-07-11 15:00:00,2017-07-11 15:50:00,2017-07-11 16:00:00,2017-07-11 16:50:00
1531,train,1531,1536,1537,1542,2017-07-11 15:10:00,2017-07-11 16:00:00,2017-07-11 16:10:00,2017-07-11 17:00:00
1532,train,1532,1537,1538,1543,2017-07-11 15:20:00,2017-07-11 16:10:00,2017-07-11 16:20:00,2017-07-11 17:10:00
1533,train,1533,1538,1539,1544,2017-07-11 15:30:00,2017-07-11 16:20:00,2017-07-11 16:30:00,2017-07-11 17:20:00
1534,train,1534,1539,1540,1545,2017-07-11 15:40:00,2017-07-11 16:30:00,2017-07-11 16:40:00,2017-07-11 17:30:00
1535,train,1535,1540,1541,1546,2017-07-11 15:50:00,2017-07-11 16:40:00,2017-07-11 16:50:00,2017-07-11 17:40:00
1536,train,1536,1541,1542,1547,2017-07-11 16:00:00,2017-07-11 16:50:00,2017-07-11 17:00:00,2017-07-11 17:50:00
1537,train,1537,1542,1543,1548,2017-07-11 16:10:00,2017-07-11 17:00:00,2017-07-11 17:10:00,2017-07-11 18:00:00
1538,train,1538,1543,1544,1549,2017-07-11 16:20:00,2017-07-11 17:10:00,2017-07-11 17:20:00,2017-07-11 18:10:00
1539,train,1539,1544,1545,1550,2017-07-11 16:30:00,2017-07-11 17:20:00,2017-07-11 17:30:00,2017-07-11 18:20:00
1540,train,1540,1545,1546,1551,2017-07-11 16:40:00,2017-07-11 17:30:00,2017-07-11 17:40:00,2017-07-11 18:30:00
1541,train,1541,1546,1547,1552,2017-07-11 16:50:00,2017-07-11 17:40:00,2017-07-11 17:50:00,2017-07-11 18:40:00
1542,train,1542,1547,1548,1553,2017-07-11 17:00:00,2017-07-11 17:50:00,2017-07-11 18:00:00,2017-07-11 18:50:00
1543,train,1543,1548,1549,1554,2017-07-11 17:10:00,2017-07-11 18:00:00,2017-07-11 18:10:00,2017-07-11 19:00:00
1544,train,1544,1549,1550,1555,2017-07-11 17:20:00,2017-07-11 18:10:00,2017-07-11 18:20:00,2017-07-11 19:10:00
1545,train,1545,1550,1551,1556,2017-07-11 17:30:00,2017-07-11 18:20:00,2017-07-11 18:30:00,2017-07-11 19:20:00
1546,train,1546,1551,1552,1557,2017-07-11 17:40:00,2017-07-11 18:30:00,2017-07-11 18:40:00,2017-07-11 19:30:00
1547,train,1547,1552,1553,1558,2017-07-11 17:50:00,2017-07-11 18:40:00,2017-07-11 18:50:00,2017-07-11 19:40:00
1548,train,1548,1553,1554,1559,2017-07-11 18:00:00,2017-07-11 18:50:00,2017-07-11 19:00:00,2017-07-11 19:50:00
1549,train,1549,1554,1555,1560,2017-07-11 18:10:00,2017-07-11 19:00:00,2017-07-11 19:10:00,2017-07-11 20:00:00
1550,train,1550,1555,1556,1561,2017-07-11 18:20:00,2017-07-11 19:10:00,2017-07-11 19:20:00,2017-07-11 20:10:00
1551,train,1551,1556,1557,1562,2017-07-11 18:30:00,2017-07-11 19:20:00,2017-07-11 19:30:00,2017-07-11 20:20:00
1552,train,1552,1557,1558,1563,2017-07-11 18:40:00,2017-07-11 19:30:00,2017-07-11 19:40:00,2017-07-11 20:30:00
1553,train,1553,1558,1559,1564,2017-07-11 18:50:00,2017-07-11 19:40:00,2017-07-11 19:50:00,2017-07-11 20:40:00
1554,train,1554,1559,1560,1565,2017-07-11 19:00:00,2017-07-11 19:50:00,2017-07-11 20:00:00,2017-07-11 20:50:00
1555,train,1555,1560,1561,1566,2017-07-11 19:10:00,2017-07-11 20:00:00,2017-07-11 20:10:00,2017-07-11 21:00:00
1556,train,1556,1561,1562,1567,2017-07-11 19:20:00,2017-07-11 20:10:00,2017-07-11 20:20:00,2017-07-11 21:10:00
1557,train,1557,1562,1563,1568,2017-07-11 19:30:00,2017-07-11 20:20:00,2017-07-11 20:30:00,2017-07-11 21:20:00
1558,train,1558,1563,1564,1569,2017-07-11 19:40:00,2017-07-11 20:30:00,2017-07-11 20:40:00,2017-07-11 21:30:00
1559,train,1559,1564,1565,1570,2017-07-11 19:50:00,2017-07-11 20:40:00,2017-07-11 20:50:00,2017-07-11 21:40:00
1560,train,1560,1565,1566,1571,2017-07-11 20:00:00,2017-07-11 20:50:00,2017-07-11 21:00:00,2017-07-11 21:50:00
1561,train,1561,1566,1567,1572,2017-07-11 20:10:00,2017-07-11 21:00:00,2017-07-11 21:10:00,2017-07-11 22:00:00
1562,train,1562,1567,1568,1573,2017-07-11 20:20:00,2017-07-11 21:10:00,2017-07-11 21:20:00,2017-07-11 22:10:00
1563,train,1563,1568,1569,1574,2017-07-11 20:30:00,2017-07-11 21:20:00,2017-07-11 21:30:00,2017-07-11 22:20:00
1564,train,1564,1569,1570,1575,2017-07-11 20:40:00,2017-07-11 21:30:00,2017-07-11 21:40:00,2017-07-11 22:30:00
1565,train,1565,1570,1571,1576,2017-07-11 20:50:00,2017-07-11 21:40:00,2017-07-11 21:50:00,2017-07-11 22:40:00
1566,train,1566,1571,1572,1577,2017-07-11 21:00:00,2017-07-11 21:50:00,2017-07-11 22:00:00,2017-07-11 22:50:00
1567,train,1567,1572,1573,1578,2017-07-11 21:10:00,2017-07-11 22:00:00,2017-07-11 22:10:00,2017-07-11 23:00:00
1568,train,1568,1573,1574,1579,2017-07-11 21:20:00,2017-07-11 22:10:00,2017-07-11 22:20:00,2017-07-11 23:10:00
1569,train,1569,1574,1575,1580,2017-07-11 21:30:00,2017-07-11 22:20:00,2017-07-11 22:30:00,2017-07-11 23:20:00
1570,train,1570,1575,1576,1581,2017-07-11 21:40:00,2017-07-11 22:30:00,2017-07-11 22:40:00,2017-07-11 23:30:00
1571,train,1571,1576,1577,1582,2017-07-11 21:50:00,2017-07-11 22:40:00,2017-07-11 22:50:00,2017-07-11 23:40:00
1572,train,1572,1577,1578,1583,2017-07-11 22:00:00,2017-07-11 22:50:00,2017-07-11 23:00:00,2017-07-11 23:50:00
1573,train,1573,1578,1579,1584,2017-07-11 22:10:00,2017-07-11 23:00:00,2017-07-11 23:10:00,2017-07-12 00:00:00
1574,train,1574,1579,1580,1585,2017-07-11 22:20:00,2017-07-11 23:10:00,2017-07-11 23:20:00,2017-07-12 00:10:00
1575,train,1575,1580,1581,1586,2017-07-11 22:30:00,2017-07-11 23:20:00,2017-07-11 23:30:00,2017-07-12 00:20:00
1576,train,1576,1581,1582,1587,2017-07-11 22:40:00,2017-07-11 23:30:00,2017-07-11 23:40:00,2017-07-12 00:30:00
1577,train,1577,1582,1583,1588,2017-07-11 22:50:00,2017-07-11 23:40:00,2017-07-11 23:50:00,2017-07-12 00:40:00
1578,train,1578,1583,1584,1589,2017-07-11 23:00:00,2017-07-11 23:50:00,2017-07-12 00:00:00,2017-07-12 00:50:00
1579,train,1579,1584,1585,1590,2017-07-11 23:10:00,2017-07-12 00:00:00,2017-07-12 00:10:00,2017-07-12 01:00:00
1580,train,1580,1585,1586,1591,2017-07-11 23:20:00,2017-07-12 00:10:00,2017-07-12 00:20:00,2017-07-12 01:10:00
1581,train,1581,1586,1587,1592,2017-07-11 23:30:00,2017-07-12 00:20:00,2017-07-12 00:30:00,2017-07-12 01:20:00
1582,train,1582,1587,1588,1593,2017-07-11 23:40:00,2017-07-12 00:30:00,2017-07-12 00:40:00,2017-07-12 01:30:00
1583,train,1583,1588,1589,1594,2017-07-11 23:50:00,2017-07-12 00:40:00,2017-07-12 00:50:00,2017-07-12 01:40:00
1584,train,1584,1589,1590,1595,2017-07-12 00:00:00,2017-07-12 00:50:00,2017-07-12 01:00:00,2017-07-12 01:50:00
1585,train,1585,1590,1591,1596,2017-07-12 00:10:00,2017-07-12 01:00:00,2017-07-12 01:10:00,2017-07-12 02:00:00
1586,train,1586,1591,1592,1597,2017-07-12 00:20:00,2017-07-12 01:10:00,2017-07-12 01:20:00,2017-07-12 02:10:00
1587,train,1587,1592,1593,1598,2017-07-12 00:30:00,2017-07-12 01:20:00,2017-07-12 01:30:00,2017-07-12 02:20:00
1588,train,1588,1593,1594,1599,2017-07-12 00:40:00,2017-07-12 01:30:00,2017-07-12 01:40:00,2017-07-12 02:30:00
1589,train,1589,1594,1595,1600,2017-07-12 00:50:00,2017-07-12 01:40:00,2017-07-12 01:50:00,2017-07-12 02:40:00
1590,train,1590,1595,1596,1601,2017-07-12 01:00:00,2017-07-12 01:50:00,2017-07-12 02:00:00,2017-07-12 02:50:00
1591,train,1591,1596,1597,1602,2017-07-12 01:10:00,2017-07-12 02:00:00,2017-07-12 02:10:00,2017-07-12 03:00:00
1592,train,1592,1597,1598,1603,2017-07-12 01:20:00,2017-07-12 02:10:00,2017-07-12 02:20:00,2017-07-12 03:10:00
1593,train,1593,1598,1599,1604,2017-07-12 01:30:00,2017-07-12 02:20:00,2017-07-12 02:30:00,2017-07-12 03:20:00
1594,train,1594,1599,1600,1605,2017-07-12 01:40:00,2017-07-12 02:30:00,2017-07-12 02:40:00,2017-07-12 03:30:00
1595,train,1595,1600,1601,1606,2017-07-12 01:50:00,2017-07-12 02:40:00,2017-07-12 02:50:00,2017-07-12 03:40:00
1596,train,1596,1601,1602,1607,2017-07-12 02:00:00,2017-07-12 02:50:00,2017-07-12 03:00:00,2017-07-12 03:50:00
1597,train,1597,1602,1603,1608,2017-07-12 02:10:00,2017-07-12 03:00:00,2017-07-12 03:10:00,2017-07-12 04:00:00
1598,train,1598,1603,1604,1609,2017-07-12 02:20:00,2017-07-12 03:10:00,2017-07-12 03:20:00,2017-07-12 04:10:00
1599,train,1599,1604,1605,1610,2017-07-12 02:30:00,2017-07-12 03:20:00,2017-07-12 03:30:00,2017-07-12 04:20:00
1600,train,1600,1605,1606,1611,2017-07-12 02:40:00,2017-07-12 03:30:00,2017-07-12 03:40:00,2017-07-12 04:30:00
1601,train,1601,1606,1607,1612,2017-07-12 02:50:00,2017-07-12 03:40:00,2017-07-12 03:50:00,2017-07-12 04:40:00
1602,train,1602,1607,1608,1613,2017-07-12 03:00:00,2017-07-12 03:50:00,2017-07-12 04:00:00,2017-07-12 04:50:00
1603,train,1603,1608,1609,1614,2017-07-12 03:10:00,2017-07-12 04:00:00,2017-07-12 04:10:00,2017-07-12 05:00:00
1604,train,1604,1609,1610,1615,2017-07-12 03:20:00,2017-07-12 04:10:00,2017-07-12 04:20:00,2017-07-12 05:10:00
1605,train,1605,1610,1611,1616,2017-07-12 03:30:00,2017-07-12 04:20:00,2017-07-12 04:30:00,2017-07-12 05:20:00
1606,train,1606,1611,1612,1617,2017-07-12 03:40:00,2017-07-12 04:30:00,2017-07-12 04:40:00,2017-07-12 05:30:00
1607,train,1607,1612,1613,1618,2017-07-12 03:50:00,2017-07-12 04:40:00,2017-07-12 04:50:00,2017-07-12 05:40:00
1608,train,1608,1613,1614,1619,2017-07-12 04:00:00,2017-07-12 04:50:00,2017-07-12 05:00:00,2017-07-12 05:50:00
1609,train,1609,1614,1615,1620,2017-07-12 04:10:00,2017-07-12 05:00:00,2017-07-12 05:10:00,2017-07-12 06:00:00
1610,train,1610,1615,1616,1621,2017-07-12 04:20:00,2017-07-12 05:10:00,2017-07-12 05:20:00,2017-07-12 06:10:00
1611,train,1611,1616,1617,1622,2017-07-12 04:30:00,2017-07-12 05:20:00,2017-07-12 05:30:00,2017-07-12 06:20:00
1612,train,1612,1617,1618,1623,2017-07-12 04:40:00,2017-07-12 05:30:00,2017-07-12 05:40:00,2017-07-12 06:30:00
1613,train,1613,1618,1619,1624,2017-07-12 04:50:00,2017-07-12 05:40:00,2017-07-12 05:50:00,2017-07-12 06:40:00
1614,train,1614,1619,1620,1625,2017-07-12 05:00:00,2017-07-12 05:50:00,2017-07-12 06:00:00,2017-07-12 06:50:00
1615,train,1615,1620,1621,1626,2017-07-12 05:10:00,2017-07-12 06:00:00,2017-07-12 06:10:00,2017-07-12 07:00:00
1616,train,1616,1621,1622,1627,2017-07-12 05:20:00,2017-07-12 06:10:00,2017-07-12 06:20:00,2017-07-12 07:10:00
1617,train,1617,1622,1623,1628,2017-07-12 05:30:00,2017-07-12 06:20:00,2017-07-12 06:30:00,2017-07-12 07:20:00
1618,train,1618,1623,1624,1629,2017-07-12 05:40:00,2017-07-12 06:30:00,2017-07-12 06:40:00,2017-07-12 07:30:00
1619,train,1619,1624,1625,1630,2017-07-12 05:50:00,2017-07-12 06:40:00,2017-07-12 06:50:00,2017-07-12 07:40:00
1620,train,1620,1625,1626,1631,2017-07-12 06:00:00,2017-07-12 06:50:00,2017-07-12 07:00:00,2017-07-12 07:50:00
1621,train,1621,1626,1627,1632,2017-07-12 06:10:00,2017-07-12 07:00:00,2017-07-12 07:10:00,2017-07-12 08:00:00
1622,train,1622,1627,1628,1633,2017-07-12 06:20:00,2017-07-12 07:10:00,2017-07-12 07:20:00,2017-07-12 08:10:00
1623,train,1623,1628,1629,1634,2017-07-12 06:30:00,2017-07-12 07:20:00,2017-07-12 07:30:00,2017-07-12 08:20:00
1624,train,1624,1629,1630,1635,2017-07-12 06:40:00,2017-07-12 07:30:00,2017-07-12 07:40:00,2017-07-12 08:30:00
1625,train,1625,1630,1631,1636,2017-07-12 06:50:00,2017-07-12 07:40:00,2017-07-12 07:50:00,2017-07-12 08:40:00
1626,train,1626,1631,1632,1637,2017-07-12 07:00:00,2017-07-12 07:50:00,2017-07-12 08:00:00,2017-07-12 08:50:00
1627,train,1627,1632,1633,1638,2017-07-12 07:10:00,2017-07-12 08:00:00,2017-07-12 08:10:00,2017-07-12 09:00:00
1628,train,1628,1633,1634,1639,2017-07-12 07:20:00,2017-07-12 08:10:00,2017-07-12 08:20:00,2017-07-12 09:10:00
1629,train,1629,1634,1635,1640,2017-07-12 07:30:00,2017-07-12 08:20:00,2017-07-12 08:30:00,2017-07-12 09:20:00
1630,train,1630,1635,1636,1641,2017-07-12 07:40:00,2017-07-12 08:30:00,2017-07-12 08:40:00,2017-07-12 09:30:00
1631,train,1631,1636,1637,1642,2017-07-12 07:50:00,2017-07-12 08:40:00,2017-07-12 08:50:00,2017-07-12 09:40:00
1632,train,1632,1637,1638,1643,2017-07-12 08:00:00,2017-07-12 08:50:00,2017-07-12 09:00:00,2017-07-12 09:50:00
1633,train,1633,1638,1639,1644,2017-07-12 08:10:00,2017-07-12 09:00:00,2017-07-12 09:10:00,2017-07-12 10:00:00
1634,train,1634,1639,1640,1645,2017-07-12 08:20:00,2017-07-12 09:10:00,2017-07-12 09:20:00,2017-07-12 10:10:00
1635,train,1635,1640,1641,1646,2017-07-12 08:30:00,2017-07-12 09:20:00,2017-07-12 09:30:00,2017-07-12 10:20:00
1636,train,1636,1641,1642,1647,2017-07-12 08:40:00,2017-07-12 09:30:00,2017-07-12 09:40:00,2017-07-12 10:30:00
1637,train,1637,1642,1643,1648,2017-07-12 08:50:00,2017-07-12 09:40:00,2017-07-12 09:50:00,2017-07-12 10:40:00
1638,train,1638,1643,1644,1649,2017-07-12 09:00:00,2017-07-12 09:50:00,2017-07-12 10:00:00,2017-07-12 10:50:00
1639,train,1639,1644,1645,1650,2017-07-12 09:10:00,2017-07-12 10:00:00,2017-07-12 10:10:00,2017-07-12 11:00:00
1640,train,1640,1645,1646,1651,2017-07-12 09:20:00,2017-07-12 10:10:00,2017-07-12 10:20:00,2017-07-12 11:10:00
1641,train,1641,1646,1647,1652,2017-07-12 09:30:00,2017-07-12 10:20:00,2017-07-12 10:30:00,2017-07-12 11:20:00
1642,train,1642,1647,1648,1653,2017-07-12 09:40:00,2017-07-12 10:30:00,2017-07-12 10:40:00,2017-07-12 11:30:00
1643,train,1643,1648,1649,1654,2017-07-12 09:50:00,2017-07-12 10:40:00,2017-07-12 10:50:00,2017-07-12 11:40:00
1644,train,1644,1649,1650,1655,2017-07-12 10:00:00,2017-07-12 10:50:00,2017-07-12 11:00:00,2017-07-12 11:50:00
1645,train,1645,1650,1651,1656,2017-07-12 10:10:00,2017-07-12 11:00:00,2017-07-12 11:10:00,2017-07-12 12:00:00
1646,train,1646,1651,1652,1657,2017-07-12 10:20:00,2017-07-12 11:10:00,2017-07-12 11:20:00,2017-07-12 12:10:00
1647,train,1647,1652,1653,1658,2017-07-12 10:30:00,2017-07-12 11:20:00,2017-07-12 11:30:00,2017-07-12 12:20:00
1648,train,1648,1653,1654,1659,2017-07-12 10:40:00,2017-07-12 11:30:00,2017-07-12 11:40:00,2017-07-12 12:30:00
1649,train,1649,1654,1655,1660,2017-07-12 10:50:00,2017-07-12 11:40:00,2017-07-12 11:50:00,2017-07-12 12:40:00
1650,train,1650,1655,1656,1661,2017-07-12 11:00:00,2017-07-12 11:50:00,2017-07-12 12:00:00,2017-07-12 12:50:00
1651,train,1651,1656,1657,1662,2017-07-12 11:10:00,2017-07-12 12:00:00,2017-07-12 12:10:00,2017-07-12 13:00:00
1652,train,1652,1657,1658,1663,2017-07-12 11:20:00,2017-07-12 12:10:00,2017-07-12 12:20:00,2017-07-12 13:10:00
1653,train,1653,1658,1659,1664,2017-07-12 11:30:00,2017-07-12 12:20:00,2017-07-12 12:30:00,2017-07-12 13:20:00
1654,train,1654,1659,1660,1665,2017-07-12 11:40:00,2017-07-12 12:30:00,2017-07-12 12:40:00,2017-07-12 13:30:00
1655,train,1655,1660,1661,1666,2017-07-12 11:50:00,2017-07-12 12:40:00,2017-07-12 12:50:00,2017-07-12 13:40:00
1656,train,1656,1661,1662,1667,2017-07-12 12:00:00,2017-07-12 12:50:00,2017-07-12 13:00:00,2017-07-12 13:50:00
1657,train,1657,1662,1663,1668,2017-07-12 12:10:00,2017-07-12 13:00:00,2017-07-12 13:10:00,2017-07-12 14:00:00
1658,train,1658,1663,1664,1669,2017-07-12 12:20:00,2017-07-12 13:10:00,2017-07-12 13:20:00,2017-07-12 14:10:00
1659,train,1659,1664,1665,1670,2017-07-12 12:30:00,2017-07-12 13:20:00,2017-07-12 13:30:00,2017-07-12 14:20:00
1660,train,1660,1665,1666,1671,2017-07-12 12:40:00,2017-07-12 13:30:00,2017-07-12 13:40:00,2017-07-12 14:30:00
1661,train,1661,1666,1667,1672,2017-07-12 12:50:00,2017-07-12 13:40:00,2017-07-12 13:50:00,2017-07-12 14:40:00
1662,train,1662,1667,1668,1673,2017-07-12 13:00:00,2017-07-12 13:50:00,2017-07-12 14:00:00,2017-07-12 14:50:00
1663,train,1663,1668,1669,1674,2017-07-12 13:10:00,2017-07-12 14:00:00,2017-07-12 14:10:00,2017-07-12 15:00:00
1664,train,1664,1669,1670,1675,2017-07-12 13:20:00,2017-07-12 14:10:00,2017-07-12 14:20:00,2017-07-12 15:10:00
1665,train,1665,1670,1671,1676,2017-07-12 13:30:00,2017-07-12 14:20:00,2017-07-12 14:30:00,2017-07-12 15:20:00
1666,train,1666,1671,1672,1677,2017-07-12 13:40:00,2017-07-12 14:30:00,2017-07-12 14:40:00,2017-07-12 15:30:00
1667,train,1667,1672,1673,1678,2017-07-12 13:50:00,2017-07-12 14:40:00,2017-07-12 14:50:00,2017-07-12 15:40:00
1668,train,1668,1673,1674,1679,2017-07-12 14:00:00,2017-07-12 14:50:00,2017-07-12 15:00:00,2017-07-12 15:50:00
1669,train,1669,1674,1675,1680,2017-07-12 14:10:00,2017-07-12 15:00:00,2017-07-12 15:10:00,2017-07-12 16:00:00
1670,train,1670,1675,1676,1681,2017-07-12 14:20:00,2017-07-12 15:10:00,2017-07-12 15:20:00,2017-07-12 16:10:00
1671,train,1671,1676,1677,1682,2017-07-12 14:30:00,2017-07-12 15:20:00,2017-07-12 15:30:00,2017-07-12 16:20:00
1672,train,1672,1677,1678,1683,2017-07-12 14:40:00,2017-07-12 15:30:00,2017-07-12 15:40:00,2017-07-12 16:30:00
1673,train,1673,1678,1679,1684,2017-07-12 14:50:00,2017-07-12 15:40:00,2017-07-12 15:50:00,2017-07-12 16:40:00
1674,train,1674,1679,1680,1685,2017-07-12 15:00:00,2017-07-12 15:50:00,2017-07-12 16:00:00,2017-07-12 16:50:00
1675,train,1675,1680,1681,1686,2017-07-12 15:10:00,2017-07-12 16:00:00,2017-07-12 16:10:00,2017-07-12 17:00:00
1676,train,1676,1681,1682,1687,2017-07-12 15:20:00,2017-07-12 16:10:00,2017-07-12 16:20:00,2017-07-12 17:10:00
1677,train,1677,1682,1683,1688,2017-07-12 15:30:00,2017-07-12 16:20:00,2017-07-12 16:30:00,2017-07-12 17:20:00
1678,train,1678,1683,1684,1689,2017-07-12 15:40:00,2017-07-12 16:30:00,2017-07-12 16:40:00,2017-07-12 17:30:00
1679,train,1679,1684,1685,1690,2017-07-12 15:50:00,2017-07-12 16:40:00,2017-07-12 16:50:00,2017-07-12 17:40:00
1680,train,1680,1685,1686,1691,2017-07-12 16:00:00,2017-07-12 16:50:00,2017-07-12 17:00:00,2017-07-12 17:50:00
1681,train,1681,1686,1687,1692,2017-07-12 16:10:00,2017-07-12 17:00:00,2017-07-12 17:10:00,2017-07-12 18:00:00
1682,train,1682,1687,1688,1693,2017-07-12 16:20:00,2017-07-12 17:10:00,2017-07-12 17:20:00,2017-07-12 18:10:00
1683,train,1683,1688,1689,1694,2017-07-12 16:30:00,2017-07-12 17:20:00,2017-07-12 17:30:00,2017-07-12 18:20:00
1684,train,1684,1689,1690,1695,2017-07-12 16:40:00,2017-07-12 17:30:00,2017-07-12 17:40:00,2017-07-12 18:30:00
1685,train,1685,1690,1691,1696,2017-07-12 16:50:00,2017-07-12 17:40:00,2017-07-12 17:50:00,2017-07-12 18:40:00
1686,train,1686,1691,1692,1697,2017-07-12 17:00:00,2017-07-12 17:50:00,2017-07-12 18:00:00,2017-07-12 18:50:00
1687,train,1687,1692,1693,1698,2017-07-12 17:10:00,2017-07-12 18:00:00,2017-07-12 18:10:00,2017-07-12 19:00:00
1688,train,1688,1693,1694,1699,2017-07-12 17:20:00,2017-07-12 18:10:00,2017-07-12 18:20:00,2017-07-12 19:10:00
1689,train,1689,1694,1695,1700,2017-07-12 17:30:00,2017-07-12 18:20:00,2017-07-12 18:30:00,2017-07-12 19:20:00
1690,train,1690,1695,1696,1701,2017-07-12 17:40:00,2017-07-12 18:30:00,2017-07-12 18:40:00,2017-07-12 19:30:00
1691,train,1691,1696,1697,1702,2017-07-12 17:50:00,2017-07-12 18:40:00,2017-07-12 18:50:00,2017-07-12 19:40:00
1692,train,1692,1697,1698,1703,2017-07-12 18:00:00,2017-07-12 18:50:00,2017-07-12 19:00:00,2017-07-12 19:50:00
1693,train,1693,1698,1699,1704,2017-07-12 18:10:00,2017-07-12 19:00:00,2017-07-12 19:10:00,2017-07-12 20:00:00
1694,train,1694,1699,1700,1705,2017-07-12 18:20:00,2017-07-12 19:10:00,2017-07-12 19:20:00,2017-07-12 20:10:00
1695,train,1695,1700,1701,1706,2017-07-12 18:30:00,2017-07-12 19:20:00,2017-07-12 19:30:00,2017-07-12 20:20:00
1696,train,1696,1701,1702,1707,2017-07-12 18:40:00,2017-07-12 19:30:00,2017-07-12 19:40:00,2017-07-12 20:30:00
1697,train,1697,1702,1703,1708,2017-07-12 18:50:00,2017-07-12 19:40:00,2017-07-12 19:50:00,2017-07-12 20:40:00
1698,train,1698,1703,1704,1709,2017-07-12 19:00:00,2017-07-12 19:50:00,2017-07-12 20:00:00,2017-07-12 20:50:00
1699,train,1699,1704,1705,1710,2017-07-12 19:10:00,2017-07-12 20:00:00,2017-07-12 20:10:00,2017-07-12 21:00:00
1700,train,1700,1705,1706,1711,2017-07-12 19:20:00,2017-07-12 20:10:00,2017-07-12 20:20:00,2017-07-12 21:10:00
1701,train,1701,1706,1707,1712,2017-07-12 19:30:00,2017-07-12 20:20:00,2017-07-12 20:30:00,2017-07-12 21:20:00
1702,train,1702,1707,1708,1713,2017-07-12 19:40:00,2017-07-12 20:30:00,2017-07-12 20:40:00,2017-07-12 21:30:00
1703,train,1703,1708,1709,1714,2017-07-12 19:50:00,2017-07-12 20:40:00,2017-07-12 20:50:00,2017-07-12 21:40:00
1704,train,1704,1709,1710,1715,2017-07-12 20:00:00,2017-07-12 20:50:00,2017-07-12 21:00:00,2017-07-12 21:50:00
1705,train,1705,1710,1711,1716,2017-07-12 20:10:00,2017-07-12 21:00:00,2017-07-12 21:10:00,2017-07-12 22:00:00
1706,train,1706,1711,1712,1717,2017-07-12 20:20:00,2017-07-12 21:10:00,2017-07-12 21:20:00,2017-07-12 22:10:00
1707,train,1707,1712,1713,1718,2017-07-12 20:30:00,2017-07-12 21:20:00,2017-07-12 21:30:00,2017-07-12 22:20:00
1708,train,1708,1713,1714,1719,2017-07-12 20:40:00,2017-07-12 21:30:00,2017-07-12 21:40:00,2017-07-12 22:30:00
1709,train,1709,1714,1715,1720,2017-07-12 20:50:00,2017-07-12 21:40:00,2017-07-12 21:50:00,2017-07-12 22:40:00
1710,train,1710,1715,1716,1721,2017-07-12 21:00:00,2017-07-12 21:50:00,2017-07-12 22:00:00,2017-07-12 22:50:00
1711,train,1711,1716,1717,1722,2017-07-12 21:10:00,2017-07-12 22:00:00,2017-07-12 22:10:00,2017-07-12 23:00:00
1712,train,1712,1717,1718,1723,2017-07-12 21:20:00,2017-07-12 22:10:00,2017-07-12 22:20:00,2017-07-12 23:10:00
1713,train,1713,1718,1719,1724,2017-07-12 21:30:00,2017-07-12 22:20:00,2017-07-12 22:30:00,2017-07-12 23:20:00
1714,train,1714,1719,1720,1725,2017-07-12 21:40:00,2017-07-12 22:30:00,2017-07-12 22:40:00,2017-07-12 23:30:00
1715,train,1715,1720,1721,1726,2017-07-12 21:50:00,2017-07-12 22:40:00,2017-07-12 22:50:00,2017-07-12 23:40:00
1716,train,1716,1721,1722,1727,2017-07-12 22:00:00,2017-07-12 22:50:00,2017-07-12 23:00:00,2017-07-12 23:50:00
1717,train,1717,1722,1723,1728,2017-07-12 22:10:00,2017-07-12 23:00:00,2017-07-12 23:10:00,2017-07-13 00:00:00
1718,train,1718,1723,1724,1729,2017-07-12 22:20:00,2017-07-12 23:10:00,2017-07-12 23:20:00,2017-07-13 00:10:00
1719,train,1719,1724,1725,1730,2017-07-12 22:30:00,2017-07-12 23:20:00,2017-07-12 23:30:00,2017-07-13 00:20:00
1720,train,1720,1725,1726,1731,2017-07-12 22:40:00,2017-07-12 23:30:00,2017-07-12 23:40:00,2017-07-13 00:30:00
1721,train,1721,1726,1727,1732,2017-07-12 22:50:00,2017-07-12 23:40:00,2017-07-12 23:50:00,2017-07-13 00:40:00
1722,train,1722,1727,1728,1733,2017-07-12 23:00:00,2017-07-12 23:50:00,2017-07-13 00:00:00,2017-07-13 00:50:00
1723,train,1723,1728,1729,1734,2017-07-12 23:10:00,2017-07-13 00:00:00,2017-07-13 00:10:00,2017-07-13 01:00:00
1724,train,1724,1729,1730,1735,2017-07-12 23:20:00,2017-07-13 00:10:00,2017-07-13 00:20:00,2017-07-13 01:10:00
1725,train,1725,1730,1731,1736,2017-07-12 23:30:00,2017-07-13 00:20:00,2017-07-13 00:30:00,2017-07-13 01:20:00
1726,train,1726,1731,1732,1737,2017-07-12 23:40:00,2017-07-13 00:30:00,2017-07-13 00:40:00,2017-07-13 01:30:00
1727,train,1727,1732,1733,1738,2017-07-12 23:50:00,2017-07-13 00:40:00,2017-07-13 00:50:00,2017-07-13 01:40:00
1728,train,1728,1733,1734,1739,2017-07-13 00:00:00,2017-07-13 00:50:00,2017-07-13 01:00:00,2017-07-13 01:50:00
1729,train,1729,1734,1735,1740,2017-07-13 00:10:00,2017-07-13 01:00:00,2017-07-13 01:10:00,2017-07-13 02:00:00
1730,train,1730,1735,1736,1741,2017-07-13 00:20:00,2017-07-13 01:10:00,2017-07-13 01:20:00,2017-07-13 02:10:00
1731,train,1731,1736,1737,1742,2017-07-13 00:30:00,2017-07-13 01:20:00,2017-07-13 01:30:00,2017-07-13 02:20:00
1732,train,1732,1737,1738,1743,2017-07-13 00:40:00,2017-07-13 01:30:00,2017-07-13 01:40:00,2017-07-13 02:30:00
1733,train,1733,1738,1739,1744,2017-07-13 00:50:00,2017-07-13 01:40:00,2017-07-13 01:50:00,2017-07-13 02:40:00
1734,train,1734,1739,1740,1745,2017-07-13 01:00:00,2017-07-13 01:50:00,2017-07-13 02:00:00,2017-07-13 02:50:00
1735,train,1735,1740,1741,1746,2017-07-13 01:10:00,2017-07-13 02:00:00,2017-07-13 02:10:00,2017-07-13 03:00:00
1736,train,1736,1741,1742,1747,2017-07-13 01:20:00,2017-07-13 02:10:00,2017-07-13 02:20:00,2017-07-13 03:10:00
1737,train,1737,1742,1743,1748,2017-07-13 01:30:00,2017-07-13 02:20:00,2017-07-13 02:30:00,2017-07-13 03:20:00
1738,train,1738,1743,1744,1749,2017-07-13 01:40:00,2017-07-13 02:30:00,2017-07-13 02:40:00,2017-07-13 03:30:00
1739,train,1739,1744,1745,1750,2017-07-13 01:50:00,2017-07-13 02:40:00,2017-07-13 02:50:00,2017-07-13 03:40:00
1740,train,1740,1745,1746,1751,2017-07-13 02:00:00,2017-07-13 02:50:00,2017-07-13 03:00:00,2017-07-13 03:50:00
1741,train,1741,1746,1747,1752,2017-07-13 02:10:00,2017-07-13 03:00:00,2017-07-13 03:10:00,2017-07-13 04:00:00
1742,train,1742,1747,1748,1753,2017-07-13 02:20:00,2017-07-13 03:10:00,2017-07-13 03:20:00,2017-07-13 04:10:00
1743,train,1743,1748,1749,1754,2017-07-13 02:30:00,2017-07-13 03:20:00,2017-07-13 03:30:00,2017-07-13 04:20:00
1744,train,1744,1749,1750,1755,2017-07-13 02:40:00,2017-07-13 03:30:00,2017-07-13 03:40:00,2017-07-13 04:30:00
1745,train,1745,1750,1751,1756,2017-07-13 02:50:00,2017-07-13 03:40:00,2017-07-13 03:50:00,2017-07-13 04:40:00
1746,train,1746,1751,1752,1757,2017-07-13 03:00:00,2017-07-13 03:50:00,2017-07-13 04:00:00,2017-07-13 04:50:00
1747,train,1747,1752,1753,1758,2017-07-13 03:10:00,2017-07-13 04:00:00,2017-07-13 04:10:00,2017-07-13 05:00:00
1748,train,1748,1753,1754,1759,2017-07-13 03:20:00,2017-07-13 04:10:00,2017-07-13 04:20:00,2017-07-13 05:10:00
1749,train,1749,1754,1755,1760,2017-07-13 03:30:00,2017-07-13 04:20:00,2017-07-13 04:30:00,2017-07-13 05:20:00
1750,train,1750,1755,1756,1761,2017-07-13 03:40:00,2017-07-13 04:30:00,2017-07-13 04:40:00,2017-07-13 05:30:00
1751,train,1751,1756,1757,1762,2017-07-13 03:50:00,2017-07-13 04:40:00,2017-07-13 04:50:00,2017-07-13 05:40:00
1752,train,1752,1757,1758,1763,2017-07-13 04:00:00,2017-07-13 04:50:00,2017-07-13 05:00:00,2017-07-13 05:50:00
1753,train,1753,1758,1759,1764,2017-07-13 04:10:00,2017-07-13 05:00:00,2017-07-13 05:10:00,2017-07-13 06:00:00
1754,train,1754,1759,1760,1765,2017-07-13 04:20:00,2017-07-13 05:10:00,2017-07-13 05:20:00,2017-07-13 06:10:00
1755,train,1755,1760,1761,1766,2017-07-13 04:30:00,2017-07-13 05:20:00,2017-07-13 05:30:00,2017-07-13 06:20:00
1756,train,1756,1761,1762,1767,2017-07-13 04:40:00,2017-07-13 05:30:00,2017-07-13 05:40:00,2017-07-13 06:30:00
1757,train,1757,1762,1763,1768,2017-07-13 04:50:00,2017-07-13 05:40:00,2017-07-13 05:50:00,2017-07-13 06:40:00
1758,train,1758,1763,1764,1769,2017-07-13 05:00:00,2017-07-13 05:50:00,2017-07-13 06:00:00,2017-07-13 06:50:00
1759,train,1759,1764,1765,1770,2017-07-13 05:10:00,2017-07-13 06:00:00,2017-07-13 06:10:00,2017-07-13 07:00:00
1760,train,1760,1765,1766,1771,2017-07-13 05:20:00,2017-07-13 06:10:00,2017-07-13 06:20:00,2017-07-13 07:10:00
1761,train,1761,1766,1767,1772,2017-07-13 05:30:00,2017-07-13 06:20:00,2017-07-13 06:30:00,2017-07-13 07:20:00
1762,train,1762,1767,1768,1773,2017-07-13 05:40:00,2017-07-13 06:30:00,2017-07-13 06:40:00,2017-07-13 07:30:00
1763,train,1763,1768,1769,1774,2017-07-13 05:50:00,2017-07-13 06:40:00,2017-07-13 06:50:00,2017-07-13 07:40:00
1764,train,1764,1769,1770,1775,2017-07-13 06:00:00,2017-07-13 06:50:00,2017-07-13 07:00:00,2017-07-13 07:50:00
1765,train,1765,1770,1771,1776,2017-07-13 06:10:00,2017-07-13 07:00:00,2017-07-13 07:10:00,2017-07-13 08:00:00
1766,train,1766,1771,1772,1777,2017-07-13 06:20:00,2017-07-13 07:10:00,2017-07-13 07:20:00,2017-07-13 08:10:00
1767,train,1767,1772,1773,1778,2017-07-13 06:30:00,2017-07-13 07:20:00,2017-07-13 07:30:00,2017-07-13 08:20:00
1768,train,1768,1773,1774,1779,2017-07-13 06:40:00,2017-07-13 07:30:00,2017-07-13 07:40:00,2017-07-13 08:30:00
1769,train,1769,1774,1775,1780,2017-07-13 06:50:00,2017-07-13 07:40:00,2017-07-13 07:50:00,2017-07-13 08:40:00
1770,train,1770,1775,1776,1781,2017-07-13 07:00:00,2017-07-13 07:50:00,2017-07-13 08:00:00,2017-07-13 08:50:00
1771,train,1771,1776,1777,1782,2017-07-13 07:10:00,2017-07-13 08:00:00,2017-07-13 08:10:00,2017-07-13 09:00:00
1772,train,1772,1777,1778,1783,2017-07-13 07:20:00,2017-07-13 08:10:00,2017-07-13 08:20:00,2017-07-13 09:10:00
1773,train,1773,1778,1779,1784,2017-07-13 07:30:00,2017-07-13 08:20:00,2017-07-13 08:30:00,2017-07-13 09:20:00
1774,train,1774,1779,1780,1785,2017-07-13 07:40:00,2017-07-13 08:30:00,2017-07-13 08:40:00,2017-07-13 09:30:00
1775,train,1775,1780,1781,1786,2017-07-13 07:50:00,2017-07-13 08:40:00,2017-07-13 08:50:00,2017-07-13 09:40:00
1776,train,1776,1781,1782,1787,2017-07-13 08:00:00,2017-07-13 08:50:00,2017-07-13 09:00:00,2017-07-13 09:50:00
1777,train,1777,1782,1783,1788,2017-07-13 08:10:00,2017-07-13 09:00:00,2017-07-13 09:10:00,2017-07-13 10:00:00
1778,train,1778,1783,1784,1789,2017-07-13 08:20:00,2017-07-13 09:10:00,2017-07-13 09:20:00,2017-07-13 10:10:00
1779,train,1779,1784,1785,1790,2017-07-13 08:30:00,2017-07-13 09:20:00,2017-07-13 09:30:00,2017-07-13 10:20:00
1780,train,1780,1785,1786,1791,2017-07-13 08:40:00,2017-07-13 09:30:00,2017-07-13 09:40:00,2017-07-13 10:30:00
1781,train,1781,1786,1787,1792,2017-07-13 08:50:00,2017-07-13 09:40:00,2017-07-13 09:50:00,2017-07-13 10:40:00
1782,train,1782,1787,1788,1793,2017-07-13 09:00:00,2017-07-13 09:50:00,2017-07-13 10:00:00,2017-07-13 10:50:00
1783,train,1783,1788,1789,1794,2017-07-13 09:10:00,2017-07-13 10:00:00,2017-07-13 10:10:00,2017-07-13 11:00:00
1784,train,1784,1789,1790,1795,2017-07-13 09:20:00,2017-07-13 10:10:00,2017-07-13 10:20:00,2017-07-13 11:10:00
1785,train,1785,1790,1791,1796,2017-07-13 09:30:00,2017-07-13 10:20:00,2017-07-13 10:30:00,2017-07-13 11:20:00
1786,train,1786,1791,1792,1797,2017-07-13 09:40:00,2017-07-13 10:30:00,2017-07-13 10:40:00,2017-07-13 11:30:00
1787,train,1787,1792,1793,1798,2017-07-13 09:50:00,2017-07-13 10:40:00,2017-07-13 10:50:00,2017-07-13 11:40:00
1788,train,1788,1793,1794,1799,2017-07-13 10:00:00,2017-07-13 10:50:00,2017-07-13 11:00:00,2017-07-13 11:50:00
1789,train,1789,1794,1795,1800,2017-07-13 10:10:00,2017-07-13 11:00:00,2017-07-13 11:10:00,2017-07-13 12:00:00
1790,train,1790,1795,1796,1801,2017-07-13 10:20:00,2017-07-13 11:10:00,2017-07-13 11:20:00,2017-07-13 12:10:00
1791,train,1791,1796,1797,1802,2017-07-13 10:30:00,2017-07-13 11:20:00,2017-07-13 11:30:00,2017-07-13 12:20:00
1792,train,1792,1797,1798,1803,2017-07-13 10:40:00,2017-07-13 11:30:00,2017-07-13 11:40:00,2017-07-13 12:30:00
1793,train,1793,1798,1799,1804,2017-07-13 10:50:00,2017-07-13 11:40:00,2017-07-13 11:50:00,2017-07-13 12:40:00
1794,train,1794,1799,1800,1805,2017-07-13 11:00:00,2017-07-13 11:50:00,2017-07-13 12:00:00,2017-07-13 12:50:00
1795,train,1795,1800,1801,1806,2017-07-13 11:10:00,2017-07-13 12:00:00,2017-07-13 12:10:00,2017-07-13 13:00:00
1796,train,1796,1801,1802,1807,2017-07-13 11:20:00,2017-07-13 12:10:00,2017-07-13 12:20:00,2017-07-13 13:10:00
1797,train,1797,1802,1803,1808,2017-07-13 11:30:00,2017-07-13 12:20:00,2017-07-13 12:30:00,2017-07-13 13:20:00
1798,train,1798,1803,1804,1809,2017-07-13 11:40:00,2017-07-13 12:30:00,2017-07-13 12:40:00,2017-07-13 13:30:00
1799,train,1799,1804,1805,1810,2017-07-13 11:50:00,2017-07-13 12:40:00,2017-07-13 12:50:00,2017-07-13 13:40:00
1800,train,1800,1805,1806,1811,2017-07-13 12:00:00,2017-07-13 12:50:00,2017-07-13 13:00:00,2017-07-13 13:50:00
1801,train,1801,1806,1807,1812,2017-07-13 12:10:00,2017-07-13 13:00:00,2017-07-13 13:10:00,2017-07-13 14:00:00
1802,train,1802,1807,1808,1813,2017-07-13 12:20:00,2017-07-13 13:10:00,2017-07-13 13:20:00,2017-07-13 14:10:00
1803,train,1803,1808,1809,1814,2017-07-13 12:30:00,2017-07-13 13:20:00,2017-07-13 13:30:00,2017-07-13 14:20:00
1804,train,1804,1809,1810,1815,2017-07-13 12:40:00,2017-07-13 13:30:00,2017-07-13 13:40:00,2017-07-13 14:30:00
1805,train,1805,1810,1811,1816,2017-07-13 12:50:00,2017-07-13 13:40:00,2017-07-13 13:50:00,2017-07-13 14:40:00
1806,train,1806,1811,1812,1817,2017-07-13 13:00:00,2017-07-13 13:50:00,2017-07-13 14:00:00,2017-07-13 14:50:00
1807,train,1807,1812,1813,1818,2017-07-13 13:10:00,2017-07-13 14:00:00,2017-07-13 14:10:00,2017-07-13 15:00:00
1808,train,1808,1813,1814,1819,2017-07-13 13:20:00,2017-07-13 14:10:00,2017-07-13 14:20:00,2017-07-13 15:10:00
1809,train,1809,1814,1815,1820,2017-07-13 13:30:00,2017-07-13 14:20:00,2017-07-13 14:30:00,2017-07-13 15:20:00
1810,train,1810,1815,1816,1821,2017-07-13 13:40:00,2017-07-13 14:30:00,2017-07-13 14:40:00,2017-07-13 15:30:00
1811,train,1811,1816,1817,1822,2017-07-13 13:50:00,2017-07-13 14:40:00,2017-07-13 14:50:00,2017-07-13 15:40:00
1812,train,1812,1817,1818,1823,2017-07-13 14:00:00,2017-07-13 14:50:00,2017-07-13 15:00:00,2017-07-13 15:50:00
1813,train,1813,1818,1819,1824,2017-07-13 14:10:00,2017-07-13 15:00:00,2017-07-13 15:10:00,2017-07-13 16:00:00
1814,train,1814,1819,1820,1825,2017-07-13 14:20:00,2017-07-13 15:10:00,2017-07-13 15:20:00,2017-07-13 16:10:00
1815,train,1815,1820,1821,1826,2017-07-13 14:30:00,2017-07-13 15:20:00,2017-07-13 15:30:00,2017-07-13 16:20:00
1816,train,1816,1821,1822,1827,2017-07-13 14:40:00,2017-07-13 15:30:00,2017-07-13 15:40:00,2017-07-13 16:30:00
1817,train,1817,1822,1823,1828,2017-07-13 14:50:00,2017-07-13 15:40:00,2017-07-13 15:50:00,2017-07-13 16:40:00
1818,train,1818,1823,1824,1829,2017-07-13 15:00:00,2017-07-13 15:50:00,2017-07-13 16:00:00,2017-07-13 16:50:00
1819,train,1819,1824,1825,1830,2017-07-13 15:10:00,2017-07-13 16:00:00,2017-07-13 16:10:00,2017-07-13 17:00:00
1820,train,1820,1825,1826,1831,2017-07-13 15:20:00,2017-07-13 16:10:00,2017-07-13 16:20:00,2017-07-13 17:10:00
1821,train,1821,1826,1827,1832,2017-07-13 15:30:00,2017-07-13 16:20:00,2017-07-13 16:30:00,2017-07-13 17:20:00
1822,train,1822,1827,1828,1833,2017-07-13 15:40:00,2017-07-13 16:30:00,2017-07-13 16:40:00,2017-07-13 17:30:00
1823,train,1823,1828,1829,1834,2017-07-13 15:50:00,2017-07-13 16:40:00,2017-07-13 16:50:00,2017-07-13 17:40:00
1824,train,1824,1829,1830,1835,2017-07-13 16:00:00,2017-07-13 16:50:00,2017-07-13 17:00:00,2017-07-13 17:50:00
1825,train,1825,1830,1831,1836,2017-07-13 16:10:00,2017-07-13 17:00:00,2017-07-13 17:10:00,2017-07-13 18:00:00
1826,train,1826,1831,1832,1837,2017-07-13 16:20:00,2017-07-13 17:10:00,2017-07-13 17:20:00,2017-07-13 18:10:00
1827,train,1827,1832,1833,1838,2017-07-13 16:30:00,2017-07-13 17:20:00,2017-07-13 17:30:00,2017-07-13 18:20:00
1828,train,1828,1833,1834,1839,2017-07-13 16:40:00,2017-07-13 17:30:00,2017-07-13 17:40:00,2017-07-13 18:30:00
1829,train,1829,1834,1835,1840,2017-07-13 16:50:00,2017-07-13 17:40:00,2017-07-13 17:50:00,2017-07-13 18:40:00
1830,train,1830,1835,1836,1841,2017-07-13 17:00:00,2017-07-13 17:50:00,2017-07-13 18:00:00,2017-07-13 18:50:00
1831,train,1831,1836,1837,1842,2017-07-13 17:10:00,2017-07-13 18:00:00,2017-07-13 18:10:00,2017-07-13 19:00:00
1832,train,1832,1837,1838,1843,2017-07-13 17:20:00,2017-07-13 18:10:00,2017-07-13 18:20:00,2017-07-13 19:10:00
1833,train,1833,1838,1839,1844,2017-07-13 17:30:00,2017-07-13 18:20:00,2017-07-13 18:30:00,2017-07-13 19:20:00
1834,train,1834,1839,1840,1845,2017-07-13 17:40:00,2017-07-13 18:30:00,2017-07-13 18:40:00,2017-07-13 19:30:00
1835,train,1835,1840,1841,1846,2017-07-13 17:50:00,2017-07-13 18:40:00,2017-07-13 18:50:00,2017-07-13 19:40:00
1836,train,1836,1841,1842,1847,2017-07-13 18:00:00,2017-07-13 18:50:00,2017-07-13 19:00:00,2017-07-13 19:50:00
1837,train,1837,1842,1843,1848,2017-07-13 18:10:00,2017-07-13 19:00:00,2017-07-13 19:10:00,2017-07-13 20:00:00
1838,train,1838,1843,1844,1849,2017-07-13 18:20:00,2017-07-13 19:10:00,2017-07-13 19:20:00,2017-07-13 20:10:00
1839,train,1839,1844,1845,1850,2017-07-13 18:30:00,2017-07-13 19:20:00,2017-07-13 19:30:00,2017-07-13 20:20:00
1840,train,1840,1845,1846,1851,2017-07-13 18:40:00,2017-07-13 19:30:00,2017-07-13 19:40:00,2017-07-13 20:30:00
1841,train,1841,1846,1847,1852,2017-07-13 18:50:00,2017-07-13 19:40:00,2017-07-13 19:50:00,2017-07-13 20:40:00
1842,train,1842,1847,1848,1853,2017-07-13 19:00:00,2017-07-13 19:50:00,2017-07-13 20:00:00,2017-07-13 20:50:00
1843,train,1843,1848,1849,1854,2017-07-13 19:10:00,2017-07-13 20:00:00,2017-07-13 20:10:00,2017-07-13 21:00:00
1844,train,1844,1849,1850,1855,2017-07-13 19:20:00,2017-07-13 20:10:00,2017-07-13 20:20:00,2017-07-13 21:10:00
1845,train,1845,1850,1851,1856,2017-07-13 19:30:00,2017-07-13 20:20:00,2017-07-13 20:30:00,2017-07-13 21:20:00
1846,train,1846,1851,1852,1857,2017-07-13 19:40:00,2017-07-13 20:30:00,2017-07-13 20:40:00,2017-07-13 21:30:00
1847,train,1847,1852,1853,1858,2017-07-13 19:50:00,2017-07-13 20:40:00,2017-07-13 20:50:00,2017-07-13 21:40:00
1848,train,1848,1853,1854,1859,2017-07-13 20:00:00,2017-07-13 20:50:00,2017-07-13 21:00:00,2017-07-13 21:50:00
1849,train,1849,1854,1855,1860,2017-07-13 20:10:00,2017-07-13 21:00:00,2017-07-13 21:10:00,2017-07-13 22:00:00
1850,train,1850,1855,1856,1861,2017-07-13 20:20:00,2017-07-13 21:10:00,2017-07-13 21:20:00,2017-07-13 22:10:00
1851,train,1851,1856,1857,1862,2017-07-13 20:30:00,2017-07-13 21:20:00,2017-07-13 21:30:00,2017-07-13 22:20:00
1852,train,1852,1857,1858,1863,2017-07-13 20:40:00,2017-07-13 21:30:00,2017-07-13 21:40:00,2017-07-13 22:30:00
1853,train,1853,1858,1859,1864,2017-07-13 20:50:00,2017-07-13 21:40:00,2017-07-13 21:50:00,2017-07-13 22:40:00
1854,train,1854,1859,1860,1865,2017-07-13 21:00:00,2017-07-13 21:50:00,2017-07-13 22:00:00,2017-07-13 22:50:00
1855,train,1855,1860,1861,1866,2017-07-13 21:10:00,2017-07-13 22:00:00,2017-07-13 22:10:00,2017-07-13 23:00:00
1856,train,1856,1861,1862,1867,2017-07-13 21:20:00,2017-07-13 22:10:00,2017-07-13 22:20:00,2017-07-13 23:10:00
1857,train,1857,1862,1863,1868,2017-07-13 21:30:00,2017-07-13 22:20:00,2017-07-13 22:30:00,2017-07-13 23:20:00
1858,train,1858,1863,1864,1869,2017-07-13 21:40:00,2017-07-13 22:30:00,2017-07-13 22:40:00,2017-07-13 23:30:00
1859,train,1859,1864,1865,1870,2017-07-13 21:50:00,2017-07-13 22:40:00,2017-07-13 22:50:00,2017-07-13 23:40:00
1860,train,1860,1865,1866,1871,2017-07-13 22:00:00,2017-07-13 22:50:00,2017-07-13 23:00:00,2017-07-13 23:50:00
1861,train,1861,1866,1867,1872,2017-07-13 22:10:00,2017-07-13 23:00:00,2017-07-13 23:10:00,2017-07-14 00:00:00
1862,train,1862,1867,1868,1873,2017-07-13 22:20:00,2017-07-13 23:10:00,2017-07-13 23:20:00,2017-07-14 00:10:00
1863,train,1863,1868,1869,1874,2017-07-13 22:30:00,2017-07-13 23:20:00,2017-07-13 23:30:00,2017-07-14 00:20:00
1864,train,1864,1869,1870,1875,2017-07-13 22:40:00,2017-07-13 23:30:00,2017-07-13 23:40:00,2017-07-14 00:30:00
1865,train,1865,1870,1871,1876,2017-07-13 22:50:00,2017-07-13 23:40:00,2017-07-13 23:50:00,2017-07-14 00:40:00
1866,train,1866,1871,1872,1877,2017-07-13 23:00:00,2017-07-13 23:50:00,2017-07-14 00:00:00,2017-07-14 00:50:00
1867,train,1867,1872,1873,1878,2017-07-13 23:10:00,2017-07-14 00:00:00,2017-07-14 00:10:00,2017-07-14 01:00:00
1868,train,1868,1873,1874,1879,2017-07-13 23:20:00,2017-07-14 00:10:00,2017-07-14 00:20:00,2017-07-14 01:10:00
1869,train,1869,1874,1875,1880,2017-07-13 23:30:00,2017-07-14 00:20:00,2017-07-14 00:30:00,2017-07-14 01:20:00
1870,train,1870,1875,1876,1881,2017-07-13 23:40:00,2017-07-14 00:30:00,2017-07-14 00:40:00,2017-07-14 01:30:00
1871,train,1871,1876,1877,1882,2017-07-13 23:50:00,2017-07-14 00:40:00,2017-07-14 00:50:00,2017-07-14 01:40:00
1872,train,1872,1877,1878,1883,2017-07-14 00:00:00,2017-07-14 00:50:00,2017-07-14 01:00:00,2017-07-14 01:50:00
1873,train,1873,1878,1879,1884,2017-07-14 00:10:00,2017-07-14 01:00:00,2017-07-14 01:10:00,2017-07-14 02:00:00
1874,train,1874,1879,1880,1885,2017-07-14 00:20:00,2017-07-14 01:10:00,2017-07-14 01:20:00,2017-07-14 02:10:00
1875,train,1875,1880,1881,1886,2017-07-14 00:30:00,2017-07-14 01:20:00,2017-07-14 01:30:00,2017-07-14 02:20:00
1876,train,1876,1881,1882,1887,2017-07-14 00:40:00,2017-07-14 01:30:00,2017-07-14 01:40:00,2017-07-14 02:30:00
1877,train,1877,1882,1883,1888,2017-07-14 00:50:00,2017-07-14 01:40:00,2017-07-14 01:50:00,2017-07-14 02:40:00
1878,train,1878,1883,1884,1889,2017-07-14 01:00:00,2017-07-14 01:50:00,2017-07-14 02:00:00,2017-07-14 02:50:00
1879,train,1879,1884,1885,1890,2017-07-14 01:10:00,2017-07-14 02:00:00,2017-07-14 02:10:00,2017-07-14 03:00:00
1880,train,1880,1885,1886,1891,2017-07-14 01:20:00,2017-07-14 02:10:00,2017-07-14 02:20:00,2017-07-14 03:10:00
1881,train,1881,1886,1887,1892,2017-07-14 01:30:00,2017-07-14 02:20:00,2017-07-14 02:30:00,2017-07-14 03:20:00
1882,train,1882,1887,1888,1893,2017-07-14 01:40:00,2017-07-14 02:30:00,2017-07-14 02:40:00,2017-07-14 03:30:00
1883,train,1883,1888,1889,1894,2017-07-14 01:50:00,2017-07-14 02:40:00,2017-07-14 02:50:00,2017-07-14 03:40:00
1884,train,1884,1889,1890,1895,2017-07-14 02:00:00,2017-07-14 02:50:00,2017-07-14 03:00:00,2017-07-14 03:50:00
1885,train,1885,1890,1891,1896,2017-07-14 02:10:00,2017-07-14 03:00:00,2017-07-14 03:10:00,2017-07-14 04:00:00
1886,train,1886,1891,1892,1897,2017-07-14 02:20:00,2017-07-14 03:10:00,2017-07-14 03:20:00,2017-07-14 04:10:00
1887,train,1887,1892,1893,1898,2017-07-14 02:30:00,2017-07-14 03:20:00,2017-07-14 03:30:00,2017-07-14 04:20:00
1888,train,1888,1893,1894,1899,2017-07-14 02:40:00,2017-07-14 03:30:00,2017-07-14 03:40:00,2017-07-14 04:30:00
1889,train,1889,1894,1895,1900,2017-07-14 02:50:00,2017-07-14 03:40:00,2017-07-14 03:50:00,2017-07-14 04:40:00
1890,train,1890,1895,1896,1901,2017-07-14 03:00:00,2017-07-14 03:50:00,2017-07-14 04:00:00,2017-07-14 04:50:00
1891,train,1891,1896,1897,1902,2017-07-14 03:10:00,2017-07-14 04:00:00,2017-07-14 04:10:00,2017-07-14 05:00:00
1892,train,1892,1897,1898,1903,2017-07-14 03:20:00,2017-07-14 04:10:00,2017-07-14 04:20:00,2017-07-14 05:10:00
1893,train,1893,1898,1899,1904,2017-07-14 03:30:00,2017-07-14 04:20:00,2017-07-14 04:30:00,2017-07-14 05:20:00
1894,train,1894,1899,1900,1905,2017-07-14 03:40:00,2017-07-14 04:30:00,2017-07-14 04:40:00,2017-07-14 05:30:00
1895,train,1895,1900,1901,1906,2017-07-14 03:50:00,2017-07-14 04:40:00,2017-07-14 04:50:00,2017-07-14 05:40:00
1896,train,1896,1901,1902,1907,2017-07-14 04:00:00,2017-07-14 04:50:00,2017-07-14 05:00:00,2017-07-14 05:50:00
1897,train,1897,1902,1903,1908,2017-07-14 04:10:00,2017-07-14 05:00:00,2017-07-14 05:10:00,2017-07-14 06:00:00
1898,train,1898,1903,1904,1909,2017-07-14 04:20:00,2017-07-14 05:10:00,2017-07-14 05:20:00,2017-07-14 06:10:00
1899,train,1899,1904,1905,1910,2017-07-14 04:30:00,2017-07-14 05:20:00,2017-07-14 05:30:00,2017-07-14 06:20:00
1900,train,1900,1905,1906,1911,2017-07-14 04:40:00,2017-07-14 05:30:00,2017-07-14 05:40:00,2017-07-14 06:30:00
1901,train,1901,1906,1907,1912,2017-07-14 04:50:00,2017-07-14 05:40:00,2017-07-14 05:50:00,2017-07-14 06:40:00
1902,train,1902,1907,1908,1913,2017-07-14 05:00:00,2017-07-14 05:50:00,2017-07-14 06:00:00,2017-07-14 06:50:00
1903,train,1903,1908,1909,1914,2017-07-14 05:10:00,2017-07-14 06:00:00,2017-07-14 06:10:00,2017-07-14 07:00:00
1904,train,1904,1909,1910,1915,2017-07-14 05:20:00,2017-07-14 06:10:00,2017-07-14 06:20:00,2017-07-14 07:10:00
1905,train,1905,1910,1911,1916,2017-07-14 05:30:00,2017-07-14 06:20:00,2017-07-14 06:30:00,2017-07-14 07:20:00
1906,train,1906,1911,1912,1917,2017-07-14 05:40:00,2017-07-14 06:30:00,2017-07-14 06:40:00,2017-07-14 07:30:00
1907,train,1907,1912,1913,1918,2017-07-14 05:50:00,2017-07-14 06:40:00,2017-07-14 06:50:00,2017-07-14 07:40:00
1908,train,1908,1913,1914,1919,2017-07-14 06:00:00,2017-07-14 06:50:00,2017-07-14 07:00:00,2017-07-14 07:50:00
1909,train,1909,1914,1915,1920,2017-07-14 06:10:00,2017-07-14 07:00:00,2017-07-14 07:10:00,2017-07-14 08:00:00
1910,train,1910,1915,1916,1921,2017-07-14 06:20:00,2017-07-14 07:10:00,2017-07-14 07:20:00,2017-07-14 08:10:00
1911,train,1911,1916,1917,1922,2017-07-14 06:30:00,2017-07-14 07:20:00,2017-07-14 07:30:00,2017-07-14 08:20:00
1912,train,1912,1917,1918,1923,2017-07-14 06:40:00,2017-07-14 07:30:00,2017-07-14 07:40:00,2017-07-14 08:30:00
1913,train,1913,1918,1919,1924,2017-07-14 06:50:00,2017-07-14 07:40:00,2017-07-14 07:50:00,2017-07-14 08:40:00
1914,train,1914,1919,1920,1925,2017-07-14 07:00:00,2017-07-14 07:50:00,2017-07-14 08:00:00,2017-07-14 08:50:00
1915,train,1915,1920,1921,1926,2017-07-14 07:10:00,2017-07-14 08:00:00,2017-07-14 08:10:00,2017-07-14 09:00:00
1916,train,1916,1921,1922,1927,2017-07-14 07:20:00,2017-07-14 08:10:00,2017-07-14 08:20:00,2017-07-14 09:10:00
1917,train,1917,1922,1923,1928,2017-07-14 07:30:00,2017-07-14 08:20:00,2017-07-14 08:30:00,2017-07-14 09:20:00
1918,train,1918,1923,1924,1929,2017-07-14 07:40:00,2017-07-14 08:30:00,2017-07-14 08:40:00,2017-07-14 09:30:00
1919,train,1919,1924,1925,1930,2017-07-14 07:50:00,2017-07-14 08:40:00,2017-07-14 08:50:00,2017-07-14 09:40:00
1920,train,1920,1925,1926,1931,2017-07-14 08:00:00,2017-07-14 08:50:00,2017-07-14 09:00:00,2017-07-14 09:50:00
1921,train,1921,1926,1927,1932,2017-07-14 08:10:00,2017-07-14 09:00:00,2017-07-14 09:10:00,2017-07-14 10:00:00
1922,train,1922,1927,1928,1933,2017-07-14 08:20:00,2017-07-14 09:10:00,2017-07-14 09:20:00,2017-07-14 10:10:00
1923,train,1923,1928,1929,1934,2017-07-14 08:30:00,2017-07-14 09:20:00,2017-07-14 09:30:00,2017-07-14 10:20:00
1924,train,1924,1929,1930,1935,2017-07-14 08:40:00,2017-07-14 09:30:00,2017-07-14 09:40:00,2017-07-14 10:30:00
1925,train,1925,1930,1931,1936,2017-07-14 08:50:00,2017-07-14 09:40:00,2017-07-14 09:50:00,2017-07-14 10:40:00
1926,train,1926,1931,1932,1937,2017-07-14 09:00:00,2017-07-14 09:50:00,2017-07-14 10:00:00,2017-07-14 10:50:00
1927,train,1927,1932,1933,1938,2017-07-14 09:10:00,2017-07-14 10:00:00,2017-07-14 10:10:00,2017-07-14 11:00:00
1928,train,1928,1933,1934,1939,2017-07-14 09:20:00,2017-07-14 10:10:00,2017-07-14 10:20:00,2017-07-14 11:10:00
1929,train,1929,1934,1935,1940,2017-07-14 09:30:00,2017-07-14 10:20:00,2017-07-14 10:30:00,2017-07-14 11:20:00
1930,train,1930,1935,1936,1941,2017-07-14 09:40:00,2017-07-14 10:30:00,2017-07-14 10:40:00,2017-07-14 11:30:00
1931,train,1931,1936,1937,1942,2017-07-14 09:50:00,2017-07-14 10:40:00,2017-07-14 10:50:00,2017-07-14 11:40:00
1932,train,1932,1937,1938,1943,2017-07-14 10:00:00,2017-07-14 10:50:00,2017-07-14 11:00:00,2017-07-14 11:50:00
1933,train,1933,1938,1939,1944,2017-07-14 10:10:00,2017-07-14 11:00:00,2017-07-14 11:10:00,2017-07-14 12:00:00
1934,train,1934,1939,1940,1945,2017-07-14 10:20:00,2017-07-14 11:10:00,2017-07-14 11:20:00,2017-07-14 12:10:00
1935,train,1935,1940,1941,1946,2017-07-14 10:30:00,2017-07-14 11:20:00,2017-07-14 11:30:00,2017-07-14 12:20:00
1936,train,1936,1941,1942,1947,2017-07-14 10:40:00,2017-07-14 11:30:00,2017-07-14 11:40:00,2017-07-14 12:30:00
1937,train,1937,1942,1943,1948,2017-07-14 10:50:00,2017-07-14 11:40:00,2017-07-14 11:50:00,2017-07-14 12:40:00
1938,train,1938,1943,1944,1949,2017-07-14 11:00:00,2017-07-14 11:50:00,2017-07-14 12:00:00,2017-07-14 12:50:00
1939,train,1939,1944,1945,1950,2017-07-14 11:10:00,2017-07-14 12:00:00,2017-07-14 12:10:00,2017-07-14 13:00:00
1940,train,1940,1945,1946,1951,2017-07-14 11:20:00,2017-07-14 12:10:00,2017-07-14 12:20:00,2017-07-14 13:10:00
1941,train,1941,1946,1947,1952,2017-07-14 11:30:00,2017-07-14 12:20:00,2017-07-14 12:30:00,2017-07-14 13:20:00
1942,train,1942,1947,1948,1953,2017-07-14 11:40:00,2017-07-14 12:30:00,2017-07-14 12:40:00,2017-07-14 13:30:00
1943,train,1943,1948,1949,1954,2017-07-14 11:50:00,2017-07-14 12:40:00,2017-07-14 12:50:00,2017-07-14 13:40:00
1944,train,1944,1949,1950,1955,2017-07-14 12:00:00,2017-07-14 12:50:00,2017-07-14 13:00:00,2017-07-14 13:50:00
1945,train,1945,1950,1951,1956,2017-07-14 12:10:00,2017-07-14 13:00:00,2017-07-14 13:10:00,2017-07-14 14:00:00
1946,train,1946,1951,1952,1957,2017-07-14 12:20:00,2017-07-14 13:10:00,2017-07-14 13:20:00,2017-07-14 14:10:00
1947,train,1947,1952,1953,1958,2017-07-14 12:30:00,2017-07-14 13:20:00,2017-07-14 13:30:00,2017-07-14 14:20:00
1948,train,1948,1953,1954,1959,2017-07-14 12:40:00,2017-07-14 13:30:00,2017-07-14 13:40:00,2017-07-14 14:30:00
1949,train,1949,1954,1955,1960,2017-07-14 12:50:00,2017-07-14 13:40:00,2017-07-14 13:50:00,2017-07-14 14:40:00
1950,train,1950,1955,1956,1961,2017-07-14 13:00:00,2017-07-14 13:50:00,2017-07-14 14:00:00,2017-07-14 14:50:00
1951,train,1951,1956,1957,1962,2017-07-14 13:10:00,2017-07-14 14:00:00,2017-07-14 14:10:00,2017-07-14 15:00:00
1952,train,1952,1957,1958,1963,2017-07-14 13:20:00,2017-07-14 14:10:00,2017-07-14 14:20:00,2017-07-14 15:10:00
1953,train,1953,1958,1959,1964,2017-07-14 13:30:00,2017-07-14 14:20:00,2017-07-14 14:30:00,2017-07-14 15:20:00
1954,train,1954,1959,1960,1965,2017-07-14 13:40:00,2017-07-14 14:30:00,2017-07-14 14:40:00,2017-07-14 15:30:00
1955,train,1955,1960,1961,1966,2017-07-14 13:50:00,2017-07-14 14:40:00,2017-07-14 14:50:00,2017-07-14 15:40:00
1956,train,1956,1961,1962,1967,2017-07-14 14:00:00,2017-07-14 14:50:00,2017-07-14 15:00:00,2017-07-14 15:50:00
1957,train,1957,1962,1963,1968,2017-07-14 14:10:00,2017-07-14 15:00:00,2017-07-14 15:10:00,2017-07-14 16:00:00
1958,train,1958,1963,1964,1969,2017-07-14 14:20:00,2017-07-14 15:10:00,2017-07-14 15:20:00,2017-07-14 16:10:00
1959,train,1959,1964,1965,1970,2017-07-14 14:30:00,2017-07-14 15:20:00,2017-07-14 15:30:00,2017-07-14 16:20:00
1960,train,1960,1965,1966,1971,2017-07-14 14:40:00,2017-07-14 15:30:00,2017-07-14 15:40:00,2017-07-14 16:30:00
1961,train,1961,1966,1967,1972,2017-07-14 14:50:00,2017-07-14 15:40:00,2017-07-14 15:50:00,2017-07-14 16:40:00
1962,train,1962,1967,1968,1973,2017-07-14 15:00:00,2017-07-14 15:50:00,2017-07-14 16:00:00,2017-07-14 16:50:00
1963,train,1963,1968,1969,1974,2017-07-14 15:10:00,2017-07-14 16:00:00,2017-07-14 16:10:00,2017-07-14 17:00:00
1964,train,1964,1969,1970,1975,2017-07-14 15:20:00,2017-07-14 16:10:00,2017-07-14 16:20:00,2017-07-14 17:10:00
1965,train,1965,1970,1971,1976,2017-07-14 15:30:00,2017-07-14 16:20:00,2017-07-14 16:30:00,2017-07-14 17:20:00
1966,train,1966,1971,1972,1977,2017-07-14 15:40:00,2017-07-14 16:30:00,2017-07-14 16:40:00,2017-07-14 17:30:00
1967,train,1967,1972,1973,1978,2017-07-14 15:50:00,2017-07-14 16:40:00,2017-07-14 16:50:00,2017-07-14 17:40:00
1968,train,1968,1973,1974,1979,2017-07-14 16:00:00,2017-07-14 16:50:00,2017-07-14 17:00:00,2017-07-14 17:50:00
1969,train,1969,1974,1975,1980,2017-07-14 16:10:00,2017-07-14 17:00:00,2017-07-14 17:10:00,2017-07-14 18:00:00
1970,train,1970,1975,1976,1981,2017-07-14 16:20:00,2017-07-14 17:10:00,2017-07-14 17:20:00,2017-07-14 18:10:00
1971,train,1971,1976,1977,1982,2017-07-14 16:30:00,2017-07-14 17:20:00,2017-07-14 17:30:00,2017-07-14 18:20:00
1972,train,1972,1977,1978,1983,2017-07-14 16:40:00,2017-07-14 17:30:00,2017-07-14 17:40:00,2017-07-14 18:30:00
1973,train,1973,1978,1979,1984,2017-07-14 16:50:00,2017-07-14 17:40:00,2017-07-14 17:50:00,2017-07-14 18:40:00
1974,train,1974,1979,1980,1985,2017-07-14 17:00:00,2017-07-14 17:50:00,2017-07-14 18:00:00,2017-07-14 18:50:00
1975,train,1975,1980,1981,1986,2017-07-14 17:10:00,2017-07-14 18:00:00,2017-07-14 18:10:00,2017-07-14 19:00:00
1976,train,1976,1981,1982,1987,2017-07-14 17:20:00,2017-07-14 18:10:00,2017-07-14 18:20:00,2017-07-14 19:10:00
1977,train,1977,1982,1983,1988,2017-07-14 17:30:00,2017-07-14 18:20:00,2017-07-14 18:30:00,2017-07-14 19:20:00
1978,train,1978,1983,1984,1989,2017-07-14 17:40:00,2017-07-14 18:30:00,2017-07-14 18:40:00,2017-07-14 19:30:00
1979,train,1979,1984,1985,1990,2017-07-14 17:50:00,2017-07-14 18:40:00,2017-07-14 18:50:00,2017-07-14 19:40:00
1980,train,1980,1985,1986,1991,2017-07-14 18:00:00,2017-07-14 18:50:00,2017-07-14 19:00:00,2017-07-14 19:50:00
1981,train,1981,1986,1987,1992,2017-07-14 18:10:00,2017-07-14 19:00:00,2017-07-14 19:10:00,2017-07-14 20:00:00
1982,train,1982,1987,1988,1993,2017-07-14 18:20:00,2017-07-14 19:10:00,2017-07-14 19:20:00,2017-07-14 20:10:00
1983,train,1983,1988,1989,1994,2017-07-14 18:30:00,2017-07-14 19:20:00,2017-07-14 19:30:00,2017-07-14 20:20:00
1984,train,1984,1989,1990,1995,2017-07-14 18:40:00,2017-07-14 19:30:00,2017-07-14 19:40:00,2017-07-14 20:30:00
1985,train,1985,1990,1991,1996,2017-07-14 18:50:00,2017-07-14 19:40:00,2017-07-14 19:50:00,2017-07-14 20:40:00
1986,train,1986,1991,1992,1997,2017-07-14 19:00:00,2017-07-14 19:50:00,2017-07-14 20:00:00,2017-07-14 20:50:00
1987,train,1987,1992,1993,1998,2017-07-14 19:10:00,2017-07-14 20:00:00,2017-07-14 20:10:00,2017-07-14 21:00:00
1988,train,1988,1993,1994,1999,2017-07-14 19:20:00,2017-07-14 20:10:00,2017-07-14 20:20:00,2017-07-14 21:10:00
1989,train,1989,1994,1995,2000,2017-07-14 19:30:00,2017-07-14 20:20:00,2017-07-14 20:30:00,2017-07-14 21:20:00
1990,train,1990,1995,1996,2001,2017-07-14 19:40:00,2017-07-14 20:30:00,2017-07-14 20:40:00,2017-07-14 21:30:00
1991,train,1991,1996,1997,2002,2017-07-14 19:50:00,2017-07-14 20:40:00,2017-07-14 20:50:00,2017-07-14 21:40:00
1992,train,1992,1997,1998,2003,2017-07-14 20:00:00,2017-07-14 20:50:00,2017-07-14 21:00:00,2017-07-14 21:50:00
1993,train,1993,1998,1999,2004,2017-07-14 20:10:00,2017-07-14 21:00:00,2017-07-14 21:10:00,2017-07-14 22:00:00
1994,train,1994,1999,2000,2005,2017-07-14 20:20:00,2017-07-14 21:10:00,2017-07-14 21:20:00,2017-07-14 22:10:00
1995,train,1995,2000,2001,2006,2017-07-14 20:30:00,2017-07-14 21:20:00,2017-07-14 21:30:00,2017-07-14 22:20:00
1996,train,1996,2001,2002,2007,2017-07-14 20:40:00,2017-07-14 21:30:00,2017-07-14 21:40:00,2017-07-14 22:30:00
1997,train,1997,2002,2003,2008,2017-07-14 20:50:00,2017-07-14 21:40:00,2017-07-14 21:50:00,2017-07-14 22:40:00
1998,train,1998,2003,2004,2009,2017-07-14 21:00:00,2017-07-14 21:50:00,2017-07-14 22:00:00,2017-07-14 22:50:00
1999,train,1999,2004,2005,2010,2017-07-14 21:10:00,2017-07-14 22:00:00,2017-07-14 22:10:00,2017-07-14 23:00:00
2000,train,2000,2005,2006,2011,2017-07-14 21:20:00,2017-07-14 22:10:00,2017-07-14 22:20:00,2017-07-14 23:10:00
2001,train,2001,2006,2007,2012,2017-07-14 21:30:00,2017-07-14 22:20:00,2017-07-14 22:30:00,2017-07-14 23:20:00
2002,train,2002,2007,2008,2013,2017-07-14 21:40:00,2017-07-14 22:30:00,2017-07-14 22:40:00,2017-07-14 23:30:00
2003,train,2003,2008,2009,2014,2017-07-14 21:50:00,2017-07-14 22:40:00,2017-07-14 22:50:00,2017-07-14 23:40:00
2004,train,2004,2009,2010,2015,2017-07-14 22:00:00,2017-07-14 22:50:00,2017-07-14 23:00:00,2017-07-14 23:50:00
2005,train,2005,2010,2011,2016,2017-07-14 22:10:00,2017-07-14 23:00:00,2017-07-14 23:10:00,2017-07-15 00:00:00
2006,train,2006,2011,2012,2017,2017-07-14 22:20:00,2017-07-14 23:10:00,2017-07-14 23:20:00,2017-07-15 00:10:00
2007,train,2007,2012,2013,2018,2017-07-14 22:30:00,2017-07-14 23:20:00,2017-07-14 23:30:00,2017-07-15 00:20:00
2008,train,2008,2013,2014,2019,2017-07-14 22:40:00,2017-07-14 23:30:00,2017-07-14 23:40:00,2017-07-15 00:30:00
2009,train,2009,2014,2015,2020,2017-07-14 22:50:00,2017-07-14 23:40:00,2017-07-14 23:50:00,2017-07-15 00:40:00
2010,train,2010,2015,2016,2021,2017-07-14 23:00:00,2017-07-14 23:50:00,2017-07-15 00:00:00,2017-07-15 00:50:00
2011,train,2011,2016,2017,2022,2017-07-14 23:10:00,2017-07-15 00:00:00,2017-07-15 00:10:00,2017-07-15 01:00:00
2012,train,2012,2017,2018,2023,2017-07-14 23:20:00,2017-07-15 00:10:00,2017-07-15 00:20:00,2017-07-15 01:10:00
2013,train,2013,2018,2019,2024,2017-07-14 23:30:00,2017-07-15 00:20:00,2017-07-15 00:30:00,2017-07-15 01:20:00
2014,train,2014,2019,2020,2025,2017-07-14 23:40:00,2017-07-15 00:30:00,2017-07-15 00:40:00,2017-07-15 01:30:00
2015,train,2015,2020,2021,2026,2017-07-14 23:50:00,2017-07-15 00:40:00,2017-07-15 00:50:00,2017-07-15 01:40:00
2016,train,2016,2021,2022,2027,2017-07-15 00:00:00,2017-07-15 00:50:00,2017-07-15 01:00:00,2017-07-15 01:50:00
2017,train,2017,2022,2023,2028,2017-07-15 00:10:00,2017-07-15 01:00:00,2017-07-15 01:10:00,2017-07-15 02:00:00
2018,train,2018,2023,2024,2029,2017-07-15 00:20:00,2017-07-15 01:10:00,2017-07-15 01:20:00,2017-07-15 02:10:00
2019,train,2019,2024,2025,2030,2017-07-15 00:30:00,2017-07-15 01:20:00,2017-07-15 01:30:00,2017-07-15 02:20:00
2020,train,2020,2025,2026,2031,2017-07-15 00:40:00,2017-07-15 01:30:00,2017-07-15 01:40:00,2017-07-15 02:30:00
2021,train,2021,2026,2027,2032,2017-07-15 00:50:00,2017-07-15 01:40:00,2017-07-15 01:50:00,2017-07-15 02:40:00
2022,train,2022,2027,2028,2033,2017-07-15 01:00:00,2017-07-15 01:50:00,2017-07-15 02:00:00,2017-07-15 02:50:00
2023,train,2023,2028,2029,2034,2017-07-15 01:10:00,2017-07-15 02:00:00,2017-07-15 02:10:00,2017-07-15 03:00:00
2024,train,2024,2029,2030,2035,2017-07-15 01:20:00,2017-07-15 02:10:00,2017-07-15 02:20:00,2017-07-15 03:10:00
2025,train,2025,2030,2031,2036,2017-07-15 01:30:00,2017-07-15 02:20:00,2017-07-15 02:30:00,2017-07-15 03:20:00
2026,train,2026,2031,2032,2037,2017-07-15 01:40:00,2017-07-15 02:30:00,2017-07-15 02:40:00,2017-07-15 03:30:00
2027,train,2027,2032,2033,2038,2017-07-15 01:50:00,2017-07-15 02:40:00,2017-07-15 02:50:00,2017-07-15 03:40:00
2028,train,2028,2033,2034,2039,2017-07-15 02:00:00,2017-07-15 02:50:00,2017-07-15 03:00:00,2017-07-15 03:50:00
2029,train,2029,2034,2035,2040,2017-07-15 02:10:00,2017-07-15 03:00:00,2017-07-15 03:10:00,2017-07-15 04:00:00
2030,train,2030,2035,2036,2041,2017-07-15 02:20:00,2017-07-15 03:10:00,2017-07-15 03:20:00,2017-07-15 04:10:00
2031,train,2031,2036,2037,2042,2017-07-15 02:30:00,2017-07-15 03:20:00,2017-07-15 03:30:00,2017-07-15 04:20:00
2032,train,2032,2037,2038,2043,2017-07-15 02:40:00,2017-07-15 03:30:00,2017-07-15 03:40:00,2017-07-15 04:30:00
2033,train,2033,2038,2039,2044,2017-07-15 02:50:00,2017-07-15 03:40:00,2017-07-15 03:50:00,2017-07-15 04:40:00
2034,train,2034,2039,2040,2045,2017-07-15 03:00:00,2017-07-15 03:50:00,2017-07-15 04:00:00,2017-07-15 04:50:00
2035,train,2035,2040,2041,2046,2017-07-15 03:10:00,2017-07-15 04:00:00,2017-07-15 04:10:00,2017-07-15 05:00:00
2036,train,2036,2041,2042,2047,2017-07-15 03:20:00,2017-07-15 04:10:00,2017-07-15 04:20:00,2017-07-15 05:10:00
2037,train,2037,2042,2043,2048,2017-07-15 03:30:00,2017-07-15 04:20:00,2017-07-15 04:30:00,2017-07-15 05:20:00
2038,train,2038,2043,2044,2049,2017-07-15 03:40:00,2017-07-15 04:30:00,2017-07-15 04:40:00,2017-07-15 05:30:00
2039,train,2039,2044,2045,2050,2017-07-15 03:50:00,2017-07-15 04:40:00,2017-07-15 04:50:00,2017-07-15 05:40:00
2040,train,2040,2045,2046,2051,2017-07-15 04:00:00,2017-07-15 04:50:00,2017-07-15 05:00:00,2017-07-15 05:50:00
2041,train,2041,2046,2047,2052,2017-07-15 04:10:00,2017-07-15 05:00:00,2017-07-15 05:10:00,2017-07-15 06:00:00
2042,train,2042,2047,2048,2053,2017-07-15 04:20:00,2017-07-15 05:10:00,2017-07-15 05:20:00,2017-07-15 06:10:00
2043,train,2043,2048,2049,2054,2017-07-15 04:30:00,2017-07-15 05:20:00,2017-07-15 05:30:00,2017-07-15 06:20:00
2044,train,2044,2049,2050,2055,2017-07-15 04:40:00,2017-07-15 05:30:00,2017-07-15 05:40:00,2017-07-15 06:30:00
2045,train,2045,2050,2051,2056,2017-07-15 04:50:00,2017-07-15 05:40:00,2017-07-15 05:50:00,2017-07-15 06:40:00
2046,train,2046,2051,2052,2057,2017-07-15 05:00:00,2017-07-15 05:50:00,2017-07-15 06:00:00,2017-07-15 06:50:00
2047,train,2047,2052,2053,2058,2017-07-15 05:10:00,2017-07-15 06:00:00,2017-07-15 06:10:00,2017-07-15 07:00:00
2048,train,2048,2053,2054,2059,2017-07-15 05:20:00,2017-07-15 06:10:00,2017-07-15 06:20:00,2017-07-15 07:10:00
2049,train,2049,2054,2055,2060,2017-07-15 05:30:00,2017-07-15 06:20:00,2017-07-15 06:30:00,2017-07-15 07:20:00
2050,train,2050,2055,2056,2061,2017-07-15 05:40:00,2017-07-15 06:30:00,2017-07-15 06:40:00,2017-07-15 07:30:00
2051,train,2051,2056,2057,2062,2017-07-15 05:50:00,2017-07-15 06:40:00,2017-07-15 06:50:00,2017-07-15 07:40:00
2052,train,2052,2057,2058,2063,2017-07-15 06:00:00,2017-07-15 06:50:00,2017-07-15 07:00:00,2017-07-15 07:50:00
2053,train,2053,2058,2059,2064,2017-07-15 06:10:00,2017-07-15 07:00:00,2017-07-15 07:10:00,2017-07-15 08:00:00
2054,train,2054,2059,2060,2065,2017-07-15 06:20:00,2017-07-15 07:10:00,2017-07-15 07:20:00,2017-07-15 08:10:00
2055,train,2055,2060,2061,2066,2017-07-15 06:30:00,2017-07-15 07:20:00,2017-07-15 07:30:00,2017-07-15 08:20:00
2056,train,2056,2061,2062,2067,2017-07-15 06:40:00,2017-07-15 07:30:00,2017-07-15 07:40:00,2017-07-15 08:30:00
2057,train,2057,2062,2063,2068,2017-07-15 06:50:00,2017-07-15 07:40:00,2017-07-15 07:50:00,2017-07-15 08:40:00
2058,train,2058,2063,2064,2069,2017-07-15 07:00:00,2017-07-15 07:50:00,2017-07-15 08:00:00,2017-07-15 08:50:00
2059,train,2059,2064,2065,2070,2017-07-15 07:10:00,2017-07-15 08:00:00,2017-07-15 08:10:00,2017-07-15 09:00:00
2060,train,2060,2065,2066,2071,2017-07-15 07:20:00,2017-07-15 08:10:00,2017-07-15 08:20:00,2017-07-15 09:10:00
2061,train,2061,2066,2067,2072,2017-07-15 07:30:00,2017-07-15 08:20:00,2017-07-15 08:30:00,2017-07-15 09:20:00
2062,train,2062,2067,2068,2073,2017-07-15 07:40:00,2017-07-15 08:30:00,2017-07-15 08:40:00,2017-07-15 09:30:00
2063,train,2063,2068,2069,2074,2017-07-15 07:50:00,2017-07-15 08:40:00,2017-07-15 08:50:00,2017-07-15 09:40:00
2064,train,2064,2069,2070,2075,2017-07-15 08:00:00,2017-07-15 08:50:00,2017-07-15 09:00:00,2017-07-15 09:50:00
2065,train,2065,2070,2071,2076,2017-07-15 08:10:00,2017-07-15 09:00:00,2017-07-15 09:10:00,2017-07-15 10:00:00
2066,train,2066,2071,2072,2077,2017-07-15 08:20:00,2017-07-15 09:10:00,2017-07-15 09:20:00,2017-07-15 10:10:00
2067,train,2067,2072,2073,2078,2017-07-15 08:30:00,2017-07-15 09:20:00,2017-07-15 09:30:00,2017-07-15 10:20:00
2068,train,2068,2073,2074,2079,2017-07-15 08:40:00,2017-07-15 09:30:00,2017-07-15 09:40:00,2017-07-15 10:30:00
2069,train,2069,2074,2075,2080,2017-07-15 08:50:00,2017-07-15 09:40:00,2017-07-15 09:50:00,2017-07-15 10:40:00
2070,train,2070,2075,2076,2081,2017-07-15 09:00:00,2017-07-15 09:50:00,2017-07-15 10:00:00,2017-07-15 10:50:00
2071,train,2071,2076,2077,2082,2017-07-15 09:10:00,2017-07-15 10:00:00,2017-07-15 10:10:00,2017-07-15 11:00:00
2072,train,2072,2077,2078,2083,2017-07-15 09:20:00,2017-07-15 10:10:00,2017-07-15 10:20:00,2017-07-15 11:10:00
2073,train,2073,2078,2079,2084,2017-07-15 09:30:00,2017-07-15 10:20:00,2017-07-15 10:30:00,2017-07-15 11:20:00
2074,train,2074,2079,2080,2085,2017-07-15 09:40:00,2017-07-15 10:30:00,2017-07-15 10:40:00,2017-07-15 11:30:00
2075,train,2075,2080,2081,2086,2017-07-15 09:50:00,2017-07-15 10:40:00,2017-07-15 10:50:00,2017-07-15 11:40:00
2076,train,2076,2081,2082,2087,2017-07-15 10:00:00,2017-07-15 10:50:00,2017-07-15 11:00:00,2017-07-15 11:50:00
2077,train,2077,2082,2083,2088,2017-07-15 10:10:00,2017-07-15 11:00:00,2017-07-15 11:10:00,2017-07-15 12:00:00
2078,train,2078,2083,2084,2089,2017-07-15 10:20:00,2017-07-15 11:10:00,2017-07-15 11:20:00,2017-07-15 12:10:00
2079,train,2079,2084,2085,2090,2017-07-15 10:30:00,2017-07-15 11:20:00,2017-07-15 11:30:00,2017-07-15 12:20:00
2080,train,2080,2085,2086,2091,2017-07-15 10:40:00,2017-07-15 11:30:00,2017-07-15 11:40:00,2017-07-15 12:30:00
2081,train,2081,2086,2087,2092,2017-07-15 10:50:00,2017-07-15 11:40:00,2017-07-15 11:50:00,2017-07-15 12:40:00
2082,train,2082,2087,2088,2093,2017-07-15 11:00:00,2017-07-15 11:50:00,2017-07-15 12:00:00,2017-07-15 12:50:00
2083,train,2083,2088,2089,2094,2017-07-15 11:10:00,2017-07-15 12:00:00,2017-07-15 12:10:00,2017-07-15 13:00:00
2084,train,2084,2089,2090,2095,2017-07-15 11:20:00,2017-07-15 12:10:00,2017-07-15 12:20:00,2017-07-15 13:10:00
2085,train,2085,2090,2091,2096,2017-07-15 11:30:00,2017-07-15 12:20:00,2017-07-15 12:30:00,2017-07-15 13:20:00
2086,train,2086,2091,2092,2097,2017-07-15 11:40:00,2017-07-15 12:30:00,2017-07-15 12:40:00,2017-07-15 13:30:00
2087,train,2087,2092,2093,2098,2017-07-15 11:50:00,2017-07-15 12:40:00,2017-07-15 12:50:00,2017-07-15 13:40:00
2088,train,2088,2093,2094,2099,2017-07-15 12:00:00,2017-07-15 12:50:00,2017-07-15 13:00:00,2017-07-15 13:50:00
2089,train,2089,2094,2095,2100,2017-07-15 12:10:00,2017-07-15 13:00:00,2017-07-15 13:10:00,2017-07-15 14:00:00
2090,train,2090,2095,2096,2101,2017-07-15 12:20:00,2017-07-15 13:10:00,2017-07-15 13:20:00,2017-07-15 14:10:00
2091,train,2091,2096,2097,2102,2017-07-15 12:30:00,2017-07-15 13:20:00,2017-07-15 13:30:00,2017-07-15 14:20:00
2092,train,2092,2097,2098,2103,2017-07-15 12:40:00,2017-07-15 13:30:00,2017-07-15 13:40:00,2017-07-15 14:30:00
2093,train,2093,2098,2099,2104,2017-07-15 12:50:00,2017-07-15 13:40:00,2017-07-15 13:50:00,2017-07-15 14:40:00
2094,train,2094,2099,2100,2105,2017-07-15 13:00:00,2017-07-15 13:50:00,2017-07-15 14:00:00,2017-07-15 14:50:00
2095,train,2095,2100,2101,2106,2017-07-15 13:10:00,2017-07-15 14:00:00,2017-07-15 14:10:00,2017-07-15 15:00:00
2096,train,2096,2101,2102,2107,2017-07-15 13:20:00,2017-07-15 14:10:00,2017-07-15 14:20:00,2017-07-15 15:10:00
2097,train,2097,2102,2103,2108,2017-07-15 13:30:00,2017-07-15 14:20:00,2017-07-15 14:30:00,2017-07-15 15:20:00
2098,train,2098,2103,2104,2109,2017-07-15 13:40:00,2017-07-15 14:30:00,2017-07-15 14:40:00,2017-07-15 15:30:00
2099,train,2099,2104,2105,2110,2017-07-15 13:50:00,2017-07-15 14:40:00,2017-07-15 14:50:00,2017-07-15 15:40:00
2100,train,2100,2105,2106,2111,2017-07-15 14:00:00,2017-07-15 14:50:00,2017-07-15 15:00:00,2017-07-15 15:50:00
2101,train,2101,2106,2107,2112,2017-07-15 14:10:00,2017-07-15 15:00:00,2017-07-15 15:10:00,2017-07-15 16:00:00
2102,train,2102,2107,2108,2113,2017-07-15 14:20:00,2017-07-15 15:10:00,2017-07-15 15:20:00,2017-07-15 16:10:00
2103,train,2103,2108,2109,2114,2017-07-15 14:30:00,2017-07-15 15:20:00,2017-07-15 15:30:00,2017-07-15 16:20:00
2104,train,2104,2109,2110,2115,2017-07-15 14:40:00,2017-07-15 15:30:00,2017-07-15 15:40:00,2017-07-15 16:30:00
2105,train,2105,2110,2111,2116,2017-07-15 14:50:00,2017-07-15 15:40:00,2017-07-15 15:50:00,2017-07-15 16:40:00
2106,train,2106,2111,2112,2117,2017-07-15 15:00:00,2017-07-15 15:50:00,2017-07-15 16:00:00,2017-07-15 16:50:00
2107,train,2107,2112,2113,2118,2017-07-15 15:10:00,2017-07-15 16:00:00,2017-07-15 16:10:00,2017-07-15 17:00:00
2108,train,2108,2113,2114,2119,2017-07-15 15:20:00,2017-07-15 16:10:00,2017-07-15 16:20:00,2017-07-15 17:10:00
2109,train,2109,2114,2115,2120,2017-07-15 15:30:00,2017-07-15 16:20:00,2017-07-15 16:30:00,2017-07-15 17:20:00
2110,train,2110,2115,2116,2121,2017-07-15 15:40:00,2017-07-15 16:30:00,2017-07-15 16:40:00,2017-07-15 17:30:00
2111,train,2111,2116,2117,2122,2017-07-15 15:50:00,2017-07-15 16:40:00,2017-07-15 16:50:00,2017-07-15 17:40:00
2112,train,2112,2117,2118,2123,2017-07-15 16:00:00,2017-07-15 16:50:00,2017-07-15 17:00:00,2017-07-15 17:50:00
2113,train,2113,2118,2119,2124,2017-07-15 16:10:00,2017-07-15 17:00:00,2017-07-15 17:10:00,2017-07-15 18:00:00
2114,train,2114,2119,2120,2125,2017-07-15 16:20:00,2017-07-15 17:10:00,2017-07-15 17:20:00,2017-07-15 18:10:00
2115,train,2115,2120,2121,2126,2017-07-15 16:30:00,2017-07-15 17:20:00,2017-07-15 17:30:00,2017-07-15 18:20:00
2116,train,2116,2121,2122,2127,2017-07-15 16:40:00,2017-07-15 17:30:00,2017-07-15 17:40:00,2017-07-15 18:30:00
2117,train,2117,2122,2123,2128,2017-07-15 16:50:00,2017-07-15 17:40:00,2017-07-15 17:50:00,2017-07-15 18:40:00
2118,train,2118,2123,2124,2129,2017-07-15 17:00:00,2017-07-15 17:50:00,2017-07-15 18:00:00,2017-07-15 18:50:00
2119,train,2119,2124,2125,2130,2017-07-15 17:10:00,2017-07-15 18:00:00,2017-07-15 18:10:00,2017-07-15 19:00:00
2120,train,2120,2125,2126,2131,2017-07-15 17:20:00,2017-07-15 18:10:00,2017-07-15 18:20:00,2017-07-15 19:10:00
2121,train,2121,2126,2127,2132,2017-07-15 17:30:00,2017-07-15 18:20:00,2017-07-15 18:30:00,2017-07-15 19:20:00
2122,train,2122,2127,2128,2133,2017-07-15 17:40:00,2017-07-15 18:30:00,2017-07-15 18:40:00,2017-07-15 19:30:00
2123,train,2123,2128,2129,2134,2017-07-15 17:50:00,2017-07-15 18:40:00,2017-07-15 18:50:00,2017-07-15 19:40:00
2124,train,2124,2129,2130,2135,2017-07-15 18:00:00,2017-07-15 18:50:00,2017-07-15 19:00:00,2017-07-15 19:50:00
2125,train,2125,2130,2131,2136,2017-07-15 18:10:00,2017-07-15 19:00:00,2017-07-15 19:10:00,2017-07-15 20:00:00
2126,train,2126,2131,2132,2137,2017-07-15 18:20:00,2017-07-15 19:10:00,2017-07-15 19:20:00,2017-07-15 20:10:00
2127,train,2127,2132,2133,2138,2017-07-15 18:30:00,2017-07-15 19:20:00,2017-07-15 19:30:00,2017-07-15 20:20:00
2128,train,2128,2133,2134,2139,2017-07-15 18:40:00,2017-07-15 19:30:00,2017-07-15 19:40:00,2017-07-15 20:30:00
2129,train,2129,2134,2135,2140,2017-07-15 18:50:00,2017-07-15 19:40:00,2017-07-15 19:50:00,2017-07-15 20:40:00
2130,train,2130,2135,2136,2141,2017-07-15 19:00:00,2017-07-15 19:50:00,2017-07-15 20:00:00,2017-07-15 20:50:00
2131,train,2131,2136,2137,2142,2017-07-15 19:10:00,2017-07-15 20:00:00,2017-07-15 20:10:00,2017-07-15 21:00:00
2132,train,2132,2137,2138,2143,2017-07-15 19:20:00,2017-07-15 20:10:00,2017-07-15 20:20:00,2017-07-15 21:10:00
2133,train,2133,2138,2139,2144,2017-07-15 19:30:00,2017-07-15 20:20:00,2017-07-15 20:30:00,2017-07-15 21:20:00
2134,train,2134,2139,2140,2145,2017-07-15 19:40:00,2017-07-15 20:30:00,2017-07-15 20:40:00,2017-07-15 21:30:00
2135,train,2135,2140,2141,2146,2017-07-15 19:50:00,2017-07-15 20:40:00,2017-07-15 20:50:00,2017-07-15 21:40:00
2136,train,2136,2141,2142,2147,2017-07-15 20:00:00,2017-07-15 20:50:00,2017-07-15 21:00:00,2017-07-15 21:50:00
2137,train,2137,2142,2143,2148,2017-07-15 20:10:00,2017-07-15 21:00:00,2017-07-15 21:10:00,2017-07-15 22:00:00
2138,train,2138,2143,2144,2149,2017-07-15 20:20:00,2017-07-15 21:10:00,2017-07-15 21:20:00,2017-07-15 22:10:00
2139,train,2139,2144,2145,2150,2017-07-15 20:30:00,2017-07-15 21:20:00,2017-07-15 21:30:00,2017-07-15 22:20:00
2140,train,2140,2145,2146,2151,2017-07-15 20:40:00,2017-07-15 21:30:00,2017-07-15 21:40:00,2017-07-15 22:30:00
2141,train,2141,2146,2147,2152,2017-07-15 20:50:00,2017-07-15 21:40:00,2017-07-15 21:50:00,2017-07-15 22:40:00
2142,train,2142,2147,2148,2153,2017-07-15 21:00:00,2017-07-15 21:50:00,2017-07-15 22:00:00,2017-07-15 22:50:00
2143,train,2143,2148,2149,2154,2017-07-15 21:10:00,2017-07-15 22:00:00,2017-07-15 22:10:00,2017-07-15 23:00:00
2144,train,2144,2149,2150,2155,2017-07-15 21:20:00,2017-07-15 22:10:00,2017-07-15 22:20:00,2017-07-15 23:10:00
2145,train,2145,2150,2151,2156,2017-07-15 21:30:00,2017-07-15 22:20:00,2017-07-15 22:30:00,2017-07-15 23:20:00
2146,train,2146,2151,2152,2157,2017-07-15 21:40:00,2017-07-15 22:30:00,2017-07-15 22:40:00,2017-07-15 23:30:00
2147,train,2147,2152,2153,2158,2017-07-15 21:50:00,2017-07-15 22:40:00,2017-07-15 22:50:00,2017-07-15 23:40:00
2148,train,2148,2153,2154,2159,2017-07-15 22:00:00,2017-07-15 22:50:00,2017-07-15 23:00:00,2017-07-15 23:50:00
2149,train,2149,2154,2155,2160,2017-07-15 22:10:00,2017-07-15 23:00:00,2017-07-15 23:10:00,2017-07-16 00:00:00
2150,train,2150,2155,2156,2161,2017-07-15 22:20:00,2017-07-15 23:10:00,2017-07-15 23:20:00,2017-07-16 00:10:00
2151,train,2151,2156,2157,2162,2017-07-15 22:30:00,2017-07-15 23:20:00,2017-07-15 23:30:00,2017-07-16 00:20:00
2152,train,2152,2157,2158,2163,2017-07-15 22:40:00,2017-07-15 23:30:00,2017-07-15 23:40:00,2017-07-16 00:30:00
2153,train,2153,2158,2159,2164,2017-07-15 22:50:00,2017-07-15 23:40:00,2017-07-15 23:50:00,2017-07-16 00:40:00
2154,train,2154,2159,2160,2165,2017-07-15 23:00:00,2017-07-15 23:50:00,2017-07-16 00:00:00,2017-07-16 00:50:00
2155,train,2155,2160,2161,2166,2017-07-15 23:10:00,2017-07-16 00:00:00,2017-07-16 00:10:00,2017-07-16 01:00:00
2156,train,2156,2161,2162,2167,2017-07-15 23:20:00,2017-07-16 00:10:00,2017-07-16 00:20:00,2017-07-16 01:10:00
2157,train,2157,2162,2163,2168,2017-07-15 23:30:00,2017-07-16 00:20:00,2017-07-16 00:30:00,2017-07-16 01:20:00
2158,train,2158,2163,2164,2169,2017-07-15 23:40:00,2017-07-16 00:30:00,2017-07-16 00:40:00,2017-07-16 01:30:00
2159,train,2159,2164,2165,2170,2017-07-15 23:50:00,2017-07-16 00:40:00,2017-07-16 00:50:00,2017-07-16 01:40:00
2160,train,2160,2165,2166,2171,2017-07-16 00:00:00,2017-07-16 00:50:00,2017-07-16 01:00:00,2017-07-16 01:50:00
2161,train,2161,2166,2167,2172,2017-07-16 00:10:00,2017-07-16 01:00:00,2017-07-16 01:10:00,2017-07-16 02:00:00
2162,train,2162,2167,2168,2173,2017-07-16 00:20:00,2017-07-16 01:10:00,2017-07-16 01:20:00,2017-07-16 02:10:00
2163,train,2163,2168,2169,2174,2017-07-16 00:30:00,2017-07-16 01:20:00,2017-07-16 01:30:00,2017-07-16 02:20:00
2164,train,2164,2169,2170,2175,2017-07-16 00:40:00,2017-07-16 01:30:00,2017-07-16 01:40:00,2017-07-16 02:30:00
2165,train,2165,2170,2171,2176,2017-07-16 00:50:00,2017-07-16 01:40:00,2017-07-16 01:50:00,2017-07-16 02:40:00
2166,train,2166,2171,2172,2177,2017-07-16 01:00:00,2017-07-16 01:50:00,2017-07-16 02:00:00,2017-07-16 02:50:00
2167,train,2167,2172,2173,2178,2017-07-16 01:10:00,2017-07-16 02:00:00,2017-07-16 02:10:00,2017-07-16 03:00:00
2168,train,2168,2173,2174,2179,2017-07-16 01:20:00,2017-07-16 02:10:00,2017-07-16 02:20:00,2017-07-16 03:10:00
2169,train,2169,2174,2175,2180,2017-07-16 01:30:00,2017-07-16 02:20:00,2017-07-16 02:30:00,2017-07-16 03:20:00
2170,train,2170,2175,2176,2181,2017-07-16 01:40:00,2017-07-16 02:30:00,2017-07-16 02:40:00,2017-07-16 03:30:00
2171,train,2171,2176,2177,2182,2017-07-16 01:50:00,2017-07-16 02:40:00,2017-07-16 02:50:00,2017-07-16 03:40:00
2172,train,2172,2177,2178,2183,2017-07-16 02:00:00,2017-07-16 02:50:00,2017-07-16 03:00:00,2017-07-16 03:50:00
2173,train,2173,2178,2179,2184,2017-07-16 02:10:00,2017-07-16 03:00:00,2017-07-16 03:10:00,2017-07-16 04:00:00
2174,train,2174,2179,2180,2185,2017-07-16 02:20:00,2017-07-16 03:10:00,2017-07-16 03:20:00,2017-07-16 04:10:00
2175,train,2175,2180,2181,2186,2017-07-16 02:30:00,2017-07-16 03:20:00,2017-07-16 03:30:00,2017-07-16 04:20:00
2176,train,2176,2181,2182,2187,2017-07-16 02:40:00,2017-07-16 03:30:00,2017-07-16 03:40:00,2017-07-16 04:30:00
2177,train,2177,2182,2183,2188,2017-07-16 02:50:00,2017-07-16 03:40:00,2017-07-16 03:50:00,2017-07-16 04:40:00
2178,train,2178,2183,2184,2189,2017-07-16 03:00:00,2017-07-16 03:50:00,2017-07-16 04:00:00,2017-07-16 04:50:00
2179,train,2179,2184,2185,2190,2017-07-16 03:10:00,2017-07-16 04:00:00,2017-07-16 04:10:00,2017-07-16 05:00:00
2180,train,2180,2185,2186,2191,2017-07-16 03:20:00,2017-07-16 04:10:00,2017-07-16 04:20:00,2017-07-16 05:10:00
2181,train,2181,2186,2187,2192,2017-07-16 03:30:00,2017-07-16 04:20:00,2017-07-16 04:30:00,2017-07-16 05:20:00
2182,train,2182,2187,2188,2193,2017-07-16 03:40:00,2017-07-16 04:30:00,2017-07-16 04:40:00,2017-07-16 05:30:00
2183,train,2183,2188,2189,2194,2017-07-16 03:50:00,2017-07-16 04:40:00,2017-07-16 04:50:00,2017-07-16 05:40:00
2184,train,2184,2189,2190,2195,2017-07-16 04:00:00,2017-07-16 04:50:00,2017-07-16 05:00:00,2017-07-16 05:50:00
2185,train,2185,2190,2191,2196,2017-07-16 04:10:00,2017-07-16 05:00:00,2017-07-16 05:10:00,2017-07-16 06:00:00
2186,train,2186,2191,2192,2197,2017-07-16 04:20:00,2017-07-16 05:10:00,2017-07-16 05:20:00,2017-07-16 06:10:00
2187,train,2187,2192,2193,2198,2017-07-16 04:30:00,2017-07-16 05:20:00,2017-07-16 05:30:00,2017-07-16 06:20:00
2188,train,2188,2193,2194,2199,2017-07-16 04:40:00,2017-07-16 05:30:00,2017-07-16 05:40:00,2017-07-16 06:30:00
2189,train,2189,2194,2195,2200,2017-07-16 04:50:00,2017-07-16 05:40:00,2017-07-16 05:50:00,2017-07-16 06:40:00
2190,train,2190,2195,2196,2201,2017-07-16 05:00:00,2017-07-16 05:50:00,2017-07-16 06:00:00,2017-07-16 06:50:00
2191,train,2191,2196,2197,2202,2017-07-16 05:10:00,2017-07-16 06:00:00,2017-07-16 06:10:00,2017-07-16 07:00:00
2192,train,2192,2197,2198,2203,2017-07-16 05:20:00,2017-07-16 06:10:00,2017-07-16 06:20:00,2017-07-16 07:10:00
2193,train,2193,2198,2199,2204,2017-07-16 05:30:00,2017-07-16 06:20:00,2017-07-16 06:30:00,2017-07-16 07:20:00
2194,train,2194,2199,2200,2205,2017-07-16 05:40:00,2017-07-16 06:30:00,2017-07-16 06:40:00,2017-07-16 07:30:00
2195,train,2195,2200,2201,2206,2017-07-16 05:50:00,2017-07-16 06:40:00,2017-07-16 06:50:00,2017-07-16 07:40:00
2196,train,2196,2201,2202,2207,2017-07-16 06:00:00,2017-07-16 06:50:00,2017-07-16 07:00:00,2017-07-16 07:50:00
2197,train,2197,2202,2203,2208,2017-07-16 06:10:00,2017-07-16 07:00:00,2017-07-16 07:10:00,2017-07-16 08:00:00
2198,train,2198,2203,2204,2209,2017-07-16 06:20:00,2017-07-16 07:10:00,2017-07-16 07:20:00,2017-07-16 08:10:00
2199,train,2199,2204,2205,2210,2017-07-16 06:30:00,2017-07-16 07:20:00,2017-07-16 07:30:00,2017-07-16 08:20:00
2200,train,2200,2205,2206,2211,2017-07-16 06:40:00,2017-07-16 07:30:00,2017-07-16 07:40:00,2017-07-16 08:30:00
2201,train,2201,2206,2207,2212,2017-07-16 06:50:00,2017-07-16 07:40:00,2017-07-16 07:50:00,2017-07-16 08:40:00
2202,train,2202,2207,2208,2213,2017-07-16 07:00:00,2017-07-16 07:50:00,2017-07-16 08:00:00,2017-07-16 08:50:00
2203,train,2203,2208,2209,2214,2017-07-16 07:10:00,2017-07-16 08:00:00,2017-07-16 08:10:00,2017-07-16 09:00:00
2204,train,2204,2209,2210,2215,2017-07-16 07:20:00,2017-07-16 08:10:00,2017-07-16 08:20:00,2017-07-16 09:10:00
2205,train,2205,2210,2211,2216,2017-07-16 07:30:00,2017-07-16 08:20:00,2017-07-16 08:30:00,2017-07-16 09:20:00
2206,train,2206,2211,2212,2217,2017-07-16 07:40:00,2017-07-16 08:30:00,2017-07-16 08:40:00,2017-07-16 09:30:00
2207,train,2207,2212,2213,2218,2017-07-16 07:50:00,2017-07-16 08:40:00,2017-07-16 08:50:00,2017-07-16 09:40:00
2208,train,2208,2213,2214,2219,2017-07-16 08:00:00,2017-07-16 08:50:00,2017-07-16 09:00:00,2017-07-16 09:50:00
2209,train,2209,2214,2215,2220,2017-07-16 08:10:00,2017-07-16 09:00:00,2017-07-16 09:10:00,2017-07-16 10:00:00
2210,train,2210,2215,2216,2221,2017-07-16 08:20:00,2017-07-16 09:10:00,2017-07-16 09:20:00,2017-07-16 10:10:00
2211,train,2211,2216,2217,2222,2017-07-16 08:30:00,2017-07-16 09:20:00,2017-07-16 09:30:00,2017-07-16 10:20:00
2212,train,2212,2217,2218,2223,2017-07-16 08:40:00,2017-07-16 09:30:00,2017-07-16 09:40:00,2017-07-16 10:30:00
2213,train,2213,2218,2219,2224,2017-07-16 08:50:00,2017-07-16 09:40:00,2017-07-16 09:50:00,2017-07-16 10:40:00
2214,train,2214,2219,2220,2225,2017-07-16 09:00:00,2017-07-16 09:50:00,2017-07-16 10:00:00,2017-07-16 10:50:00
2215,train,2215,2220,2221,2226,2017-07-16 09:10:00,2017-07-16 10:00:00,2017-07-16 10:10:00,2017-07-16 11:00:00
2216,train,2216,2221,2222,2227,2017-07-16 09:20:00,2017-07-16 10:10:00,2017-07-16 10:20:00,2017-07-16 11:10:00
2217,train,2217,2222,2223,2228,2017-07-16 09:30:00,2017-07-16 10:20:00,2017-07-16 10:30:00,2017-07-16 11:20:00
2218,train,2218,2223,2224,2229,2017-07-16 09:40:00,2017-07-16 10:30:00,2017-07-16 10:40:00,2017-07-16 11:30:00
2219,train,2219,2224,2225,2230,2017-07-16 09:50:00,2017-07-16 10:40:00,2017-07-16 10:50:00,2017-07-16 11:40:00
2220,train,2220,2225,2226,2231,2017-07-16 10:00:00,2017-07-16 10:50:00,2017-07-16 11:00:00,2017-07-16 11:50:00
2221,train,2221,2226,2227,2232,2017-07-16 10:10:00,2017-07-16 11:00:00,2017-07-16 11:10:00,2017-07-16 12:00:00
2222,train,2222,2227,2228,2233,2017-07-16 10:20:00,2017-07-16 11:10:00,2017-07-16 11:20:00,2017-07-16 12:10:00
2223,train,2223,2228,2229,2234,2017-07-16 10:30:00,2017-07-16 11:20:00,2017-07-16 11:30:00,2017-07-16 12:20:00
2224,train,2224,2229,2230,2235,2017-07-16 10:40:00,2017-07-16 11:30:00,2017-07-16 11:40:00,2017-07-16 12:30:00
2225,train,2225,2230,2231,2236,2017-07-16 10:50:00,2017-07-16 11:40:00,2017-07-16 11:50:00,2017-07-16 12:40:00
2226,train,2226,2231,2232,2237,2017-07-16 11:00:00,2017-07-16 11:50:00,2017-07-16 12:00:00,2017-07-16 12:50:00
2227,train,2227,2232,2233,2238,2017-07-16 11:10:00,2017-07-16 12:00:00,2017-07-16 12:10:00,2017-07-16 13:00:00
2228,train,2228,2233,2234,2239,2017-07-16 11:20:00,2017-07-16 12:10:00,2017-07-16 12:20:00,2017-07-16 13:10:00
2229,train,2229,2234,2235,2240,2017-07-16 11:30:00,2017-07-16 12:20:00,2017-07-16 12:30:00,2017-07-16 13:20:00
2230,train,2230,2235,2236,2241,2017-07-16 11:40:00,2017-07-16 12:30:00,2017-07-16 12:40:00,2017-07-16 13:30:00
2231,train,2231,2236,2237,2242,2017-07-16 11:50:00,2017-07-16 12:40:00,2017-07-16 12:50:00,2017-07-16 13:40:00
2232,train,2232,2237,2238,2243,2017-07-16 12:00:00,2017-07-16 12:50:00,2017-07-16 13:00:00,2017-07-16 13:50:00
2233,train,2233,2238,2239,2244,2017-07-16 12:10:00,2017-07-16 13:00:00,2017-07-16 13:10:00,2017-07-16 14:00:00
2234,train,2234,2239,2240,2245,2017-07-16 12:20:00,2017-07-16 13:10:00,2017-07-16 13:20:00,2017-07-16 14:10:00
2235,train,2235,2240,2241,2246,2017-07-16 12:30:00,2017-07-16 13:20:00,2017-07-16 13:30:00,2017-07-16 14:20:00
2236,train,2236,2241,2242,2247,2017-07-16 12:40:00,2017-07-16 13:30:00,2017-07-16 13:40:00,2017-07-16 14:30:00
2237,train,2237,2242,2243,2248,2017-07-16 12:50:00,2017-07-16 13:40:00,2017-07-16 13:50:00,2017-07-16 14:40:00
2238,train,2238,2243,2244,2249,2017-07-16 13:00:00,2017-07-16 13:50:00,2017-07-16 14:00:00,2017-07-16 14:50:00
2239,train,2239,2244,2245,2250,2017-07-16 13:10:00,2017-07-16 14:00:00,2017-07-16 14:10:00,2017-07-16 15:00:00
2240,train,2240,2245,2246,2251,2017-07-16 13:20:00,2017-07-16 14:10:00,2017-07-16 14:20:00,2017-07-16 15:10:00
2241,train,2241,2246,2247,2252,2017-07-16 13:30:00,2017-07-16 14:20:00,2017-07-16 14:30:00,2017-07-16 15:20:00
2242,train,2242,2247,2248,2253,2017-07-16 13:40:00,2017-07-16 14:30:00,2017-07-16 14:40:00,2017-07-16 15:30:00
2243,train,2243,2248,2249,2254,2017-07-16 13:50:00,2017-07-16 14:40:00,2017-07-16 14:50:00,2017-07-16 15:40:00
2244,train,2244,2249,2250,2255,2017-07-16 14:00:00,2017-07-16 14:50:00,2017-07-16 15:00:00,2017-07-16 15:50:00
2245,train,2245,2250,2251,2256,2017-07-16 14:10:00,2017-07-16 15:00:00,2017-07-16 15:10:00,2017-07-16 16:00:00
2246,train,2246,2251,2252,2257,2017-07-16 14:20:00,2017-07-16 15:10:00,2017-07-16 15:20:00,2017-07-16 16:10:00
2247,train,2247,2252,2253,2258,2017-07-16 14:30:00,2017-07-16 15:20:00,2017-07-16 15:30:00,2017-07-16 16:20:00
2248,train,2248,2253,2254,2259,2017-07-16 14:40:00,2017-07-16 15:30:00,2017-07-16 15:40:00,2017-07-16 16:30:00
2249,train,2249,2254,2255,2260,2017-07-16 14:50:00,2017-07-16 15:40:00,2017-07-16 15:50:00,2017-07-16 16:40:00
2250,train,2250,2255,2256,2261,2017-07-16 15:00:00,2017-07-16 15:50:00,2017-07-16 16:00:00,2017-07-16 16:50:00
2251,train,2251,2256,2257,2262,2017-07-16 15:10:00,2017-07-16 16:00:00,2017-07-16 16:10:00,2017-07-16 17:00:00
2252,train,2252,2257,2258,2263,2017-07-16 15:20:00,2017-07-16 16:10:00,2017-07-16 16:20:00,2017-07-16 17:10:00
2253,train,2253,2258,2259,2264,2017-07-16 15:30:00,2017-07-16 16:20:00,2017-07-16 16:30:00,2017-07-16 17:20:00
2254,train,2254,2259,2260,2265,2017-07-16 15:40:00,2017-07-16 16:30:00,2017-07-16 16:40:00,2017-07-16 17:30:00
2255,train,2255,2260,2261,2266,2017-07-16 15:50:00,2017-07-16 16:40:00,2017-07-16 16:50:00,2017-07-16 17:40:00
2256,train,2256,2261,2262,2267,2017-07-16 16:00:00,2017-07-16 16:50:00,2017-07-16 17:00:00,2017-07-16 17:50:00
2257,train,2257,2262,2263,2268,2017-07-16 16:10:00,2017-07-16 17:00:00,2017-07-16 17:10:00,2017-07-16 18:00:00
2258,train,2258,2263,2264,2269,2017-07-16 16:20:00,2017-07-16 17:10:00,2017-07-16 17:20:00,2017-07-16 18:10:00
2259,train,2259,2264,2265,2270,2017-07-16 16:30:00,2017-07-16 17:20:00,2017-07-16 17:30:00,2017-07-16 18:20:00
2260,train,2260,2265,2266,2271,2017-07-16 16:40:00,2017-07-16 17:30:00,2017-07-16 17:40:00,2017-07-16 18:30:00
2261,train,2261,2266,2267,2272,2017-07-16 16:50:00,2017-07-16 17:40:00,2017-07-16 17:50:00,2017-07-16 18:40:00
2262,train,2262,2267,2268,2273,2017-07-16 17:00:00,2017-07-16 17:50:00,2017-07-16 18:00:00,2017-07-16 18:50:00
2263,train,2263,2268,2269,2274,2017-07-16 17:10:00,2017-07-16 18:00:00,2017-07-16 18:10:00,2017-07-16 19:00:00
2264,train,2264,2269,2270,2275,2017-07-16 17:20:00,2017-07-16 18:10:00,2017-07-16 18:20:00,2017-07-16 19:10:00
2265,train,2265,2270,2271,2276,2017-07-16 17:30:00,2017-07-16 18:20:00,2017-07-16 18:30:00,2017-07-16 19:20:00
2266,train,2266,2271,2272,2277,2017-07-16 17:40:00,2017-07-16 18:30:00,2017-07-16 18:40:00,2017-07-16 19:30:00
2267,train,2267,2272,2273,2278,2017-07-16 17:50:00,2017-07-16 18:40:00,2017-07-16 18:50:00,2017-07-16 19:40:00
2268,train,2268,2273,2274,2279,2017-07-16 18:00:00,2017-07-16 18:50:00,2017-07-16 19:00:00,2017-07-16 19:50:00
2269,train,2269,2274,2275,2280,2017-07-16 18:10:00,2017-07-16 19:00:00,2017-07-16 19:10:00,2017-07-16 20:00:00
2270,train,2270,2275,2276,2281,2017-07-16 18:20:00,2017-07-16 19:10:00,2017-07-16 19:20:00,2017-07-16 20:10:00
2271,train,2271,2276,2277,2282,2017-07-16 18:30:00,2017-07-16 19:20:00,2017-07-16 19:30:00,2017-07-16 20:20:00
2272,train,2272,2277,2278,2283,2017-07-16 18:40:00,2017-07-16 19:30:00,2017-07-16 19:40:00,2017-07-16 20:30:00
2273,train,2273,2278,2279,2284,2017-07-16 18:50:00,2017-07-16 19:40:00,2017-07-16 19:50:00,2017-07-16 20:40:00
2274,train,2274,2279,2280,2285,2017-07-16 19:00:00,2017-07-16 19:50:00,2017-07-16 20:00:00,2017-07-16 20:50:00
2275,train,2275,2280,2281,2286,2017-07-16 19:10:00,2017-07-16 20:00:00,2017-07-16 20:10:00,2017-07-16 21:00:00
2276,train,2276,2281,2282,2287,2017-07-16 19:20:00,2017-07-16 20:10:00,2017-07-16 20:20:00,2017-07-16 21:10:00
2277,train,2277,2282,2283,2288,2017-07-16 19:30:00,2017-07-16 20:20:00,2017-07-16 20:30:00,2017-07-16 21:20:00
2278,train,2278,2283,2284,2289,2017-07-16 19:40:00,2017-07-16 20:30:00,2017-07-16 20:40:00,2017-07-16 21:30:00
2279,train,2279,2284,2285,2290,2017-07-16 19:50:00,2017-07-16 20:40:00,2017-07-16 20:50:00,2017-07-16 21:40:00
2280,train,2280,2285,2286,2291,2017-07-16 20:00:00,2017-07-16 20:50:00,2017-07-16 21:00:00,2017-07-16 21:50:00
2281,train,2281,2286,2287,2292,2017-07-16 20:10:00,2017-07-16 21:00:00,2017-07-16 21:10:00,2017-07-16 22:00:00
2282,train,2282,2287,2288,2293,2017-07-16 20:20:00,2017-07-16 21:10:00,2017-07-16 21:20:00,2017-07-16 22:10:00
2283,train,2283,2288,2289,2294,2017-07-16 20:30:00,2017-07-16 21:20:00,2017-07-16 21:30:00,2017-07-16 22:20:00
2284,train,2284,2289,2290,2295,2017-07-16 20:40:00,2017-07-16 21:30:00,2017-07-16 21:40:00,2017-07-16 22:30:00
2285,train,2285,2290,2291,2296,2017-07-16 20:50:00,2017-07-16 21:40:00,2017-07-16 21:50:00,2017-07-16 22:40:00
2286,train,2286,2291,2292,2297,2017-07-16 21:00:00,2017-07-16 21:50:00,2017-07-16 22:00:00,2017-07-16 22:50:00
2287,train,2287,2292,2293,2298,2017-07-16 21:10:00,2017-07-16 22:00:00,2017-07-16 22:10:00,2017-07-16 23:00:00
2288,train,2288,2293,2294,2299,2017-07-16 21:20:00,2017-07-16 22:10:00,2017-07-16 22:20:00,2017-07-16 23:10:00
2289,train,2289,2294,2295,2300,2017-07-16 21:30:00,2017-07-16 22:20:00,2017-07-16 22:30:00,2017-07-16 23:20:00
2290,train,2290,2295,2296,2301,2017-07-16 21:40:00,2017-07-16 22:30:00,2017-07-16 22:40:00,2017-07-16 23:30:00
2291,train,2291,2296,2297,2302,2017-07-16 21:50:00,2017-07-16 22:40:00,2017-07-16 22:50:00,2017-07-16 23:40:00
2292,train,2292,2297,2298,2303,2017-07-16 22:00:00,2017-07-16 22:50:00,2017-07-16 23:00:00,2017-07-16 23:50:00
2293,train,2293,2298,2299,2304,2017-07-16 22:10:00,2017-07-16 23:00:00,2017-07-16 23:10:00,2017-07-17 00:00:00
2294,train,2294,2299,2300,2305,2017-07-16 22:20:00,2017-07-16 23:10:00,2017-07-16 23:20:00,2017-07-17 00:10:00
2295,train,2295,2300,2301,2306,2017-07-16 22:30:00,2017-07-16 23:20:00,2017-07-16 23:30:00,2017-07-17 00:20:00
2296,train,2296,2301,2302,2307,2017-07-16 22:40:00,2017-07-16 23:30:00,2017-07-16 23:40:00,2017-07-17 00:30:00
2297,train,2297,2302,2303,2308,2017-07-16 22:50:00,2017-07-16 23:40:00,2017-07-16 23:50:00,2017-07-17 00:40:00
2298,train,2298,2303,2304,2309,2017-07-16 23:00:00,2017-07-16 23:50:00,2017-07-17 00:00:00,2017-07-17 00:50:00
2299,train,2299,2304,2305,2310,2017-07-16 23:10:00,2017-07-17 00:00:00,2017-07-17 00:10:00,2017-07-17 01:00:00
2300,train,2300,2305,2306,2311,2017-07-16 23:20:00,2017-07-17 00:10:00,2017-07-17 00:20:00,2017-07-17 01:10:00
2301,train,2301,2306,2307,2312,2017-07-16 23:30:00,2017-07-17 00:20:00,2017-07-17 00:30:00,2017-07-17 01:20:00
2302,train,2302,2307,2308,2313,2017-07-16 23:40:00,2017-07-17 00:30:00,2017-07-17 00:40:00,2017-07-17 01:30:00
2303,train,2303,2308,2309,2314,2017-07-16 23:50:00,2017-07-17 00:40:00,2017-07-17 00:50:00,2017-07-17 01:40:00
2304,train,2304,2309,2310,2315,2017-07-17 00:00:00,2017-07-17 00:50:00,2017-07-17 01:00:00,2017-07-17 01:50:00
2305,train,2305,2310,2311,2316,2017-07-17 00:10:00,2017-07-17 01:00:00,2017-07-17 01:10:00,2017-07-17 02:00:00
2306,train,2306,2311,2312,2317,2017-07-17 00:20:00,2017-07-17 01:10:00,2017-07-17 01:20:00,2017-07-17 02:10:00
2307,train,2307,2312,2313,2318,2017-07-17 00:30:00,2017-07-17 01:20:00,2017-07-17 01:30:00,2017-07-17 02:20:00
2308,train,2308,2313,2314,2319,2017-07-17 00:40:00,2017-07-17 01:30:00,2017-07-17 01:40:00,2017-07-17 02:30:00
2309,train,2309,2314,2315,2320,2017-07-17 00:50:00,2017-07-17 01:40:00,2017-07-17 01:50:00,2017-07-17 02:40:00
2310,train,2310,2315,2316,2321,2017-07-17 01:00:00,2017-07-17 01:50:00,2017-07-17 02:00:00,2017-07-17 02:50:00
2311,train,2311,2316,2317,2322,2017-07-17 01:10:00,2017-07-17 02:00:00,2017-07-17 02:10:00,2017-07-17 03:00:00
2312,train,2312,2317,2318,2323,2017-07-17 01:20:00,2017-07-17 02:10:00,2017-07-17 02:20:00,2017-07-17 03:10:00
2313,train,2313,2318,2319,2324,2017-07-17 01:30:00,2017-07-17 02:20:00,2017-07-17 02:30:00,2017-07-17 03:20:00
2314,train,2314,2319,2320,2325,2017-07-17 01:40:00,2017-07-17 02:30:00,2017-07-17 02:40:00,2017-07-17 03:30:00
2315,train,2315,2320,2321,2326,2017-07-17 01:50:00,2017-07-17 02:40:00,2017-07-17 02:50:00,2017-07-17 03:40:00
2316,train,2316,2321,2322,2327,2017-07-17 02:00:00,2017-07-17 02:50:00,2017-07-17 03:00:00,2017-07-17 03:50:00
2317,train,2317,2322,2323,2328,2017-07-17 02:10:00,2017-07-17 03:00:00,2017-07-17 03:10:00,2017-07-17 04:00:00
2318,train,2318,2323,2324,2329,2017-07-17 02:20:00,2017-07-17 03:10:00,2017-07-17 03:20:00,2017-07-17 04:10:00
2319,train,2319,2324,2325,2330,2017-07-17 02:30:00,2017-07-17 03:20:00,2017-07-17 03:30:00,2017-07-17 04:20:00
2320,train,2320,2325,2326,2331,2017-07-17 02:40:00,2017-07-17 03:30:00,2017-07-17 03:40:00,2017-07-17 04:30:00
2321,train,2321,2326,2327,2332,2017-07-17 02:50:00,2017-07-17 03:40:00,2017-07-17 03:50:00,2017-07-17 04:40:00
2322,train,2322,2327,2328,2333,2017-07-17 03:00:00,2017-07-17 03:50:00,2017-07-17 04:00:00,2017-07-17 04:50:00
2323,train,2323,2328,2329,2334,2017-07-17 03:10:00,2017-07-17 04:00:00,2017-07-17 04:10:00,2017-07-17 05:00:00
2324,train,2324,2329,2330,2335,2017-07-17 03:20:00,2017-07-17 04:10:00,2017-07-17 04:20:00,2017-07-17 05:10:00
2325,train,2325,2330,2331,2336,2017-07-17 03:30:00,2017-07-17 04:20:00,2017-07-17 04:30:00,2017-07-17 05:20:00
2326,train,2326,2331,2332,2337,2017-07-17 03:40:00,2017-07-17 04:30:00,2017-07-17 04:40:00,2017-07-17 05:30:00
2327,train,2327,2332,2333,2338,2017-07-17 03:50:00,2017-07-17 04:40:00,2017-07-17 04:50:00,2017-07-17 05:40:00
2328,train,2328,2333,2334,2339,2017-07-17 04:00:00,2017-07-17 04:50:00,2017-07-17 05:00:00,2017-07-17 05:50:00
2329,train,2329,2334,2335,2340,2017-07-17 04:10:00,2017-07-17 05:00:00,2017-07-17 05:10:00,2017-07-17 06:00:00
2330,train,2330,2335,2336,2341,2017-07-17 04:20:00,2017-07-17 05:10:00,2017-07-17 05:20:00,2017-07-17 06:10:00
2331,train,2331,2336,2337,2342,2017-07-17 04:30:00,2017-07-17 05:20:00,2017-07-17 05:30:00,2017-07-17 06:20:00
2332,train,2332,2337,2338,2343,2017-07-17 04:40:00,2017-07-17 05:30:00,2017-07-17 05:40:00,2017-07-17 06:30:00
2333,train,2333,2338,2339,2344,2017-07-17 04:50:00,2017-07-17 05:40:00,2017-07-17 05:50:00,2017-07-17 06:40:00
2334,train,2334,2339,2340,2345,2017-07-17 05:00:00,2017-07-17 05:50:00,2017-07-17 06:00:00,2017-07-17 06:50:00
2335,train,2335,2340,2341,2346,2017-07-17 05:10:00,2017-07-17 06:00:00,2017-07-17 06:10:00,2017-07-17 07:00:00
2336,train,2336,2341,2342,2347,2017-07-17 05:20:00,2017-07-17 06:10:00,2017-07-17 06:20:00,2017-07-17 07:10:00
2337,train,2337,2342,2343,2348,2017-07-17 05:30:00,2017-07-17 06:20:00,2017-07-17 06:30:00,2017-07-17 07:20:00
2338,train,2338,2343,2344,2349,2017-07-17 05:40:00,2017-07-17 06:30:00,2017-07-17 06:40:00,2017-07-17 07:30:00
2339,train,2339,2344,2345,2350,2017-07-17 05:50:00,2017-07-17 06:40:00,2017-07-17 06:50:00,2017-07-17 07:40:00
2340,train,2340,2345,2346,2351,2017-07-17 06:00:00,2017-07-17 06:50:00,2017-07-17 07:00:00,2017-07-17 07:50:00
2341,train,2341,2346,2347,2352,2017-07-17 06:10:00,2017-07-17 07:00:00,2017-07-17 07:10:00,2017-07-17 08:00:00
2342,train,2342,2347,2348,2353,2017-07-17 06:20:00,2017-07-17 07:10:00,2017-07-17 07:20:00,2017-07-17 08:10:00
2343,train,2343,2348,2349,2354,2017-07-17 06:30:00,2017-07-17 07:20:00,2017-07-17 07:30:00,2017-07-17 08:20:00
2344,train,2344,2349,2350,2355,2017-07-17 06:40:00,2017-07-17 07:30:00,2017-07-17 07:40:00,2017-07-17 08:30:00
2345,train,2345,2350,2351,2356,2017-07-17 06:50:00,2017-07-17 07:40:00,2017-07-17 07:50:00,2017-07-17 08:40:00
2346,train,2346,2351,2352,2357,2017-07-17 07:00:00,2017-07-17 07:50:00,2017-07-17 08:00:00,2017-07-17 08:50:00
2347,train,2347,2352,2353,2358,2017-07-17 07:10:00,2017-07-17 08:00:00,2017-07-17 08:10:00,2017-07-17 09:00:00
2348,train,2348,2353,2354,2359,2017-07-17 07:20:00,2017-07-17 08:10:00,2017-07-17 08:20:00,2017-07-17 09:10:00
2349,train,2349,2354,2355,2360,2017-07-17 07:30:00,2017-07-17 08:20:00,2017-07-17 08:30:00,2017-07-17 09:20:00
2350,train,2350,2355,2356,2361,2017-07-17 07:40:00,2017-07-17 08:30:00,2017-07-17 08:40:00,2017-07-17 09:30:00
2351,train,2351,2356,2357,2362,2017-07-17 07:50:00,2017-07-17 08:40:00,2017-07-17 08:50:00,2017-07-17 09:40:00
2352,train,2352,2357,2358,2363,2017-07-17 08:00:00,2017-07-17 08:50:00,2017-07-17 09:00:00,2017-07-17 09:50:00
2353,train,2353,2358,2359,2364,2017-07-17 08:10:00,2017-07-17 09:00:00,2017-07-17 09:10:00,2017-07-17 10:00:00
2354,train,2354,2359,2360,2365,2017-07-17 08:20:00,2017-07-17 09:10:00,2017-07-17 09:20:00,2017-07-17 10:10:00
2355,train,2355,2360,2361,2366,2017-07-17 08:30:00,2017-07-17 09:20:00,2017-07-17 09:30:00,2017-07-17 10:20:00
2356,train,2356,2361,2362,2367,2017-07-17 08:40:00,2017-07-17 09:30:00,2017-07-17 09:40:00,2017-07-17 10:30:00
2357,train,2357,2362,2363,2368,2017-07-17 08:50:00,2017-07-17 09:40:00,2017-07-17 09:50:00,2017-07-17 10:40:00
2358,train,2358,2363,2364,2369,2017-07-17 09:00:00,2017-07-17 09:50:00,2017-07-17 10:00:00,2017-07-17 10:50:00
2359,train,2359,2364,2365,2370,2017-07-17 09:10:00,2017-07-17 10:00:00,2017-07-17 10:10:00,2017-07-17 11:00:00
2360,train,2360,2365,2366,2371,2017-07-17 09:20:00,2017-07-17 10:10:00,2017-07-17 10:20:00,2017-07-17 11:10:00
2361,train,2361,2366,2367,2372,2017-07-17 09:30:00,2017-07-17 10:20:00,2017-07-17 10:30:00,2017-07-17 11:20:00
2362,train,2362,2367,2368,2373,2017-07-17 09:40:00,2017-07-17 10:30:00,2017-07-17 10:40:00,2017-07-17 11:30:00
2363,train,2363,2368,2369,2374,2017-07-17 09:50:00,2017-07-17 10:40:00,2017-07-17 10:50:00,2017-07-17 11:40:00
2364,train,2364,2369,2370,2375,2017-07-17 10:00:00,2017-07-17 10:50:00,2017-07-17 11:00:00,2017-07-17 11:50:00
2365,train,2365,2370,2371,2376,2017-07-17 10:10:00,2017-07-17 11:00:00,2017-07-17 11:10:00,2017-07-17 12:00:00
2366,train,2366,2371,2372,2377,2017-07-17 10:20:00,2017-07-17 11:10:00,2017-07-17 11:20:00,2017-07-17 12:10:00
2367,train,2367,2372,2373,2378,2017-07-17 10:30:00,2017-07-17 11:20:00,2017-07-17 11:30:00,2017-07-17 12:20:00
2368,train,2368,2373,2374,2379,2017-07-17 10:40:00,2017-07-17 11:30:00,2017-07-17 11:40:00,2017-07-17 12:30:00
2369,train,2369,2374,2375,2380,2017-07-17 10:50:00,2017-07-17 11:40:00,2017-07-17 11:50:00,2017-07-17 12:40:00
2370,train,2370,2375,2376,2381,2017-07-17 11:00:00,2017-07-17 11:50:00,2017-07-17 12:00:00,2017-07-17 12:50:00
2371,train,2371,2376,2377,2382,2017-07-17 11:10:00,2017-07-17 12:00:00,2017-07-17 12:10:00,2017-07-17 13:00:00
2372,train,2372,2377,2378,2383,2017-07-17 11:20:00,2017-07-17 12:10:00,2017-07-17 12:20:00,2017-07-17 13:10:00
2373,train,2373,2378,2379,2384,2017-07-17 11:30:00,2017-07-17 12:20:00,2017-07-17 12:30:00,2017-07-17 13:20:00
2374,train,2374,2379,2380,2385,2017-07-17 11:40:00,2017-07-17 12:30:00,2017-07-17 12:40:00,2017-07-17 13:30:00
2375,train,2375,2380,2381,2386,2017-07-17 11:50:00,2017-07-17 12:40:00,2017-07-17 12:50:00,2017-07-17 13:40:00
2376,train,2376,2381,2382,2387,2017-07-17 12:00:00,2017-07-17 12:50:00,2017-07-17 13:00:00,2017-07-17 13:50:00
2377,train,2377,2382,2383,2388,2017-07-17 12:10:00,2017-07-17 13:00:00,2017-07-17 13:10:00,2017-07-17 14:00:00
2378,train,2378,2383,2384,2389,2017-07-17 12:20:00,2017-07-17 13:10:00,2017-07-17 13:20:00,2017-07-17 14:10:00
2379,train,2379,2384,2385,2390,2017-07-17 12:30:00,2017-07-17 13:20:00,2017-07-17 13:30:00,2017-07-17 14:20:00
2380,train,2380,2385,2386,2391,2017-07-17 12:40:00,2017-07-17 13:30:00,2017-07-17 13:40:00,2017-07-17 14:30:00
2381,train,2381,2386,2387,2392,2017-07-17 12:50:00,2017-07-17 13:40:00,2017-07-17 13:50:00,2017-07-17 14:40:00
2382,train,2382,2387,2388,2393,2017-07-17 13:00:00,2017-07-17 13:50:00,2017-07-17 14:00:00,2017-07-17 14:50:00
2383,train,2383,2388,2389,2394,2017-07-17 13:10:00,2017-07-17 14:00:00,2017-07-17 14:10:00,2017-07-17 15:00:00
2384,train,2384,2389,2390,2395,2017-07-17 13:20:00,2017-07-17 14:10:00,2017-07-17 14:20:00,2017-07-17 15:10:00
2385,train,2385,2390,2391,2396,2017-07-17 13:30:00,2017-07-17 14:20:00,2017-07-17 14:30:00,2017-07-17 15:20:00
2386,train,2386,2391,2392,2397,2017-07-17 13:40:00,2017-07-17 14:30:00,2017-07-17 14:40:00,2017-07-17 15:30:00
2387,train,2387,2392,2393,2398,2017-07-17 13:50:00,2017-07-17 14:40:00,2017-07-17 14:50:00,2017-07-17 15:40:00
2388,train,2388,2393,2394,2399,2017-07-17 14:00:00,2017-07-17 14:50:00,2017-07-17 15:00:00,2017-07-17 15:50:00
2389,train,2389,2394,2395,2400,2017-07-17 14:10:00,2017-07-17 15:00:00,2017-07-17 15:10:00,2017-07-17 16:00:00
2390,train,2390,2395,2396,2401,2017-07-17 14:20:00,2017-07-17 15:10:00,2017-07-17 15:20:00,2017-07-17 16:10:00
2391,train,2391,2396,2397,2402,2017-07-17 14:30:00,2017-07-17 15:20:00,2017-07-17 15:30:00,2017-07-17 16:20:00
2392,train,2392,2397,2398,2403,2017-07-17 14:40:00,2017-07-17 15:30:00,2017-07-17 15:40:00,2017-07-17 16:30:00
2393,train,2393,2398,2399,2404,2017-07-17 14:50:00,2017-07-17 15:40:00,2017-07-17 15:50:00,2017-07-17 16:40:00
2394,train,2394,2399,2400,2405,2017-07-17 15:00:00,2017-07-17 15:50:00,2017-07-17 16:00:00,2017-07-17 16:50:00
2395,train,2395,2400,2401,2406,2017-07-17 15:10:00,2017-07-17 16:00:00,2017-07-17 16:10:00,2017-07-17 17:00:00
2396,train,2396,2401,2402,2407,2017-07-17 15:20:00,2017-07-17 16:10:00,2017-07-17 16:20:00,2017-07-17 17:10:00
2397,train,2397,2402,2403,2408,2017-07-17 15:30:00,2017-07-17 16:20:00,2017-07-17 16:30:00,2017-07-17 17:20:00
2398,train,2398,2403,2404,2409,2017-07-17 15:40:00,2017-07-17 16:30:00,2017-07-17 16:40:00,2017-07-17 17:30:00
2399,train,2399,2404,2405,2410,2017-07-17 15:50:00,2017-07-17 16:40:00,2017-07-17 16:50:00,2017-07-17 17:40:00
2400,train,2400,2405,2406,2411,2017-07-17 16:00:00,2017-07-17 16:50:00,2017-07-17 17:00:00,2017-07-17 17:50:00
2401,train,2401,2406,2407,2412,2017-07-17 16:10:00,2017-07-17 17:00:00,2017-07-17 17:10:00,2017-07-17 18:00:00
2402,train,2402,2407,2408,2413,2017-07-17 16:20:00,2017-07-17 17:10:00,2017-07-17 17:20:00,2017-07-17 18:10:00
2403,train,2403,2408,2409,2414,2017-07-17 16:30:00,2017-07-17 17:20:00,2017-07-17 17:30:00,2017-07-17 18:20:00
2404,train,2404,2409,2410,2415,2017-07-17 16:40:00,2017-07-17 17:30:00,2017-07-17 17:40:00,2017-07-17 18:30:00
2405,train,2405,2410,2411,2416,2017-07-17 16:50:00,2017-07-17 17:40:00,2017-07-17 17:50:00,2017-07-17 18:40:00
2406,train,2406,2411,2412,2417,2017-07-17 17:00:00,2017-07-17 17:50:00,2017-07-17 18:00:00,2017-07-17 18:50:00
2407,train,2407,2412,2413,2418,2017-07-17 17:10:00,2017-07-17 18:00:00,2017-07-17 18:10:00,2017-07-17 19:00:00
2408,train,2408,2413,2414,2419,2017-07-17 17:20:00,2017-07-17 18:10:00,2017-07-17 18:20:00,2017-07-17 19:10:00
2409,train,2409,2414,2415,2420,2017-07-17 17:30:00,2017-07-17 18:20:00,2017-07-17 18:30:00,2017-07-17 19:20:00
2410,train,2410,2415,2416,2421,2017-07-17 17:40:00,2017-07-17 18:30:00,2017-07-17 18:40:00,2017-07-17 19:30:00
2411,train,2411,2416,2417,2422,2017-07-17 17:50:00,2017-07-17 18:40:00,2017-07-17 18:50:00,2017-07-17 19:40:00
2412,train,2412,2417,2418,2423,2017-07-17 18:00:00,2017-07-17 18:50:00,2017-07-17 19:00:00,2017-07-17 19:50:00
2413,train,2413,2418,2419,2424,2017-07-17 18:10:00,2017-07-17 19:00:00,2017-07-17 19:10:00,2017-07-17 20:00:00
2414,train,2414,2419,2420,2425,2017-07-17 18:20:00,2017-07-17 19:10:00,2017-07-17 19:20:00,2017-07-17 20:10:00
2415,train,2415,2420,2421,2426,2017-07-17 18:30:00,2017-07-17 19:20:00,2017-07-17 19:30:00,2017-07-17 20:20:00
2416,train,2416,2421,2422,2427,2017-07-17 18:40:00,2017-07-17 19:30:00,2017-07-17 19:40:00,2017-07-17 20:30:00
2417,train,2417,2422,2423,2428,2017-07-17 18:50:00,2017-07-17 19:40:00,2017-07-17 19:50:00,2017-07-17 20:40:00
2418,train,2418,2423,2424,2429,2017-07-17 19:00:00,2017-07-17 19:50:00,2017-07-17 20:00:00,2017-07-17 20:50:00
2419,train,2419,2424,2425,2430,2017-07-17 19:10:00,2017-07-17 20:00:00,2017-07-17 20:10:00,2017-07-17 21:00:00
2420,train,2420,2425,2426,2431,2017-07-17 19:20:00,2017-07-17 20:10:00,2017-07-17 20:20:00,2017-07-17 21:10:00
2421,train,2421,2426,2427,2432,2017-07-17 19:30:00,2017-07-17 20:20:00,2017-07-17 20:30:00,2017-07-17 21:20:00
2422,train,2422,2427,2428,2433,2017-07-17 19:40:00,2017-07-17 20:30:00,2017-07-17 20:40:00,2017-07-17 21:30:00
2423,train,2423,2428,2429,2434,2017-07-17 19:50:00,2017-07-17 20:40:00,2017-07-17 20:50:00,2017-07-17 21:40:00
2424,train,2424,2429,2430,2435,2017-07-17 20:00:00,2017-07-17 20:50:00,2017-07-17 21:00:00,2017-07-17 21:50:00
2425,train,2425,2430,2431,2436,2017-07-17 20:10:00,2017-07-17 21:00:00,2017-07-17 21:10:00,2017-07-17 22:00:00
2426,train,2426,2431,2432,2437,2017-07-17 20:20:00,2017-07-17 21:10:00,2017-07-17 21:20:00,2017-07-17 22:10:00
2427,train,2427,2432,2433,2438,2017-07-17 20:30:00,2017-07-17 21:20:00,2017-07-17 21:30:00,2017-07-17 22:20:00
2428,train,2428,2433,2434,2439,2017-07-17 20:40:00,2017-07-17 21:30:00,2017-07-17 21:40:00,2017-07-17 22:30:00
2429,train,2429,2434,2435,2440,2017-07-17 20:50:00,2017-07-17 21:40:00,2017-07-17 21:50:00,2017-07-17 22:40:00
2430,train,2430,2435,2436,2441,2017-07-17 21:00:00,2017-07-17 21:50:00,2017-07-17 22:00:00,2017-07-17 22:50:00
2431,train,2431,2436,2437,2442,2017-07-17 21:10:00,2017-07-17 22:00:00,2017-07-17 22:10:00,2017-07-17 23:00:00
2432,train,2432,2437,2438,2443,2017-07-17 21:20:00,2017-07-17 22:10:00,2017-07-17 22:20:00,2017-07-17 23:10:00
2433,train,2433,2438,2439,2444,2017-07-17 21:30:00,2017-07-17 22:20:00,2017-07-17 22:30:00,2017-07-17 23:20:00
2434,train,2434,2439,2440,2445,2017-07-17 21:40:00,2017-07-17 22:30:00,2017-07-17 22:40:00,2017-07-17 23:30:00
2435,train,2435,2440,2441,2446,2017-07-17 21:50:00,2017-07-17 22:40:00,2017-07-17 22:50:00,2017-07-17 23:40:00
2436,train,2436,2441,2442,2447,2017-07-17 22:00:00,2017-07-17 22:50:00,2017-07-17 23:00:00,2017-07-17 23:50:00
2437,train,2437,2442,2443,2448,2017-07-17 22:10:00,2017-07-17 23:00:00,2017-07-17 23:10:00,2017-07-18 00:00:00
2438,train,2438,2443,2444,2449,2017-07-17 22:20:00,2017-07-17 23:10:00,2017-07-17 23:20:00,2017-07-18 00:10:00
2439,train,2439,2444,2445,2450,2017-07-17 22:30:00,2017-07-17 23:20:00,2017-07-17 23:30:00,2017-07-18 00:20:00
2440,train,2440,2445,2446,2451,2017-07-17 22:40:00,2017-07-17 23:30:00,2017-07-17 23:40:00,2017-07-18 00:30:00
2441,train,2441,2446,2447,2452,2017-07-17 22:50:00,2017-07-17 23:40:00,2017-07-17 23:50:00,2017-07-18 00:40:00
2442,train,2442,2447,2448,2453,2017-07-17 23:00:00,2017-07-17 23:50:00,2017-07-18 00:00:00,2017-07-18 00:50:00
2443,train,2443,2448,2449,2454,2017-07-17 23:10:00,2017-07-18 00:00:00,2017-07-18 00:10:00,2017-07-18 01:00:00
2444,train,2444,2449,2450,2455,2017-07-17 23:20:00,2017-07-18 00:10:00,2017-07-18 00:20:00,2017-07-18 01:10:00
2445,train,2445,2450,2451,2456,2017-07-17 23:30:00,2017-07-18 00:20:00,2017-07-18 00:30:00,2017-07-18 01:20:00
2446,train,2446,2451,2452,2457,2017-07-17 23:40:00,2017-07-18 00:30:00,2017-07-18 00:40:00,2017-07-18 01:30:00
2447,train,2447,2452,2453,2458,2017-07-17 23:50:00,2017-07-18 00:40:00,2017-07-18 00:50:00,2017-07-18 01:40:00
2448,train,2448,2453,2454,2459,2017-07-18 00:00:00,2017-07-18 00:50:00,2017-07-18 01:00:00,2017-07-18 01:50:00
2449,train,2449,2454,2455,2460,2017-07-18 00:10:00,2017-07-18 01:00:00,2017-07-18 01:10:00,2017-07-18 02:00:00
2450,train,2450,2455,2456,2461,2017-07-18 00:20:00,2017-07-18 01:10:00,2017-07-18 01:20:00,2017-07-18 02:10:00
2451,train,2451,2456,2457,2462,2017-07-18 00:30:00,2017-07-18 01:20:00,2017-07-18 01:30:00,2017-07-18 02:20:00
2452,train,2452,2457,2458,2463,2017-07-18 00:40:00,2017-07-18 01:30:00,2017-07-18 01:40:00,2017-07-18 02:30:00
2453,train,2453,2458,2459,2464,2017-07-18 00:50:00,2017-07-18 01:40:00,2017-07-18 01:50:00,2017-07-18 02:40:00
2454,train,2454,2459,2460,2465,2017-07-18 01:00:00,2017-07-18 01:50:00,2017-07-18 02:00:00,2017-07-18 02:50:00
2455,train,2455,2460,2461,2466,2017-07-18 01:10:00,2017-07-18 02:00:00,2017-07-18 02:10:00,2017-07-18 03:00:00
2456,train,2456,2461,2462,2467,2017-07-18 01:20:00,2017-07-18 02:10:00,2017-07-18 02:20:00,2017-07-18 03:10:00
2457,train,2457,2462,2463,2468,2017-07-18 01:30:00,2017-07-18 02:20:00,2017-07-18 02:30:00,2017-07-18 03:20:00
2458,train,2458,2463,2464,2469,2017-07-18 01:40:00,2017-07-18 02:30:00,2017-07-18 02:40:00,2017-07-18 03:30:00
2459,train,2459,2464,2465,2470,2017-07-18 01:50:00,2017-07-18 02:40:00,2017-07-18 02:50:00,2017-07-18 03:40:00
2460,train,2460,2465,2466,2471,2017-07-18 02:00:00,2017-07-18 02:50:00,2017-07-18 03:00:00,2017-07-18 03:50:00
2461,train,2461,2466,2467,2472,2017-07-18 02:10:00,2017-07-18 03:00:00,2017-07-18 03:10:00,2017-07-18 04:00:00
2462,train,2462,2467,2468,2473,2017-07-18 02:20:00,2017-07-18 03:10:00,2017-07-18 03:20:00,2017-07-18 04:10:00
2463,train,2463,2468,2469,2474,2017-07-18 02:30:00,2017-07-18 03:20:00,2017-07-18 03:30:00,2017-07-18 04:20:00
2464,train,2464,2469,2470,2475,2017-07-18 02:40:00,2017-07-18 03:30:00,2017-07-18 03:40:00,2017-07-18 04:30:00
2465,train,2465,2470,2471,2476,2017-07-18 02:50:00,2017-07-18 03:40:00,2017-07-18 03:50:00,2017-07-18 04:40:00
2466,train,2466,2471,2472,2477,2017-07-18 03:00:00,2017-07-18 03:50:00,2017-07-18 04:00:00,2017-07-18 04:50:00
2467,train,2467,2472,2473,2478,2017-07-18 03:10:00,2017-07-18 04:00:00,2017-07-18 04:10:00,2017-07-18 05:00:00
2468,train,2468,2473,2474,2479,2017-07-18 03:20:00,2017-07-18 04:10:00,2017-07-18 04:20:00,2017-07-18 05:10:00
2469,train,2469,2474,2475,2480,2017-07-18 03:30:00,2017-07-18 04:20:00,2017-07-18 04:30:00,2017-07-18 05:20:00
2470,train,2470,2475,2476,2481,2017-07-18 03:40:00,2017-07-18 04:30:00,2017-07-18 04:40:00,2017-07-18 05:30:00
2471,train,2471,2476,2477,2482,2017-07-18 03:50:00,2017-07-18 04:40:00,2017-07-18 04:50:00,2017-07-18 05:40:00
2472,train,2472,2477,2478,2483,2017-07-18 04:00:00,2017-07-18 04:50:00,2017-07-18 05:00:00,2017-07-18 05:50:00
2473,train,2473,2478,2479,2484,2017-07-18 04:10:00,2017-07-18 05:00:00,2017-07-18 05:10:00,2017-07-18 06:00:00
2474,train,2474,2479,2480,2485,2017-07-18 04:20:00,2017-07-18 05:10:00,2017-07-18 05:20:00,2017-07-18 06:10:00
2475,train,2475,2480,2481,2486,2017-07-18 04:30:00,2017-07-18 05:20:00,2017-07-18 05:30:00,2017-07-18 06:20:00
2476,train,2476,2481,2482,2487,2017-07-18 04:40:00,2017-07-18 05:30:00,2017-07-18 05:40:00,2017-07-18 06:30:00
2477,train,2477,2482,2483,2488,2017-07-18 04:50:00,2017-07-18 05:40:00,2017-07-18 05:50:00,2017-07-18 06:40:00
2478,train,2478,2483,2484,2489,2017-07-18 05:00:00,2017-07-18 05:50:00,2017-07-18 06:00:00,2017-07-18 06:50:00
2479,train,2479,2484,2485,2490,2017-07-18 05:10:00,2017-07-18 06:00:00,2017-07-18 06:10:00,2017-07-18 07:00:00
2480,train,2480,2485,2486,2491,2017-07-18 05:20:00,2017-07-18 06:10:00,2017-07-18 06:20:00,2017-07-18 07:10:00
2481,train,2481,2486,2487,2492,2017-07-18 05:30:00,2017-07-18 06:20:00,2017-07-18 06:30:00,2017-07-18 07:20:00
2482,train,2482,2487,2488,2493,2017-07-18 05:40:00,2017-07-18 06:30:00,2017-07-18 06:40:00,2017-07-18 07:30:00
2483,train,2483,2488,2489,2494,2017-07-18 05:50:00,2017-07-18 06:40:00,2017-07-18 06:50:00,2017-07-18 07:40:00
2484,train,2484,2489,2490,2495,2017-07-18 06:00:00,2017-07-18 06:50:00,2017-07-18 07:00:00,2017-07-18 07:50:00
2485,train,2485,2490,2491,2496,2017-07-18 06:10:00,2017-07-18 07:00:00,2017-07-18 07:10:00,2017-07-18 08:00:00
2486,train,2486,2491,2492,2497,2017-07-18 06:20:00,2017-07-18 07:10:00,2017-07-18 07:20:00,2017-07-18 08:10:00
2487,train,2487,2492,2493,2498,2017-07-18 06:30:00,2017-07-18 07:20:00,2017-07-18 07:30:00,2017-07-18 08:20:00
2488,train,2488,2493,2494,2499,2017-07-18 06:40:00,2017-07-18 07:30:00,2017-07-18 07:40:00,2017-07-18 08:30:00
2489,train,2489,2494,2495,2500,2017-07-18 06:50:00,2017-07-18 07:40:00,2017-07-18 07:50:00,2017-07-18 08:40:00
2490,train,2490,2495,2496,2501,2017-07-18 07:00:00,2017-07-18 07:50:00,2017-07-18 08:00:00,2017-07-18 08:50:00
2491,train,2491,2496,2497,2502,2017-07-18 07:10:00,2017-07-18 08:00:00,2017-07-18 08:10:00,2017-07-18 09:00:00
2492,train,2492,2497,2498,2503,2017-07-18 07:20:00,2017-07-18 08:10:00,2017-07-18 08:20:00,2017-07-18 09:10:00
2493,train,2493,2498,2499,2504,2017-07-18 07:30:00,2017-07-18 08:20:00,2017-07-18 08:30:00,2017-07-18 09:20:00
2494,train,2494,2499,2500,2505,2017-07-18 07:40:00,2017-07-18 08:30:00,2017-07-18 08:40:00,2017-07-18 09:30:00
2495,train,2495,2500,2501,2506,2017-07-18 07:50:00,2017-07-18 08:40:00,2017-07-18 08:50:00,2017-07-18 09:40:00
2496,train,2496,2501,2502,2507,2017-07-18 08:00:00,2017-07-18 08:50:00,2017-07-18 09:00:00,2017-07-18 09:50:00
2497,train,2497,2502,2503,2508,2017-07-18 08:10:00,2017-07-18 09:00:00,2017-07-18 09:10:00,2017-07-18 10:00:00
2498,train,2498,2503,2504,2509,2017-07-18 08:20:00,2017-07-18 09:10:00,2017-07-18 09:20:00,2017-07-18 10:10:00
2499,train,2499,2504,2505,2510,2017-07-18 08:30:00,2017-07-18 09:20:00,2017-07-18 09:30:00,2017-07-18 10:20:00
2500,train,2500,2505,2506,2511,2017-07-18 08:40:00,2017-07-18 09:30:00,2017-07-18 09:40:00,2017-07-18 10:30:00
2501,train,2501,2506,2507,2512,2017-07-18 08:50:00,2017-07-18 09:40:00,2017-07-18 09:50:00,2017-07-18 10:40:00
2502,train,2502,2507,2508,2513,2017-07-18 09:00:00,2017-07-18 09:50:00,2017-07-18 10:00:00,2017-07-18 10:50:00
2503,train,2503,2508,2509,2514,2017-07-18 09:10:00,2017-07-18 10:00:00,2017-07-18 10:10:00,2017-07-18 11:00:00
2504,train,2504,2509,2510,2515,2017-07-18 09:20:00,2017-07-18 10:10:00,2017-07-18 10:20:00,2017-07-18 11:10:00
2505,train,2505,2510,2511,2516,2017-07-18 09:30:00,2017-07-18 10:20:00,2017-07-18 10:30:00,2017-07-18 11:20:00
2506,train,2506,2511,2512,2517,2017-07-18 09:40:00,2017-07-18 10:30:00,2017-07-18 10:40:00,2017-07-18 11:30:00
2507,train,2507,2512,2513,2518,2017-07-18 09:50:00,2017-07-18 10:40:00,2017-07-18 10:50:00,2017-07-18 11:40:00
2508,train,2508,2513,2514,2519,2017-07-18 10:00:00,2017-07-18 10:50:00,2017-07-18 11:00:00,2017-07-18 11:50:00
2509,train,2509,2514,2515,2520,2017-07-18 10:10:00,2017-07-18 11:00:00,2017-07-18 11:10:00,2017-07-18 12:00:00
2510,train,2510,2515,2516,2521,2017-07-18 10:20:00,2017-07-18 11:10:00,2017-07-18 11:20:00,2017-07-18 12:10:00
2511,train,2511,2516,2517,2522,2017-07-18 10:30:00,2017-07-18 11:20:00,2017-07-18 11:30:00,2017-07-18 12:20:00
2512,train,2512,2517,2518,2523,2017-07-18 10:40:00,2017-07-18 11:30:00,2017-07-18 11:40:00,2017-07-18 12:30:00
2513,train,2513,2518,2519,2524,2017-07-18 10:50:00,2017-07-18 11:40:00,2017-07-18 11:50:00,2017-07-18 12:40:00
2514,train,2514,2519,2520,2525,2017-07-18 11:00:00,2017-07-18 11:50:00,2017-07-18 12:00:00,2017-07-18 12:50:00
2515,train,2515,2520,2521,2526,2017-07-18 11:10:00,2017-07-18 12:00:00,2017-07-18 12:10:00,2017-07-18 13:00:00
2516,train,2516,2521,2522,2527,2017-07-18 11:20:00,2017-07-18 12:10:00,2017-07-18 12:20:00,2017-07-18 13:10:00
2517,train,2517,2522,2523,2528,2017-07-18 11:30:00,2017-07-18 12:20:00,2017-07-18 12:30:00,2017-07-18 13:20:00
2518,train,2518,2523,2524,2529,2017-07-18 11:40:00,2017-07-18 12:30:00,2017-07-18 12:40:00,2017-07-18 13:30:00
2519,train,2519,2524,2525,2530,2017-07-18 11:50:00,2017-07-18 12:40:00,2017-07-18 12:50:00,2017-07-18 13:40:00
2520,train,2520,2525,2526,2531,2017-07-18 12:00:00,2017-07-18 12:50:00,2017-07-18 13:00:00,2017-07-18 13:50:00
2521,train,2521,2526,2527,2532,2017-07-18 12:10:00,2017-07-18 13:00:00,2017-07-18 13:10:00,2017-07-18 14:00:00
2522,train,2522,2527,2528,2533,2017-07-18 12:20:00,2017-07-18 13:10:00,2017-07-18 13:20:00,2017-07-18 14:10:00
2523,train,2523,2528,2529,2534,2017-07-18 12:30:00,2017-07-18 13:20:00,2017-07-18 13:30:00,2017-07-18 14:20:00
2524,train,2524,2529,2530,2535,2017-07-18 12:40:00,2017-07-18 13:30:00,2017-07-18 13:40:00,2017-07-18 14:30:00
2525,train,2525,2530,2531,2536,2017-07-18 12:50:00,2017-07-18 13:40:00,2017-07-18 13:50:00,2017-07-18 14:40:00
2526,train,2526,2531,2532,2537,2017-07-18 13:00:00,2017-07-18 13:50:00,2017-07-18 14:00:00,2017-07-18 14:50:00
2527,train,2527,2532,2533,2538,2017-07-18 13:10:00,2017-07-18 14:00:00,2017-07-18 14:10:00,2017-07-18 15:00:00
2528,train,2528,2533,2534,2539,2017-07-18 13:20:00,2017-07-18 14:10:00,2017-07-18 14:20:00,2017-07-18 15:10:00
2529,train,2529,2534,2535,2540,2017-07-18 13:30:00,2017-07-18 14:20:00,2017-07-18 14:30:00,2017-07-18 15:20:00
2530,train,2530,2535,2536,2541,2017-07-18 13:40:00,2017-07-18 14:30:00,2017-07-18 14:40:00,2017-07-18 15:30:00
2531,train,2531,2536,2537,2542,2017-07-18 13:50:00,2017-07-18 14:40:00,2017-07-18 14:50:00,2017-07-18 15:40:00
2532,train,2532,2537,2538,2543,2017-07-18 14:00:00,2017-07-18 14:50:00,2017-07-18 15:00:00,2017-07-18 15:50:00
2533,train,2533,2538,2539,2544,2017-07-18 14:10:00,2017-07-18 15:00:00,2017-07-18 15:10:00,2017-07-18 16:00:00
2534,train,2534,2539,2540,2545,2017-07-18 14:20:00,2017-07-18 15:10:00,2017-07-18 15:20:00,2017-07-18 16:10:00
2535,train,2535,2540,2541,2546,2017-07-18 14:30:00,2017-07-18 15:20:00,2017-07-18 15:30:00,2017-07-18 16:20:00
2536,train,2536,2541,2542,2547,2017-07-18 14:40:00,2017-07-18 15:30:00,2017-07-18 15:40:00,2017-07-18 16:30:00
2537,train,2537,2542,2543,2548,2017-07-18 14:50:00,2017-07-18 15:40:00,2017-07-18 15:50:00,2017-07-18 16:40:00
2538,train,2538,2543,2544,2549,2017-07-18 15:00:00,2017-07-18 15:50:00,2017-07-18 16:00:00,2017-07-18 16:50:00
2539,train,2539,2544,2545,2550,2017-07-18 15:10:00,2017-07-18 16:00:00,2017-07-18 16:10:00,2017-07-18 17:00:00
2540,train,2540,2545,2546,2551,2017-07-18 15:20:00,2017-07-18 16:10:00,2017-07-18 16:20:00,2017-07-18 17:10:00
2541,train,2541,2546,2547,2552,2017-07-18 15:30:00,2017-07-18 16:20:00,2017-07-18 16:30:00,2017-07-18 17:20:00
2542,train,2542,2547,2548,2553,2017-07-18 15:40:00,2017-07-18 16:30:00,2017-07-18 16:40:00,2017-07-18 17:30:00
2543,train,2543,2548,2549,2554,2017-07-18 15:50:00,2017-07-18 16:40:00,2017-07-18 16:50:00,2017-07-18 17:40:00
2544,train,2544,2549,2550,2555,2017-07-18 16:00:00,2017-07-18 16:50:00,2017-07-18 17:00:00,2017-07-18 17:50:00
2545,train,2545,2550,2551,2556,2017-07-18 16:10:00,2017-07-18 17:00:00,2017-07-18 17:10:00,2017-07-18 18:00:00
2546,train,2546,2551,2552,2557,2017-07-18 16:20:00,2017-07-18 17:10:00,2017-07-18 17:20:00,2017-07-18 18:10:00
2547,train,2547,2552,2553,2558,2017-07-18 16:30:00,2017-07-18 17:20:00,2017-07-18 17:30:00,2017-07-18 18:20:00
2548,train,2548,2553,2554,2559,2017-07-18 16:40:00,2017-07-18 17:30:00,2017-07-18 17:40:00,2017-07-18 18:30:00
2549,train,2549,2554,2555,2560,2017-07-18 16:50:00,2017-07-18 17:40:00,2017-07-18 17:50:00,2017-07-18 18:40:00
2550,train,2550,2555,2556,2561,2017-07-18 17:00:00,2017-07-18 17:50:00,2017-07-18 18:00:00,2017-07-18 18:50:00
2551,train,2551,2556,2557,2562,2017-07-18 17:10:00,2017-07-18 18:00:00,2017-07-18 18:10:00,2017-07-18 19:00:00
2552,train,2552,2557,2558,2563,2017-07-18 17:20:00,2017-07-18 18:10:00,2017-07-18 18:20:00,2017-07-18 19:10:00
2553,train,2553,2558,2559,2564,2017-07-18 17:30:00,2017-07-18 18:20:00,2017-07-18 18:30:00,2017-07-18 19:20:00
2554,train,2554,2559,2560,2565,2017-07-18 17:40:00,2017-07-18 18:30:00,2017-07-18 18:40:00,2017-07-18 19:30:00
2555,train,2555,2560,2561,2566,2017-07-18 17:50:00,2017-07-18 18:40:00,2017-07-18 18:50:00,2017-07-18 19:40:00
2556,train,2556,2561,2562,2567,2017-07-18 18:00:00,2017-07-18 18:50:00,2017-07-18 19:00:00,2017-07-18 19:50:00
2557,train,2557,2562,2563,2568,2017-07-18 18:10:00,2017-07-18 19:00:00,2017-07-18 19:10:00,2017-07-18 20:00:00
2558,train,2558,2563,2564,2569,2017-07-18 18:20:00,2017-07-18 19:10:00,2017-07-18 19:20:00,2017-07-18 20:10:00
2559,train,2559,2564,2565,2570,2017-07-18 18:30:00,2017-07-18 19:20:00,2017-07-18 19:30:00,2017-07-18 20:20:00
2560,train,2560,2565,2566,2571,2017-07-18 18:40:00,2017-07-18 19:30:00,2017-07-18 19:40:00,2017-07-18 20:30:00
2561,train,2561,2566,2567,2572,2017-07-18 18:50:00,2017-07-18 19:40:00,2017-07-18 19:50:00,2017-07-18 20:40:00
2562,train,2562,2567,2568,2573,2017-07-18 19:00:00,2017-07-18 19:50:00,2017-07-18 20:00:00,2017-07-18 20:50:00
2563,train,2563,2568,2569,2574,2017-07-18 19:10:00,2017-07-18 20:00:00,2017-07-18 20:10:00,2017-07-18 21:00:00
2564,train,2564,2569,2570,2575,2017-07-18 19:20:00,2017-07-18 20:10:00,2017-07-18 20:20:00,2017-07-18 21:10:00
2565,train,2565,2570,2571,2576,2017-07-18 19:30:00,2017-07-18 20:20:00,2017-07-18 20:30:00,2017-07-18 21:20:00
2566,train,2566,2571,2572,2577,2017-07-18 19:40:00,2017-07-18 20:30:00,2017-07-18 20:40:00,2017-07-18 21:30:00
2567,train,2567,2572,2573,2578,2017-07-18 19:50:00,2017-07-18 20:40:00,2017-07-18 20:50:00,2017-07-18 21:40:00
2568,train,2568,2573,2574,2579,2017-07-18 20:00:00,2017-07-18 20:50:00,2017-07-18 21:00:00,2017-07-18 21:50:00
2569,train,2569,2574,2575,2580,2017-07-18 20:10:00,2017-07-18 21:00:00,2017-07-18 21:10:00,2017-07-18 22:00:00
2570,train,2570,2575,2576,2581,2017-07-18 20:20:00,2017-07-18 21:10:00,2017-07-18 21:20:00,2017-07-18 22:10:00
2571,train,2571,2576,2577,2582,2017-07-18 20:30:00,2017-07-18 21:20:00,2017-07-18 21:30:00,2017-07-18 22:20:00
2572,train,2572,2577,2578,2583,2017-07-18 20:40:00,2017-07-18 21:30:00,2017-07-18 21:40:00,2017-07-18 22:30:00
2573,train,2573,2578,2579,2584,2017-07-18 20:50:00,2017-07-18 21:40:00,2017-07-18 21:50:00,2017-07-18 22:40:00
2574,train,2574,2579,2580,2585,2017-07-18 21:00:00,2017-07-18 21:50:00,2017-07-18 22:00:00,2017-07-18 22:50:00
2575,train,2575,2580,2581,2586,2017-07-18 21:10:00,2017-07-18 22:00:00,2017-07-18 22:10:00,2017-07-18 23:00:00
2576,train,2576,2581,2582,2587,2017-07-18 21:20:00,2017-07-18 22:10:00,2017-07-18 22:20:00,2017-07-18 23:10:00
2577,train,2577,2582,2583,2588,2017-07-18 21:30:00,2017-07-18 22:20:00,2017-07-18 22:30:00,2017-07-18 23:20:00
2578,train,2578,2583,2584,2589,2017-07-18 21:40:00,2017-07-18 22:30:00,2017-07-18 22:40:00,2017-07-18 23:30:00
2579,train,2579,2584,2585,2590,2017-07-18 21:50:00,2017-07-18 22:40:00,2017-07-18 22:50:00,2017-07-18 23:40:00
2580,train,2580,2585,2586,2591,2017-07-18 22:00:00,2017-07-18 22:50:00,2017-07-18 23:00:00,2017-07-18 23:50:00
2581,train,2581,2586,2587,2592,2017-07-18 22:10:00,2017-07-18 23:00:00,2017-07-18 23:10:00,2017-07-19 00:00:00
2582,train,2582,2587,2588,2593,2017-07-18 22:20:00,2017-07-18 23:10:00,2017-07-18 23:20:00,2017-07-19 00:10:00
2583,train,2583,2588,2589,2594,2017-07-18 22:30:00,2017-07-18 23:20:00,2017-07-18 23:30:00,2017-07-19 00:20:00
2584,train,2584,2589,2590,2595,2017-07-18 22:40:00,2017-07-18 23:30:00,2017-07-18 23:40:00,2017-07-19 00:30:00
2585,train,2585,2590,2591,2596,2017-07-18 22:50:00,2017-07-18 23:40:00,2017-07-18 23:50:00,2017-07-19 00:40:00
2586,train,2586,2591,2592,2597,2017-07-18 23:00:00,2017-07-18 23:50:00,2017-07-19 00:00:00,2017-07-19 00:50:00
2587,train,2587,2592,2593,2598,2017-07-18 23:10:00,2017-07-19 00:00:00,2017-07-19 00:10:00,2017-07-19 01:00:00
2588,train,2588,2593,2594,2599,2017-07-18 23:20:00,2017-07-19 00:10:00,2017-07-19 00:20:00,2017-07-19 01:10:00
2589,train,2589,2594,2595,2600,2017-07-18 23:30:00,2017-07-19 00:20:00,2017-07-19 00:30:00,2017-07-19 01:20:00
2590,train,2590,2595,2596,2601,2017-07-18 23:40:00,2017-07-19 00:30:00,2017-07-19 00:40:00,2017-07-19 01:30:00
2591,train,2591,2596,2597,2602,2017-07-18 23:50:00,2017-07-19 00:40:00,2017-07-19 00:50:00,2017-07-19 01:40:00
2592,train,2592,2597,2598,2603,2017-07-19 00:00:00,2017-07-19 00:50:00,2017-07-19 01:00:00,2017-07-19 01:50:00
2593,train,2593,2598,2599,2604,2017-07-19 00:10:00,2017-07-19 01:00:00,2017-07-19 01:10:00,2017-07-19 02:00:00
2594,train,2594,2599,2600,2605,2017-07-19 00:20:00,2017-07-19 01:10:00,2017-07-19 01:20:00,2017-07-19 02:10:00
2595,train,2595,2600,2601,2606,2017-07-19 00:30:00,2017-07-19 01:20:00,2017-07-19 01:30:00,2017-07-19 02:20:00
2596,train,2596,2601,2602,2607,2017-07-19 00:40:00,2017-07-19 01:30:00,2017-07-19 01:40:00,2017-07-19 02:30:00
2597,train,2597,2602,2603,2608,2017-07-19 00:50:00,2017-07-19 01:40:00,2017-07-19 01:50:00,2017-07-19 02:40:00
2598,train,2598,2603,2604,2609,2017-07-19 01:00:00,2017-07-19 01:50:00,2017-07-19 02:00:00,2017-07-19 02:50:00
2599,train,2599,2604,2605,2610,2017-07-19 01:10:00,2017-07-19 02:00:00,2017-07-19 02:10:00,2017-07-19 03:00:00
2600,train,2600,2605,2606,2611,2017-07-19 01:20:00,2017-07-19 02:10:00,2017-07-19 02:20:00,2017-07-19 03:10:00
2601,train,2601,2606,2607,2612,2017-07-19 01:30:00,2017-07-19 02:20:00,2017-07-19 02:30:00,2017-07-19 03:20:00
2602,train,2602,2607,2608,2613,2017-07-19 01:40:00,2017-07-19 02:30:00,2017-07-19 02:40:00,2017-07-19 03:30:00
2603,train,2603,2608,2609,2614,2017-07-19 01:50:00,2017-07-19 02:40:00,2017-07-19 02:50:00,2017-07-19 03:40:00
2604,train,2604,2609,2610,2615,2017-07-19 02:00:00,2017-07-19 02:50:00,2017-07-19 03:00:00,2017-07-19 03:50:00
2605,train,2605,2610,2611,2616,2017-07-19 02:10:00,2017-07-19 03:00:00,2017-07-19 03:10:00,2017-07-19 04:00:00
2606,train,2606,2611,2612,2617,2017-07-19 02:20:00,2017-07-19 03:10:00,2017-07-19 03:20:00,2017-07-19 04:10:00
2607,train,2607,2612,2613,2618,2017-07-19 02:30:00,2017-07-19 03:20:00,2017-07-19 03:30:00,2017-07-19 04:20:00
2608,train,2608,2613,2614,2619,2017-07-19 02:40:00,2017-07-19 03:30:00,2017-07-19 03:40:00,2017-07-19 04:30:00
2609,train,2609,2614,2615,2620,2017-07-19 02:50:00,2017-07-19 03:40:00,2017-07-19 03:50:00,2017-07-19 04:40:00
2610,train,2610,2615,2616,2621,2017-07-19 03:00:00,2017-07-19 03:50:00,2017-07-19 04:00:00,2017-07-19 04:50:00
2611,train,2611,2616,2617,2622,2017-07-19 03:10:00,2017-07-19 04:00:00,2017-07-19 04:10:00,2017-07-19 05:00:00
2612,train,2612,2617,2618,2623,2017-07-19 03:20:00,2017-07-19 04:10:00,2017-07-19 04:20:00,2017-07-19 05:10:00
2613,train,2613,2618,2619,2624,2017-07-19 03:30:00,2017-07-19 04:20:00,2017-07-19 04:30:00,2017-07-19 05:20:00
2614,train,2614,2619,2620,2625,2017-07-19 03:40:00,2017-07-19 04:30:00,2017-07-19 04:40:00,2017-07-19 05:30:00
2615,train,2615,2620,2621,2626,2017-07-19 03:50:00,2017-07-19 04:40:00,2017-07-19 04:50:00,2017-07-19 05:40:00
2616,train,2616,2621,2622,2627,2017-07-19 04:00:00,2017-07-19 04:50:00,2017-07-19 05:00:00,2017-07-19 05:50:00
2617,train,2617,2622,2623,2628,2017-07-19 04:10:00,2017-07-19 05:00:00,2017-07-19 05:10:00,2017-07-19 06:00:00
2618,train,2618,2623,2624,2629,2017-07-19 04:20:00,2017-07-19 05:10:00,2017-07-19 05:20:00,2017-07-19 06:10:00
2619,train,2619,2624,2625,2630,2017-07-19 04:30:00,2017-07-19 05:20:00,2017-07-19 05:30:00,2017-07-19 06:20:00
2620,train,2620,2625,2626,2631,2017-07-19 04:40:00,2017-07-19 05:30:00,2017-07-19 05:40:00,2017-07-19 06:30:00
2621,train,2621,2626,2627,2632,2017-07-19 04:50:00,2017-07-19 05:40:00,2017-07-19 05:50:00,2017-07-19 06:40:00
2622,train,2622,2627,2628,2633,2017-07-19 05:00:00,2017-07-19 05:50:00,2017-07-19 06:00:00,2017-07-19 06:50:00
2623,train,2623,2628,2629,2634,2017-07-19 05:10:00,2017-07-19 06:00:00,2017-07-19 06:10:00,2017-07-19 07:00:00
2624,train,2624,2629,2630,2635,2017-07-19 05:20:00,2017-07-19 06:10:00,2017-07-19 06:20:00,2017-07-19 07:10:00
2625,train,2625,2630,2631,2636,2017-07-19 05:30:00,2017-07-19 06:20:00,2017-07-19 06:30:00,2017-07-19 07:20:00
2626,train,2626,2631,2632,2637,2017-07-19 05:40:00,2017-07-19 06:30:00,2017-07-19 06:40:00,2017-07-19 07:30:00
2627,train,2627,2632,2633,2638,2017-07-19 05:50:00,2017-07-19 06:40:00,2017-07-19 06:50:00,2017-07-19 07:40:00
2628,train,2628,2633,2634,2639,2017-07-19 06:00:00,2017-07-19 06:50:00,2017-07-19 07:00:00,2017-07-19 07:50:00
2629,train,2629,2634,2635,2640,2017-07-19 06:10:00,2017-07-19 07:00:00,2017-07-19 07:10:00,2017-07-19 08:00:00
2630,train,2630,2635,2636,2641,2017-07-19 06:20:00,2017-07-19 07:10:00,2017-07-19 07:20:00,2017-07-19 08:10:00
2631,train,2631,2636,2637,2642,2017-07-19 06:30:00,2017-07-19 07:20:00,2017-07-19 07:30:00,2017-07-19 08:20:00
2632,train,2632,2637,2638,2643,2017-07-19 06:40:00,2017-07-19 07:30:00,2017-07-19 07:40:00,2017-07-19 08:30:00
2633,train,2633,2638,2639,2644,2017-07-19 06:50:00,2017-07-19 07:40:00,2017-07-19 07:50:00,2017-07-19 08:40:00
2634,train,2634,2639,2640,2645,2017-07-19 07:00:00,2017-07-19 07:50:00,2017-07-19 08:00:00,2017-07-19 08:50:00
2635,train,2635,2640,2641,2646,2017-07-19 07:10:00,2017-07-19 08:00:00,2017-07-19 08:10:00,2017-07-19 09:00:00
2636,train,2636,2641,2642,2647,2017-07-19 07:20:00,2017-07-19 08:10:00,2017-07-19 08:20:00,2017-07-19 09:10:00
2637,train,2637,2642,2643,2648,2017-07-19 07:30:00,2017-07-19 08:20:00,2017-07-19 08:30:00,2017-07-19 09:20:00
2638,train,2638,2643,2644,2649,2017-07-19 07:40:00,2017-07-19 08:30:00,2017-07-19 08:40:00,2017-07-19 09:30:00
2639,train,2639,2644,2645,2650,2017-07-19 07:50:00,2017-07-19 08:40:00,2017-07-19 08:50:00,2017-07-19 09:40:00
2640,train,2640,2645,2646,2651,2017-07-19 08:00:00,2017-07-19 08:50:00,2017-07-19 09:00:00,2017-07-19 09:50:00
2641,train,2641,2646,2647,2652,2017-07-19 08:10:00,2017-07-19 09:00:00,2017-07-19 09:10:00,2017-07-19 10:00:00
2642,train,2642,2647,2648,2653,2017-07-19 08:20:00,2017-07-19 09:10:00,2017-07-19 09:20:00,2017-07-19 10:10:00
2643,train,2643,2648,2649,2654,2017-07-19 08:30:00,2017-07-19 09:20:00,2017-07-19 09:30:00,2017-07-19 10:20:00
2644,train,2644,2649,2650,2655,2017-07-19 08:40:00,2017-07-19 09:30:00,2017-07-19 09:40:00,2017-07-19 10:30:00
2645,train,2645,2650,2651,2656,2017-07-19 08:50:00,2017-07-19 09:40:00,2017-07-19 09:50:00,2017-07-19 10:40:00
2646,train,2646,2651,2652,2657,2017-07-19 09:00:00,2017-07-19 09:50:00,2017-07-19 10:00:00,2017-07-19 10:50:00
2647,train,2647,2652,2653,2658,2017-07-19 09:10:00,2017-07-19 10:00:00,2017-07-19 10:10:00,2017-07-19 11:00:00
2648,train,2648,2653,2654,2659,2017-07-19 09:20:00,2017-07-19 10:10:00,2017-07-19 10:20:00,2017-07-19 11:10:00
2649,train,2649,2654,2655,2660,2017-07-19 09:30:00,2017-07-19 10:20:00,2017-07-19 10:30:00,2017-07-19 11:20:00
2650,train,2650,2655,2656,2661,2017-07-19 09:40:00,2017-07-19 10:30:00,2017-07-19 10:40:00,2017-07-19 11:30:00
2651,train,2651,2656,2657,2662,2017-07-19 09:50:00,2017-07-19 10:40:00,2017-07-19 10:50:00,2017-07-19 11:40:00
2652,train,2652,2657,2658,2663,2017-07-19 10:00:00,2017-07-19 10:50:00,2017-07-19 11:00:00,2017-07-19 11:50:00
2653,train,2653,2658,2659,2664,2017-07-19 10:10:00,2017-07-19 11:00:00,2017-07-19 11:10:00,2017-07-19 12:00:00
2654,train,2654,2659,2660,2665,2017-07-19 10:20:00,2017-07-19 11:10:00,2017-07-19 11:20:00,2017-07-19 12:10:00
2655,train,2655,2660,2661,2666,2017-07-19 10:30:00,2017-07-19 11:20:00,2017-07-19 11:30:00,2017-07-19 12:20:00
2656,train,2656,2661,2662,2667,2017-07-19 10:40:00,2017-07-19 11:30:00,2017-07-19 11:40:00,2017-07-19 12:30:00
2657,train,2657,2662,2663,2668,2017-07-19 10:50:00,2017-07-19 11:40:00,2017-07-19 11:50:00,2017-07-19 12:40:00
2658,train,2658,2663,2664,2669,2017-07-19 11:00:00,2017-07-19 11:50:00,2017-07-19 12:00:00,2017-07-19 12:50:00
2659,train,2659,2664,2665,2670,2017-07-19 11:10:00,2017-07-19 12:00:00,2017-07-19 12:10:00,2017-07-19 13:00:00
2660,train,2660,2665,2666,2671,2017-07-19 11:20:00,2017-07-19 12:10:00,2017-07-19 12:20:00,2017-07-19 13:10:00
2661,train,2661,2666,2667,2672,2017-07-19 11:30:00,2017-07-19 12:20:00,2017-07-19 12:30:00,2017-07-19 13:20:00
2662,train,2662,2667,2668,2673,2017-07-19 11:40:00,2017-07-19 12:30:00,2017-07-19 12:40:00,2017-07-19 13:30:00
2663,train,2663,2668,2669,2674,2017-07-19 11:50:00,2017-07-19 12:40:00,2017-07-19 12:50:00,2017-07-19 13:40:00
2664,train,2664,2669,2670,2675,2017-07-19 12:00:00,2017-07-19 12:50:00,2017-07-19 13:00:00,2017-07-19 13:50:00
2665,train,2665,2670,2671,2676,2017-07-19 12:10:00,2017-07-19 13:00:00,2017-07-19 13:10:00,2017-07-19 14:00:00
2666,train,2666,2671,2672,2677,2017-07-19 12:20:00,2017-07-19 13:10:00,2017-07-19 13:20:00,2017-07-19 14:10:00
2667,train,2667,2672,2673,2678,2017-07-19 12:30:00,2017-07-19 13:20:00,2017-07-19 13:30:00,2017-07-19 14:20:00
2668,train,2668,2673,2674,2679,2017-07-19 12:40:00,2017-07-19 13:30:00,2017-07-19 13:40:00,2017-07-19 14:30:00
2669,train,2669,2674,2675,2680,2017-07-19 12:50:00,2017-07-19 13:40:00,2017-07-19 13:50:00,2017-07-19 14:40:00
2670,train,2670,2675,2676,2681,2017-07-19 13:00:00,2017-07-19 13:50:00,2017-07-19 14:00:00,2017-07-19 14:50:00
2671,train,2671,2676,2677,2682,2017-07-19 13:10:00,2017-07-19 14:00:00,2017-07-19 14:10:00,2017-07-19 15:00:00
2672,val,2672,2677,2678,2683,2017-07-19 13:20:00,2017-07-19 14:10:00,2017-07-19 14:20:00,2017-07-19 15:10:00
2673,val,2673,2678,2679,2684,2017-07-19 13:30:00,2017-07-19 14:20:00,2017-07-19 14:30:00,2017-07-19 15:20:00
2674,val,2674,2679,2680,2685,2017-07-19 13:40:00,2017-07-19 14:30:00,2017-07-19 14:40:00,2017-07-19 15:30:00
2675,val,2675,2680,2681,2686,2017-07-19 13:50:00,2017-07-19 14:40:00,2017-07-19 14:50:00,2017-07-19 15:40:00
2676,val,2676,2681,2682,2687,2017-07-19 14:00:00,2017-07-19 14:50:00,2017-07-19 15:00:00,2017-07-19 15:50:00
2677,val,2677,2682,2683,2688,2017-07-19 14:10:00,2017-07-19 15:00:00,2017-07-19 15:10:00,2017-07-19 16:00:00
2678,val,2678,2683,2684,2689,2017-07-19 14:20:00,2017-07-19 15:10:00,2017-07-19 15:20:00,2017-07-19 16:10:00
2679,val,2679,2684,2685,2690,2017-07-19 14:30:00,2017-07-19 15:20:00,2017-07-19 15:30:00,2017-07-19 16:20:00
2680,val,2680,2685,2686,2691,2017-07-19 14:40:00,2017-07-19 15:30:00,2017-07-19 15:40:00,2017-07-19 16:30:00
2681,val,2681,2686,2687,2692,2017-07-19 14:50:00,2017-07-19 15:40:00,2017-07-19 15:50:00,2017-07-19 16:40:00
2682,val,2682,2687,2688,2693,2017-07-19 15:00:00,2017-07-19 15:50:00,2017-07-19 16:00:00,2017-07-19 16:50:00
2683,val,2683,2688,2689,2694,2017-07-19 15:10:00,2017-07-19 16:00:00,2017-07-19 16:10:00,2017-07-19 17:00:00
2684,val,2684,2689,2690,2695,2017-07-19 15:20:00,2017-07-19 16:10:00,2017-07-19 16:20:00,2017-07-19 17:10:00
2685,val,2685,2690,2691,2696,2017-07-19 15:30:00,2017-07-19 16:20:00,2017-07-19 16:30:00,2017-07-19 17:20:00
2686,val,2686,2691,2692,2697,2017-07-19 15:40:00,2017-07-19 16:30:00,2017-07-19 16:40:00,2017-07-19 17:30:00
2687,val,2687,2692,2693,2698,2017-07-19 15:50:00,2017-07-19 16:40:00,2017-07-19 16:50:00,2017-07-19 17:40:00
2688,val,2688,2693,2694,2699,2017-07-19 16:00:00,2017-07-19 16:50:00,2017-07-19 17:00:00,2017-07-19 17:50:00
2689,val,2689,2694,2695,2700,2017-07-19 16:10:00,2017-07-19 17:00:00,2017-07-19 17:10:00,2017-07-19 18:00:00
2690,val,2690,2695,2696,2701,2017-07-19 16:20:00,2017-07-19 17:10:00,2017-07-19 17:20:00,2017-07-19 18:10:00
2691,val,2691,2696,2697,2702,2017-07-19 16:30:00,2017-07-19 17:20:00,2017-07-19 17:30:00,2017-07-19 18:20:00
2692,val,2692,2697,2698,2703,2017-07-19 16:40:00,2017-07-19 17:30:00,2017-07-19 17:40:00,2017-07-19 18:30:00
2693,val,2693,2698,2699,2704,2017-07-19 16:50:00,2017-07-19 17:40:00,2017-07-19 17:50:00,2017-07-19 18:40:00
2694,val,2694,2699,2700,2705,2017-07-19 17:00:00,2017-07-19 17:50:00,2017-07-19 18:00:00,2017-07-19 18:50:00
2695,val,2695,2700,2701,2706,2017-07-19 17:10:00,2017-07-19 18:00:00,2017-07-19 18:10:00,2017-07-19 19:00:00
2696,val,2696,2701,2702,2707,2017-07-19 17:20:00,2017-07-19 18:10:00,2017-07-19 18:20:00,2017-07-19 19:10:00
2697,val,2697,2702,2703,2708,2017-07-19 17:30:00,2017-07-19 18:20:00,2017-07-19 18:30:00,2017-07-19 19:20:00
2698,val,2698,2703,2704,2709,2017-07-19 17:40:00,2017-07-19 18:30:00,2017-07-19 18:40:00,2017-07-19 19:30:00
2699,val,2699,2704,2705,2710,2017-07-19 17:50:00,2017-07-19 18:40:00,2017-07-19 18:50:00,2017-07-19 19:40:00
2700,val,2700,2705,2706,2711,2017-07-19 18:00:00,2017-07-19 18:50:00,2017-07-19 19:00:00,2017-07-19 19:50:00
2701,val,2701,2706,2707,2712,2017-07-19 18:10:00,2017-07-19 19:00:00,2017-07-19 19:10:00,2017-07-19 20:00:00
2702,val,2702,2707,2708,2713,2017-07-19 18:20:00,2017-07-19 19:10:00,2017-07-19 19:20:00,2017-07-19 20:10:00
2703,val,2703,2708,2709,2714,2017-07-19 18:30:00,2017-07-19 19:20:00,2017-07-19 19:30:00,2017-07-19 20:20:00
2704,val,2704,2709,2710,2715,2017-07-19 18:40:00,2017-07-19 19:30:00,2017-07-19 19:40:00,2017-07-19 20:30:00
2705,val,2705,2710,2711,2716,2017-07-19 18:50:00,2017-07-19 19:40:00,2017-07-19 19:50:00,2017-07-19 20:40:00
2706,val,2706,2711,2712,2717,2017-07-19 19:00:00,2017-07-19 19:50:00,2017-07-19 20:00:00,2017-07-19 20:50:00
2707,val,2707,2712,2713,2718,2017-07-19 19:10:00,2017-07-19 20:00:00,2017-07-19 20:10:00,2017-07-19 21:00:00
2708,val,2708,2713,2714,2719,2017-07-19 19:20:00,2017-07-19 20:10:00,2017-07-19 20:20:00,2017-07-19 21:10:00
2709,val,2709,2714,2715,2720,2017-07-19 19:30:00,2017-07-19 20:20:00,2017-07-19 20:30:00,2017-07-19 21:20:00
2710,val,2710,2715,2716,2721,2017-07-19 19:40:00,2017-07-19 20:30:00,2017-07-19 20:40:00,2017-07-19 21:30:00
2711,val,2711,2716,2717,2722,2017-07-19 19:50:00,2017-07-19 20:40:00,2017-07-19 20:50:00,2017-07-19 21:40:00
2712,val,2712,2717,2718,2723,2017-07-19 20:00:00,2017-07-19 20:50:00,2017-07-19 21:00:00,2017-07-19 21:50:00
2713,val,2713,2718,2719,2724,2017-07-19 20:10:00,2017-07-19 21:00:00,2017-07-19 21:10:00,2017-07-19 22:00:00
2714,val,2714,2719,2720,2725,2017-07-19 20:20:00,2017-07-19 21:10:00,2017-07-19 21:20:00,2017-07-19 22:10:00
2715,val,2715,2720,2721,2726,2017-07-19 20:30:00,2017-07-19 21:20:00,2017-07-19 21:30:00,2017-07-19 22:20:00
2716,val,2716,2721,2722,2727,2017-07-19 20:40:00,2017-07-19 21:30:00,2017-07-19 21:40:00,2017-07-19 22:30:00
2717,val,2717,2722,2723,2728,2017-07-19 20:50:00,2017-07-19 21:40:00,2017-07-19 21:50:00,2017-07-19 22:40:00
2718,val,2718,2723,2724,2729,2017-07-19 21:00:00,2017-07-19 21:50:00,2017-07-19 22:00:00,2017-07-19 22:50:00
2719,val,2719,2724,2725,2730,2017-07-19 21:10:00,2017-07-19 22:00:00,2017-07-19 22:10:00,2017-07-19 23:00:00
2720,val,2720,2725,2726,2731,2017-07-19 21:20:00,2017-07-19 22:10:00,2017-07-19 22:20:00,2017-07-19 23:10:00
2721,val,2721,2726,2727,2732,2017-07-19 21:30:00,2017-07-19 22:20:00,2017-07-19 22:30:00,2017-07-19 23:20:00
2722,val,2722,2727,2728,2733,2017-07-19 21:40:00,2017-07-19 22:30:00,2017-07-19 22:40:00,2017-07-19 23:30:00
2723,val,2723,2728,2729,2734,2017-07-19 21:50:00,2017-07-19 22:40:00,2017-07-19 22:50:00,2017-07-19 23:40:00
2724,val,2724,2729,2730,2735,2017-07-19 22:00:00,2017-07-19 22:50:00,2017-07-19 23:00:00,2017-07-19 23:50:00
2725,val,2725,2730,2731,2736,2017-07-19 22:10:00,2017-07-19 23:00:00,2017-07-19 23:10:00,2017-07-20 00:00:00
2726,val,2726,2731,2732,2737,2017-07-19 22:20:00,2017-07-19 23:10:00,2017-07-19 23:20:00,2017-07-20 00:10:00
2727,val,2727,2732,2733,2738,2017-07-19 22:30:00,2017-07-19 23:20:00,2017-07-19 23:30:00,2017-07-20 00:20:00
2728,val,2728,2733,2734,2739,2017-07-19 22:40:00,2017-07-19 23:30:00,2017-07-19 23:40:00,2017-07-20 00:30:00
2729,val,2729,2734,2735,2740,2017-07-19 22:50:00,2017-07-19 23:40:00,2017-07-19 23:50:00,2017-07-20 00:40:00
2730,val,2730,2735,2736,2741,2017-07-19 23:00:00,2017-07-19 23:50:00,2017-07-20 00:00:00,2017-07-20 00:50:00
2731,val,2731,2736,2737,2742,2017-07-19 23:10:00,2017-07-20 00:00:00,2017-07-20 00:10:00,2017-07-20 01:00:00
2732,val,2732,2737,2738,2743,2017-07-19 23:20:00,2017-07-20 00:10:00,2017-07-20 00:20:00,2017-07-20 01:10:00
2733,val,2733,2738,2739,2744,2017-07-19 23:30:00,2017-07-20 00:20:00,2017-07-20 00:30:00,2017-07-20 01:20:00
2734,val,2734,2739,2740,2745,2017-07-19 23:40:00,2017-07-20 00:30:00,2017-07-20 00:40:00,2017-07-20 01:30:00
2735,val,2735,2740,2741,2746,2017-07-19 23:50:00,2017-07-20 00:40:00,2017-07-20 00:50:00,2017-07-20 01:40:00
2736,val,2736,2741,2742,2747,2017-07-20 00:00:00,2017-07-20 00:50:00,2017-07-20 01:00:00,2017-07-20 01:50:00
2737,val,2737,2742,2743,2748,2017-07-20 00:10:00,2017-07-20 01:00:00,2017-07-20 01:10:00,2017-07-20 02:00:00
2738,val,2738,2743,2744,2749,2017-07-20 00:20:00,2017-07-20 01:10:00,2017-07-20 01:20:00,2017-07-20 02:10:00
2739,val,2739,2744,2745,2750,2017-07-20 00:30:00,2017-07-20 01:20:00,2017-07-20 01:30:00,2017-07-20 02:20:00
2740,val,2740,2745,2746,2751,2017-07-20 00:40:00,2017-07-20 01:30:00,2017-07-20 01:40:00,2017-07-20 02:30:00
2741,val,2741,2746,2747,2752,2017-07-20 00:50:00,2017-07-20 01:40:00,2017-07-20 01:50:00,2017-07-20 02:40:00
2742,val,2742,2747,2748,2753,2017-07-20 01:00:00,2017-07-20 01:50:00,2017-07-20 02:00:00,2017-07-20 02:50:00
2743,val,2743,2748,2749,2754,2017-07-20 01:10:00,2017-07-20 02:00:00,2017-07-20 02:10:00,2017-07-20 03:00:00
2744,val,2744,2749,2750,2755,2017-07-20 01:20:00,2017-07-20 02:10:00,2017-07-20 02:20:00,2017-07-20 03:10:00
2745,val,2745,2750,2751,2756,2017-07-20 01:30:00,2017-07-20 02:20:00,2017-07-20 02:30:00,2017-07-20 03:20:00
2746,val,2746,2751,2752,2757,2017-07-20 01:40:00,2017-07-20 02:30:00,2017-07-20 02:40:00,2017-07-20 03:30:00
2747,val,2747,2752,2753,2758,2017-07-20 01:50:00,2017-07-20 02:40:00,2017-07-20 02:50:00,2017-07-20 03:40:00
2748,val,2748,2753,2754,2759,2017-07-20 02:00:00,2017-07-20 02:50:00,2017-07-20 03:00:00,2017-07-20 03:50:00
2749,val,2749,2754,2755,2760,2017-07-20 02:10:00,2017-07-20 03:00:00,2017-07-20 03:10:00,2017-07-20 04:00:00
2750,val,2750,2755,2756,2761,2017-07-20 02:20:00,2017-07-20 03:10:00,2017-07-20 03:20:00,2017-07-20 04:10:00
2751,val,2751,2756,2757,2762,2017-07-20 02:30:00,2017-07-20 03:20:00,2017-07-20 03:30:00,2017-07-20 04:20:00
2752,val,2752,2757,2758,2763,2017-07-20 02:40:00,2017-07-20 03:30:00,2017-07-20 03:40:00,2017-07-20 04:30:00
2753,val,2753,2758,2759,2764,2017-07-20 02:50:00,2017-07-20 03:40:00,2017-07-20 03:50:00,2017-07-20 04:40:00
2754,val,2754,2759,2760,2765,2017-07-20 03:00:00,2017-07-20 03:50:00,2017-07-20 04:00:00,2017-07-20 04:50:00
2755,val,2755,2760,2761,2766,2017-07-20 03:10:00,2017-07-20 04:00:00,2017-07-20 04:10:00,2017-07-20 05:00:00
2756,val,2756,2761,2762,2767,2017-07-20 03:20:00,2017-07-20 04:10:00,2017-07-20 04:20:00,2017-07-20 05:10:00
2757,val,2757,2762,2763,2768,2017-07-20 03:30:00,2017-07-20 04:20:00,2017-07-20 04:30:00,2017-07-20 05:20:00
2758,val,2758,2763,2764,2769,2017-07-20 03:40:00,2017-07-20 04:30:00,2017-07-20 04:40:00,2017-07-20 05:30:00
2759,val,2759,2764,2765,2770,2017-07-20 03:50:00,2017-07-20 04:40:00,2017-07-20 04:50:00,2017-07-20 05:40:00
2760,val,2760,2765,2766,2771,2017-07-20 04:00:00,2017-07-20 04:50:00,2017-07-20 05:00:00,2017-07-20 05:50:00
2761,val,2761,2766,2767,2772,2017-07-20 04:10:00,2017-07-20 05:00:00,2017-07-20 05:10:00,2017-07-20 06:00:00
2762,val,2762,2767,2768,2773,2017-07-20 04:20:00,2017-07-20 05:10:00,2017-07-20 05:20:00,2017-07-20 06:10:00
2763,val,2763,2768,2769,2774,2017-07-20 04:30:00,2017-07-20 05:20:00,2017-07-20 05:30:00,2017-07-20 06:20:00
2764,val,2764,2769,2770,2775,2017-07-20 04:40:00,2017-07-20 05:30:00,2017-07-20 05:40:00,2017-07-20 06:30:00
2765,val,2765,2770,2771,2776,2017-07-20 04:50:00,2017-07-20 05:40:00,2017-07-20 05:50:00,2017-07-20 06:40:00
2766,val,2766,2771,2772,2777,2017-07-20 05:00:00,2017-07-20 05:50:00,2017-07-20 06:00:00,2017-07-20 06:50:00
2767,val,2767,2772,2773,2778,2017-07-20 05:10:00,2017-07-20 06:00:00,2017-07-20 06:10:00,2017-07-20 07:00:00
2768,val,2768,2773,2774,2779,2017-07-20 05:20:00,2017-07-20 06:10:00,2017-07-20 06:20:00,2017-07-20 07:10:00
2769,val,2769,2774,2775,2780,2017-07-20 05:30:00,2017-07-20 06:20:00,2017-07-20 06:30:00,2017-07-20 07:20:00
2770,val,2770,2775,2776,2781,2017-07-20 05:40:00,2017-07-20 06:30:00,2017-07-20 06:40:00,2017-07-20 07:30:00
2771,val,2771,2776,2777,2782,2017-07-20 05:50:00,2017-07-20 06:40:00,2017-07-20 06:50:00,2017-07-20 07:40:00
2772,val,2772,2777,2778,2783,2017-07-20 06:00:00,2017-07-20 06:50:00,2017-07-20 07:00:00,2017-07-20 07:50:00
2773,val,2773,2778,2779,2784,2017-07-20 06:10:00,2017-07-20 07:00:00,2017-07-20 07:10:00,2017-07-20 08:00:00
2774,val,2774,2779,2780,2785,2017-07-20 06:20:00,2017-07-20 07:10:00,2017-07-20 07:20:00,2017-07-20 08:10:00
2775,val,2775,2780,2781,2786,2017-07-20 06:30:00,2017-07-20 07:20:00,2017-07-20 07:30:00,2017-07-20 08:20:00
2776,val,2776,2781,2782,2787,2017-07-20 06:40:00,2017-07-20 07:30:00,2017-07-20 07:40:00,2017-07-20 08:30:00
2777,val,2777,2782,2783,2788,2017-07-20 06:50:00,2017-07-20 07:40:00,2017-07-20 07:50:00,2017-07-20 08:40:00
2778,val,2778,2783,2784,2789,2017-07-20 07:00:00,2017-07-20 07:50:00,2017-07-20 08:00:00,2017-07-20 08:50:00
2779,val,2779,2784,2785,2790,2017-07-20 07:10:00,2017-07-20 08:00:00,2017-07-20 08:10:00,2017-07-20 09:00:00
2780,val,2780,2785,2786,2791,2017-07-20 07:20:00,2017-07-20 08:10:00,2017-07-20 08:20:00,2017-07-20 09:10:00
2781,val,2781,2786,2787,2792,2017-07-20 07:30:00,2017-07-20 08:20:00,2017-07-20 08:30:00,2017-07-20 09:20:00
2782,val,2782,2787,2788,2793,2017-07-20 07:40:00,2017-07-20 08:30:00,2017-07-20 08:40:00,2017-07-20 09:30:00
2783,val,2783,2788,2789,2794,2017-07-20 07:50:00,2017-07-20 08:40:00,2017-07-20 08:50:00,2017-07-20 09:40:00
2784,val,2784,2789,2790,2795,2017-07-20 08:00:00,2017-07-20 08:50:00,2017-07-20 09:00:00,2017-07-20 09:50:00
2785,val,2785,2790,2791,2796,2017-07-20 08:10:00,2017-07-20 09:00:00,2017-07-20 09:10:00,2017-07-20 10:00:00
2786,val,2786,2791,2792,2797,2017-07-20 08:20:00,2017-07-20 09:10:00,2017-07-20 09:20:00,2017-07-20 10:10:00
2787,val,2787,2792,2793,2798,2017-07-20 08:30:00,2017-07-20 09:20:00,2017-07-20 09:30:00,2017-07-20 10:20:00
2788,val,2788,2793,2794,2799,2017-07-20 08:40:00,2017-07-20 09:30:00,2017-07-20 09:40:00,2017-07-20 10:30:00
2789,val,2789,2794,2795,2800,2017-07-20 08:50:00,2017-07-20 09:40:00,2017-07-20 09:50:00,2017-07-20 10:40:00
2790,val,2790,2795,2796,2801,2017-07-20 09:00:00,2017-07-20 09:50:00,2017-07-20 10:00:00,2017-07-20 10:50:00
2791,val,2791,2796,2797,2802,2017-07-20 09:10:00,2017-07-20 10:00:00,2017-07-20 10:10:00,2017-07-20 11:00:00
2792,val,2792,2797,2798,2803,2017-07-20 09:20:00,2017-07-20 10:10:00,2017-07-20 10:20:00,2017-07-20 11:10:00
2793,val,2793,2798,2799,2804,2017-07-20 09:30:00,2017-07-20 10:20:00,2017-07-20 10:30:00,2017-07-20 11:20:00
2794,val,2794,2799,2800,2805,2017-07-20 09:40:00,2017-07-20 10:30:00,2017-07-20 10:40:00,2017-07-20 11:30:00
2795,val,2795,2800,2801,2806,2017-07-20 09:50:00,2017-07-20 10:40:00,2017-07-20 10:50:00,2017-07-20 11:40:00
2796,val,2796,2801,2802,2807,2017-07-20 10:00:00,2017-07-20 10:50:00,2017-07-20 11:00:00,2017-07-20 11:50:00
2797,val,2797,2802,2803,2808,2017-07-20 10:10:00,2017-07-20 11:00:00,2017-07-20 11:10:00,2017-07-20 12:00:00
2798,val,2798,2803,2804,2809,2017-07-20 10:20:00,2017-07-20 11:10:00,2017-07-20 11:20:00,2017-07-20 12:10:00
2799,val,2799,2804,2805,2810,2017-07-20 10:30:00,2017-07-20 11:20:00,2017-07-20 11:30:00,2017-07-20 12:20:00
2800,val,2800,2805,2806,2811,2017-07-20 10:40:00,2017-07-20 11:30:00,2017-07-20 11:40:00,2017-07-20 12:30:00
2801,val,2801,2806,2807,2812,2017-07-20 10:50:00,2017-07-20 11:40:00,2017-07-20 11:50:00,2017-07-20 12:40:00
2802,val,2802,2807,2808,2813,2017-07-20 11:00:00,2017-07-20 11:50:00,2017-07-20 12:00:00,2017-07-20 12:50:00
2803,val,2803,2808,2809,2814,2017-07-20 11:10:00,2017-07-20 12:00:00,2017-07-20 12:10:00,2017-07-20 13:00:00
2804,val,2804,2809,2810,2815,2017-07-20 11:20:00,2017-07-20 12:10:00,2017-07-20 12:20:00,2017-07-20 13:10:00
2805,val,2805,2810,2811,2816,2017-07-20 11:30:00,2017-07-20 12:20:00,2017-07-20 12:30:00,2017-07-20 13:20:00
2806,val,2806,2811,2812,2817,2017-07-20 11:40:00,2017-07-20 12:30:00,2017-07-20 12:40:00,2017-07-20 13:30:00
2807,val,2807,2812,2813,2818,2017-07-20 11:50:00,2017-07-20 12:40:00,2017-07-20 12:50:00,2017-07-20 13:40:00
2808,val,2808,2813,2814,2819,2017-07-20 12:00:00,2017-07-20 12:50:00,2017-07-20 13:00:00,2017-07-20 13:50:00
2809,val,2809,2814,2815,2820,2017-07-20 12:10:00,2017-07-20 13:00:00,2017-07-20 13:10:00,2017-07-20 14:00:00
2810,val,2810,2815,2816,2821,2017-07-20 12:20:00,2017-07-20 13:10:00,2017-07-20 13:20:00,2017-07-20 14:10:00
2811,val,2811,2816,2817,2822,2017-07-20 12:30:00,2017-07-20 13:20:00,2017-07-20 13:30:00,2017-07-20 14:20:00
2812,val,2812,2817,2818,2823,2017-07-20 12:40:00,2017-07-20 13:30:00,2017-07-20 13:40:00,2017-07-20 14:30:00
2813,val,2813,2818,2819,2824,2017-07-20 12:50:00,2017-07-20 13:40:00,2017-07-20 13:50:00,2017-07-20 14:40:00
2814,val,2814,2819,2820,2825,2017-07-20 13:00:00,2017-07-20 13:50:00,2017-07-20 14:00:00,2017-07-20 14:50:00
2815,val,2815,2820,2821,2826,2017-07-20 13:10:00,2017-07-20 14:00:00,2017-07-20 14:10:00,2017-07-20 15:00:00
2816,val,2816,2821,2822,2827,2017-07-20 13:20:00,2017-07-20 14:10:00,2017-07-20 14:20:00,2017-07-20 15:10:00
2817,val,2817,2822,2823,2828,2017-07-20 13:30:00,2017-07-20 14:20:00,2017-07-20 14:30:00,2017-07-20 15:20:00
2818,val,2818,2823,2824,2829,2017-07-20 13:40:00,2017-07-20 14:30:00,2017-07-20 14:40:00,2017-07-20 15:30:00
2819,val,2819,2824,2825,2830,2017-07-20 13:50:00,2017-07-20 14:40:00,2017-07-20 14:50:00,2017-07-20 15:40:00
2820,val,2820,2825,2826,2831,2017-07-20 14:00:00,2017-07-20 14:50:00,2017-07-20 15:00:00,2017-07-20 15:50:00
2821,val,2821,2826,2827,2832,2017-07-20 14:10:00,2017-07-20 15:00:00,2017-07-20 15:10:00,2017-07-20 16:00:00
2822,val,2822,2827,2828,2833,2017-07-20 14:20:00,2017-07-20 15:10:00,2017-07-20 15:20:00,2017-07-20 16:10:00
2823,val,2823,2828,2829,2834,2017-07-20 14:30:00,2017-07-20 15:20:00,2017-07-20 15:30:00,2017-07-20 16:20:00
2824,val,2824,2829,2830,2835,2017-07-20 14:40:00,2017-07-20 15:30:00,2017-07-20 15:40:00,2017-07-20 16:30:00
2825,val,2825,2830,2831,2836,2017-07-20 14:50:00,2017-07-20 15:40:00,2017-07-20 15:50:00,2017-07-20 16:40:00
2826,val,2826,2831,2832,2837,2017-07-20 15:00:00,2017-07-20 15:50:00,2017-07-20 16:00:00,2017-07-20 16:50:00
2827,val,2827,2832,2833,2838,2017-07-20 15:10:00,2017-07-20 16:00:00,2017-07-20 16:10:00,2017-07-20 17:00:00
2828,val,2828,2833,2834,2839,2017-07-20 15:20:00,2017-07-20 16:10:00,2017-07-20 16:20:00,2017-07-20 17:10:00
2829,val,2829,2834,2835,2840,2017-07-20 15:30:00,2017-07-20 16:20:00,2017-07-20 16:30:00,2017-07-20 17:20:00
2830,val,2830,2835,2836,2841,2017-07-20 15:40:00,2017-07-20 16:30:00,2017-07-20 16:40:00,2017-07-20 17:30:00
2831,val,2831,2836,2837,2842,2017-07-20 15:50:00,2017-07-20 16:40:00,2017-07-20 16:50:00,2017-07-20 17:40:00
2832,val,2832,2837,2838,2843,2017-07-20 16:00:00,2017-07-20 16:50:00,2017-07-20 17:00:00,2017-07-20 17:50:00
2833,val,2833,2838,2839,2844,2017-07-20 16:10:00,2017-07-20 17:00:00,2017-07-20 17:10:00,2017-07-20 18:00:00
2834,val,2834,2839,2840,2845,2017-07-20 16:20:00,2017-07-20 17:10:00,2017-07-20 17:20:00,2017-07-20 18:10:00
2835,val,2835,2840,2841,2846,2017-07-20 16:30:00,2017-07-20 17:20:00,2017-07-20 17:30:00,2017-07-20 18:20:00
2836,val,2836,2841,2842,2847,2017-07-20 16:40:00,2017-07-20 17:30:00,2017-07-20 17:40:00,2017-07-20 18:30:00
2837,val,2837,2842,2843,2848,2017-07-20 16:50:00,2017-07-20 17:40:00,2017-07-20 17:50:00,2017-07-20 18:40:00
2838,val,2838,2843,2844,2849,2017-07-20 17:00:00,2017-07-20 17:50:00,2017-07-20 18:00:00,2017-07-20 18:50:00
2839,val,2839,2844,2845,2850,2017-07-20 17:10:00,2017-07-20 18:00:00,2017-07-20 18:10:00,2017-07-20 19:00:00
2840,val,2840,2845,2846,2851,2017-07-20 17:20:00,2017-07-20 18:10:00,2017-07-20 18:20:00,2017-07-20 19:10:00
2841,val,2841,2846,2847,2852,2017-07-20 17:30:00,2017-07-20 18:20:00,2017-07-20 18:30:00,2017-07-20 19:20:00
2842,val,2842,2847,2848,2853,2017-07-20 17:40:00,2017-07-20 18:30:00,2017-07-20 18:40:00,2017-07-20 19:30:00
2843,val,2843,2848,2849,2854,2017-07-20 17:50:00,2017-07-20 18:40:00,2017-07-20 18:50:00,2017-07-20 19:40:00
2844,val,2844,2849,2850,2855,2017-07-20 18:00:00,2017-07-20 18:50:00,2017-07-20 19:00:00,2017-07-20 19:50:00
2845,val,2845,2850,2851,2856,2017-07-20 18:10:00,2017-07-20 19:00:00,2017-07-20 19:10:00,2017-07-20 20:00:00
2846,val,2846,2851,2852,2857,2017-07-20 18:20:00,2017-07-20 19:10:00,2017-07-20 19:20:00,2017-07-20 20:10:00
2847,val,2847,2852,2853,2858,2017-07-20 18:30:00,2017-07-20 19:20:00,2017-07-20 19:30:00,2017-07-20 20:20:00
2848,val,2848,2853,2854,2859,2017-07-20 18:40:00,2017-07-20 19:30:00,2017-07-20 19:40:00,2017-07-20 20:30:00
2849,val,2849,2854,2855,2860,2017-07-20 18:50:00,2017-07-20 19:40:00,2017-07-20 19:50:00,2017-07-20 20:40:00
2850,val,2850,2855,2856,2861,2017-07-20 19:00:00,2017-07-20 19:50:00,2017-07-20 20:00:00,2017-07-20 20:50:00
2851,val,2851,2856,2857,2862,2017-07-20 19:10:00,2017-07-20 20:00:00,2017-07-20 20:10:00,2017-07-20 21:00:00
2852,val,2852,2857,2858,2863,2017-07-20 19:20:00,2017-07-20 20:10:00,2017-07-20 20:20:00,2017-07-20 21:10:00
2853,val,2853,2858,2859,2864,2017-07-20 19:30:00,2017-07-20 20:20:00,2017-07-20 20:30:00,2017-07-20 21:20:00
2854,val,2854,2859,2860,2865,2017-07-20 19:40:00,2017-07-20 20:30:00,2017-07-20 20:40:00,2017-07-20 21:30:00
2855,val,2855,2860,2861,2866,2017-07-20 19:50:00,2017-07-20 20:40:00,2017-07-20 20:50:00,2017-07-20 21:40:00
2856,val,2856,2861,2862,2867,2017-07-20 20:00:00,2017-07-20 20:50:00,2017-07-20 21:00:00,2017-07-20 21:50:00
2857,val,2857,2862,2863,2868,2017-07-20 20:10:00,2017-07-20 21:00:00,2017-07-20 21:10:00,2017-07-20 22:00:00
2858,val,2858,2863,2864,2869,2017-07-20 20:20:00,2017-07-20 21:10:00,2017-07-20 21:20:00,2017-07-20 22:10:00
2859,val,2859,2864,2865,2870,2017-07-20 20:30:00,2017-07-20 21:20:00,2017-07-20 21:30:00,2017-07-20 22:20:00
2860,val,2860,2865,2866,2871,2017-07-20 20:40:00,2017-07-20 21:30:00,2017-07-20 21:40:00,2017-07-20 22:30:00
2861,val,2861,2866,2867,2872,2017-07-20 20:50:00,2017-07-20 21:40:00,2017-07-20 21:50:00,2017-07-20 22:40:00
2862,val,2862,2867,2868,2873,2017-07-20 21:00:00,2017-07-20 21:50:00,2017-07-20 22:00:00,2017-07-20 22:50:00
2863,val,2863,2868,2869,2874,2017-07-20 21:10:00,2017-07-20 22:00:00,2017-07-20 22:10:00,2017-07-20 23:00:00
2864,val,2864,2869,2870,2875,2017-07-20 21:20:00,2017-07-20 22:10:00,2017-07-20 22:20:00,2017-07-20 23:10:00
2865,val,2865,2870,2871,2876,2017-07-20 21:30:00,2017-07-20 22:20:00,2017-07-20 22:30:00,2017-07-20 23:20:00
2866,val,2866,2871,2872,2877,2017-07-20 21:40:00,2017-07-20 22:30:00,2017-07-20 22:40:00,2017-07-20 23:30:00
2867,val,2867,2872,2873,2878,2017-07-20 21:50:00,2017-07-20 22:40:00,2017-07-20 22:50:00,2017-07-20 23:40:00
2868,val,2868,2873,2874,2879,2017-07-20 22:00:00,2017-07-20 22:50:00,2017-07-20 23:00:00,2017-07-20 23:50:00
2869,val,2869,2874,2875,2880,2017-07-20 22:10:00,2017-07-20 23:00:00,2017-07-20 23:10:00,2017-07-21 00:00:00
2870,val,2870,2875,2876,2881,2017-07-20 22:20:00,2017-07-20 23:10:00,2017-07-20 23:20:00,2017-07-21 00:10:00
2871,val,2871,2876,2877,2882,2017-07-20 22:30:00,2017-07-20 23:20:00,2017-07-20 23:30:00,2017-07-21 00:20:00
2872,val,2872,2877,2878,2883,2017-07-20 22:40:00,2017-07-20 23:30:00,2017-07-20 23:40:00,2017-07-21 00:30:00
2873,val,2873,2878,2879,2884,2017-07-20 22:50:00,2017-07-20 23:40:00,2017-07-20 23:50:00,2017-07-21 00:40:00
2874,val,2874,2879,2880,2885,2017-07-20 23:00:00,2017-07-20 23:50:00,2017-07-21 00:00:00,2017-07-21 00:50:00
2875,val,2875,2880,2881,2886,2017-07-20 23:10:00,2017-07-21 00:00:00,2017-07-21 00:10:00,2017-07-21 01:00:00
2876,val,2876,2881,2882,2887,2017-07-20 23:20:00,2017-07-21 00:10:00,2017-07-21 00:20:00,2017-07-21 01:10:00
2877,val,2877,2882,2883,2888,2017-07-20 23:30:00,2017-07-21 00:20:00,2017-07-21 00:30:00,2017-07-21 01:20:00
2878,val,2878,2883,2884,2889,2017-07-20 23:40:00,2017-07-21 00:30:00,2017-07-21 00:40:00,2017-07-21 01:30:00
2879,val,2879,2884,2885,2890,2017-07-20 23:50:00,2017-07-21 00:40:00,2017-07-21 00:50:00,2017-07-21 01:40:00
2880,val,2880,2885,2886,2891,2017-07-21 00:00:00,2017-07-21 00:50:00,2017-07-21 01:00:00,2017-07-21 01:50:00
2881,val,2881,2886,2887,2892,2017-07-21 00:10:00,2017-07-21 01:00:00,2017-07-21 01:10:00,2017-07-21 02:00:00
2882,val,2882,2887,2888,2893,2017-07-21 00:20:00,2017-07-21 01:10:00,2017-07-21 01:20:00,2017-07-21 02:10:00
2883,val,2883,2888,2889,2894,2017-07-21 00:30:00,2017-07-21 01:20:00,2017-07-21 01:30:00,2017-07-21 02:20:00
2884,val,2884,2889,2890,2895,2017-07-21 00:40:00,2017-07-21 01:30:00,2017-07-21 01:40:00,2017-07-21 02:30:00
2885,val,2885,2890,2891,2896,2017-07-21 00:50:00,2017-07-21 01:40:00,2017-07-21 01:50:00,2017-07-21 02:40:00
2886,val,2886,2891,2892,2897,2017-07-21 01:00:00,2017-07-21 01:50:00,2017-07-21 02:00:00,2017-07-21 02:50:00
2887,val,2887,2892,2893,2898,2017-07-21 01:10:00,2017-07-21 02:00:00,2017-07-21 02:10:00,2017-07-21 03:00:00
2888,val,2888,2893,2894,2899,2017-07-21 01:20:00,2017-07-21 02:10:00,2017-07-21 02:20:00,2017-07-21 03:10:00
2889,val,2889,2894,2895,2900,2017-07-21 01:30:00,2017-07-21 02:20:00,2017-07-21 02:30:00,2017-07-21 03:20:00
2890,val,2890,2895,2896,2901,2017-07-21 01:40:00,2017-07-21 02:30:00,2017-07-21 02:40:00,2017-07-21 03:30:00
2891,val,2891,2896,2897,2902,2017-07-21 01:50:00,2017-07-21 02:40:00,2017-07-21 02:50:00,2017-07-21 03:40:00
2892,val,2892,2897,2898,2903,2017-07-21 02:00:00,2017-07-21 02:50:00,2017-07-21 03:00:00,2017-07-21 03:50:00
2893,val,2893,2898,2899,2904,2017-07-21 02:10:00,2017-07-21 03:00:00,2017-07-21 03:10:00,2017-07-21 04:00:00
2894,val,2894,2899,2900,2905,2017-07-21 02:20:00,2017-07-21 03:10:00,2017-07-21 03:20:00,2017-07-21 04:10:00
2895,val,2895,2900,2901,2906,2017-07-21 02:30:00,2017-07-21 03:20:00,2017-07-21 03:30:00,2017-07-21 04:20:00
2896,val,2896,2901,2902,2907,2017-07-21 02:40:00,2017-07-21 03:30:00,2017-07-21 03:40:00,2017-07-21 04:30:00
2897,val,2897,2902,2903,2908,2017-07-21 02:50:00,2017-07-21 03:40:00,2017-07-21 03:50:00,2017-07-21 04:40:00
2898,val,2898,2903,2904,2909,2017-07-21 03:00:00,2017-07-21 03:50:00,2017-07-21 04:00:00,2017-07-21 04:50:00
2899,val,2899,2904,2905,2910,2017-07-21 03:10:00,2017-07-21 04:00:00,2017-07-21 04:10:00,2017-07-21 05:00:00
2900,val,2900,2905,2906,2911,2017-07-21 03:20:00,2017-07-21 04:10:00,2017-07-21 04:20:00,2017-07-21 05:10:00
2901,val,2901,2906,2907,2912,2017-07-21 03:30:00,2017-07-21 04:20:00,2017-07-21 04:30:00,2017-07-21 05:20:00
2902,val,2902,2907,2908,2913,2017-07-21 03:40:00,2017-07-21 04:30:00,2017-07-21 04:40:00,2017-07-21 05:30:00
2903,val,2903,2908,2909,2914,2017-07-21 03:50:00,2017-07-21 04:40:00,2017-07-21 04:50:00,2017-07-21 05:40:00
2904,val,2904,2909,2910,2915,2017-07-21 04:00:00,2017-07-21 04:50:00,2017-07-21 05:00:00,2017-07-21 05:50:00
2905,val,2905,2910,2911,2916,2017-07-21 04:10:00,2017-07-21 05:00:00,2017-07-21 05:10:00,2017-07-21 06:00:00
2906,val,2906,2911,2912,2917,2017-07-21 04:20:00,2017-07-21 05:10:00,2017-07-21 05:20:00,2017-07-21 06:10:00
2907,val,2907,2912,2913,2918,2017-07-21 04:30:00,2017-07-21 05:20:00,2017-07-21 05:30:00,2017-07-21 06:20:00
2908,val,2908,2913,2914,2919,2017-07-21 04:40:00,2017-07-21 05:30:00,2017-07-21 05:40:00,2017-07-21 06:30:00
2909,val,2909,2914,2915,2920,2017-07-21 04:50:00,2017-07-21 05:40:00,2017-07-21 05:50:00,2017-07-21 06:40:00
2910,val,2910,2915,2916,2921,2017-07-21 05:00:00,2017-07-21 05:50:00,2017-07-21 06:00:00,2017-07-21 06:50:00
2911,val,2911,2916,2917,2922,2017-07-21 05:10:00,2017-07-21 06:00:00,2017-07-21 06:10:00,2017-07-21 07:00:00
2912,val,2912,2917,2918,2923,2017-07-21 05:20:00,2017-07-21 06:10:00,2017-07-21 06:20:00,2017-07-21 07:10:00
2913,val,2913,2918,2919,2924,2017-07-21 05:30:00,2017-07-21 06:20:00,2017-07-21 06:30:00,2017-07-21 07:20:00
2914,val,2914,2919,2920,2925,2017-07-21 05:40:00,2017-07-21 06:30:00,2017-07-21 06:40:00,2017-07-21 07:30:00
2915,val,2915,2920,2921,2926,2017-07-21 05:50:00,2017-07-21 06:40:00,2017-07-21 06:50:00,2017-07-21 07:40:00
2916,val,2916,2921,2922,2927,2017-07-21 06:00:00,2017-07-21 06:50:00,2017-07-21 07:00:00,2017-07-21 07:50:00
2917,val,2917,2922,2923,2928,2017-07-21 06:10:00,2017-07-21 07:00:00,2017-07-21 07:10:00,2017-07-21 08:00:00
2918,val,2918,2923,2924,2929,2017-07-21 06:20:00,2017-07-21 07:10:00,2017-07-21 07:20:00,2017-07-21 08:10:00
2919,val,2919,2924,2925,2930,2017-07-21 06:30:00,2017-07-21 07:20:00,2017-07-21 07:30:00,2017-07-21 08:20:00
2920,val,2920,2925,2926,2931,2017-07-21 06:40:00,2017-07-21 07:30:00,2017-07-21 07:40:00,2017-07-21 08:30:00
2921,val,2921,2926,2927,2932,2017-07-21 06:50:00,2017-07-21 07:40:00,2017-07-21 07:50:00,2017-07-21 08:40:00
2922,val,2922,2927,2928,2933,2017-07-21 07:00:00,2017-07-21 07:50:00,2017-07-21 08:00:00,2017-07-21 08:50:00
2923,val,2923,2928,2929,2934,2017-07-21 07:10:00,2017-07-21 08:00:00,2017-07-21 08:10:00,2017-07-21 09:00:00
2924,val,2924,2929,2930,2935,2017-07-21 07:20:00,2017-07-21 08:10:00,2017-07-21 08:20:00,2017-07-21 09:10:00
2925,val,2925,2930,2931,2936,2017-07-21 07:30:00,2017-07-21 08:20:00,2017-07-21 08:30:00,2017-07-21 09:20:00
2926,val,2926,2931,2932,2937,2017-07-21 07:40:00,2017-07-21 08:30:00,2017-07-21 08:40:00,2017-07-21 09:30:00
2927,val,2927,2932,2933,2938,2017-07-21 07:50:00,2017-07-21 08:40:00,2017-07-21 08:50:00,2017-07-21 09:40:00
2928,val,2928,2933,2934,2939,2017-07-21 08:00:00,2017-07-21 08:50:00,2017-07-21 09:00:00,2017-07-21 09:50:00
2929,val,2929,2934,2935,2940,2017-07-21 08:10:00,2017-07-21 09:00:00,2017-07-21 09:10:00,2017-07-21 10:00:00
2930,val,2930,2935,2936,2941,2017-07-21 08:20:00,2017-07-21 09:10:00,2017-07-21 09:20:00,2017-07-21 10:10:00
2931,val,2931,2936,2937,2942,2017-07-21 08:30:00,2017-07-21 09:20:00,2017-07-21 09:30:00,2017-07-21 10:20:00
2932,val,2932,2937,2938,2943,2017-07-21 08:40:00,2017-07-21 09:30:00,2017-07-21 09:40:00,2017-07-21 10:30:00
2933,val,2933,2938,2939,2944,2017-07-21 08:50:00,2017-07-21 09:40:00,2017-07-21 09:50:00,2017-07-21 10:40:00
2934,val,2934,2939,2940,2945,2017-07-21 09:00:00,2017-07-21 09:50:00,2017-07-21 10:00:00,2017-07-21 10:50:00
2935,val,2935,2940,2941,2946,2017-07-21 09:10:00,2017-07-21 10:00:00,2017-07-21 10:10:00,2017-07-21 11:00:00
2936,val,2936,2941,2942,2947,2017-07-21 09:20:00,2017-07-21 10:10:00,2017-07-21 10:20:00,2017-07-21 11:10:00
2937,val,2937,2942,2943,2948,2017-07-21 09:30:00,2017-07-21 10:20:00,2017-07-21 10:30:00,2017-07-21 11:20:00
2938,val,2938,2943,2944,2949,2017-07-21 09:40:00,2017-07-21 10:30:00,2017-07-21 10:40:00,2017-07-21 11:30:00
2939,val,2939,2944,2945,2950,2017-07-21 09:50:00,2017-07-21 10:40:00,2017-07-21 10:50:00,2017-07-21 11:40:00
2940,val,2940,2945,2946,2951,2017-07-21 10:00:00,2017-07-21 10:50:00,2017-07-21 11:00:00,2017-07-21 11:50:00
2941,val,2941,2946,2947,2952,2017-07-21 10:10:00,2017-07-21 11:00:00,2017-07-21 11:10:00,2017-07-21 12:00:00
2942,val,2942,2947,2948,2953,2017-07-21 10:20:00,2017-07-21 11:10:00,2017-07-21 11:20:00,2017-07-21 12:10:00
2943,val,2943,2948,2949,2954,2017-07-21 10:30:00,2017-07-21 11:20:00,2017-07-21 11:30:00,2017-07-21 12:20:00
2944,val,2944,2949,2950,2955,2017-07-21 10:40:00,2017-07-21 11:30:00,2017-07-21 11:40:00,2017-07-21 12:30:00
2945,val,2945,2950,2951,2956,2017-07-21 10:50:00,2017-07-21 11:40:00,2017-07-21 11:50:00,2017-07-21 12:40:00
2946,val,2946,2951,2952,2957,2017-07-21 11:00:00,2017-07-21 11:50:00,2017-07-21 12:00:00,2017-07-21 12:50:00
2947,val,2947,2952,2953,2958,2017-07-21 11:10:00,2017-07-21 12:00:00,2017-07-21 12:10:00,2017-07-21 13:00:00
2948,val,2948,2953,2954,2959,2017-07-21 11:20:00,2017-07-21 12:10:00,2017-07-21 12:20:00,2017-07-21 13:10:00
2949,val,2949,2954,2955,2960,2017-07-21 11:30:00,2017-07-21 12:20:00,2017-07-21 12:30:00,2017-07-21 13:20:00
2950,val,2950,2955,2956,2961,2017-07-21 11:40:00,2017-07-21 12:30:00,2017-07-21 12:40:00,2017-07-21 13:30:00
2951,val,2951,2956,2957,2962,2017-07-21 11:50:00,2017-07-21 12:40:00,2017-07-21 12:50:00,2017-07-21 13:40:00
2952,val,2952,2957,2958,2963,2017-07-21 12:00:00,2017-07-21 12:50:00,2017-07-21 13:00:00,2017-07-21 13:50:00
2953,val,2953,2958,2959,2964,2017-07-21 12:10:00,2017-07-21 13:00:00,2017-07-21 13:10:00,2017-07-21 14:00:00
2954,val,2954,2959,2960,2965,2017-07-21 12:20:00,2017-07-21 13:10:00,2017-07-21 13:20:00,2017-07-21 14:10:00
2955,val,2955,2960,2961,2966,2017-07-21 12:30:00,2017-07-21 13:20:00,2017-07-21 13:30:00,2017-07-21 14:20:00
2956,val,2956,2961,2962,2967,2017-07-21 12:40:00,2017-07-21 13:30:00,2017-07-21 13:40:00,2017-07-21 14:30:00
2957,val,2957,2962,2963,2968,2017-07-21 12:50:00,2017-07-21 13:40:00,2017-07-21 13:50:00,2017-07-21 14:40:00
2958,val,2958,2963,2964,2969,2017-07-21 13:00:00,2017-07-21 13:50:00,2017-07-21 14:00:00,2017-07-21 14:50:00
2959,val,2959,2964,2965,2970,2017-07-21 13:10:00,2017-07-21 14:00:00,2017-07-21 14:10:00,2017-07-21 15:00:00
2960,val,2960,2965,2966,2971,2017-07-21 13:20:00,2017-07-21 14:10:00,2017-07-21 14:20:00,2017-07-21 15:10:00
2961,val,2961,2966,2967,2972,2017-07-21 13:30:00,2017-07-21 14:20:00,2017-07-21 14:30:00,2017-07-21 15:20:00
2962,val,2962,2967,2968,2973,2017-07-21 13:40:00,2017-07-21 14:30:00,2017-07-21 14:40:00,2017-07-21 15:30:00
2963,val,2963,2968,2969,2974,2017-07-21 13:50:00,2017-07-21 14:40:00,2017-07-21 14:50:00,2017-07-21 15:40:00
2964,val,2964,2969,2970,2975,2017-07-21 14:00:00,2017-07-21 14:50:00,2017-07-21 15:00:00,2017-07-21 15:50:00
2965,val,2965,2970,2971,2976,2017-07-21 14:10:00,2017-07-21 15:00:00,2017-07-21 15:10:00,2017-07-21 16:00:00
2966,val,2966,2971,2972,2977,2017-07-21 14:20:00,2017-07-21 15:10:00,2017-07-21 15:20:00,2017-07-21 16:10:00
2967,val,2967,2972,2973,2978,2017-07-21 14:30:00,2017-07-21 15:20:00,2017-07-21 15:30:00,2017-07-21 16:20:00
2968,val,2968,2973,2974,2979,2017-07-21 14:40:00,2017-07-21 15:30:00,2017-07-21 15:40:00,2017-07-21 16:30:00
2969,val,2969,2974,2975,2980,2017-07-21 14:50:00,2017-07-21 15:40:00,2017-07-21 15:50:00,2017-07-21 16:40:00
2970,val,2970,2975,2976,2981,2017-07-21 15:00:00,2017-07-21 15:50:00,2017-07-21 16:00:00,2017-07-21 16:50:00
2971,val,2971,2976,2977,2982,2017-07-21 15:10:00,2017-07-21 16:00:00,2017-07-21 16:10:00,2017-07-21 17:00:00
2972,val,2972,2977,2978,2983,2017-07-21 15:20:00,2017-07-21 16:10:00,2017-07-21 16:20:00,2017-07-21 17:10:00
2973,val,2973,2978,2979,2984,2017-07-21 15:30:00,2017-07-21 16:20:00,2017-07-21 16:30:00,2017-07-21 17:20:00
2974,val,2974,2979,2980,2985,2017-07-21 15:40:00,2017-07-21 16:30:00,2017-07-21 16:40:00,2017-07-21 17:30:00
2975,val,2975,2980,2981,2986,2017-07-21 15:50:00,2017-07-21 16:40:00,2017-07-21 16:50:00,2017-07-21 17:40:00
2976,val,2976,2981,2982,2987,2017-07-21 16:00:00,2017-07-21 16:50:00,2017-07-21 17:00:00,2017-07-21 17:50:00
2977,val,2977,2982,2983,2988,2017-07-21 16:10:00,2017-07-21 17:00:00,2017-07-21 17:10:00,2017-07-21 18:00:00
2978,val,2978,2983,2984,2989,2017-07-21 16:20:00,2017-07-21 17:10:00,2017-07-21 17:20:00,2017-07-21 18:10:00
2979,val,2979,2984,2985,2990,2017-07-21 16:30:00,2017-07-21 17:20:00,2017-07-21 17:30:00,2017-07-21 18:20:00
2980,val,2980,2985,2986,2991,2017-07-21 16:40:00,2017-07-21 17:30:00,2017-07-21 17:40:00,2017-07-21 18:30:00
2981,val,2981,2986,2987,2992,2017-07-21 16:50:00,2017-07-21 17:40:00,2017-07-21 17:50:00,2017-07-21 18:40:00
2982,val,2982,2987,2988,2993,2017-07-21 17:00:00,2017-07-21 17:50:00,2017-07-21 18:00:00,2017-07-21 18:50:00
2983,val,2983,2988,2989,2994,2017-07-21 17:10:00,2017-07-21 18:00:00,2017-07-21 18:10:00,2017-07-21 19:00:00
2984,val,2984,2989,2990,2995,2017-07-21 17:20:00,2017-07-21 18:10:00,2017-07-21 18:20:00,2017-07-21 19:10:00
2985,val,2985,2990,2991,2996,2017-07-21 17:30:00,2017-07-21 18:20:00,2017-07-21 18:30:00,2017-07-21 19:20:00
2986,val,2986,2991,2992,2997,2017-07-21 17:40:00,2017-07-21 18:30:00,2017-07-21 18:40:00,2017-07-21 19:30:00
2987,val,2987,2992,2993,2998,2017-07-21 17:50:00,2017-07-21 18:40:00,2017-07-21 18:50:00,2017-07-21 19:40:00
2988,val,2988,2993,2994,2999,2017-07-21 18:00:00,2017-07-21 18:50:00,2017-07-21 19:00:00,2017-07-21 19:50:00
2989,val,2989,2994,2995,3000,2017-07-21 18:10:00,2017-07-21 19:00:00,2017-07-21 19:10:00,2017-07-21 20:00:00
2990,val,2990,2995,2996,3001,2017-07-21 18:20:00,2017-07-21 19:10:00,2017-07-21 19:20:00,2017-07-21 20:10:00
2991,val,2991,2996,2997,3002,2017-07-21 18:30:00,2017-07-21 19:20:00,2017-07-21 19:30:00,2017-07-21 20:20:00
2992,val,2992,2997,2998,3003,2017-07-21 18:40:00,2017-07-21 19:30:00,2017-07-21 19:40:00,2017-07-21 20:30:00
2993,val,2993,2998,2999,3004,2017-07-21 18:50:00,2017-07-21 19:40:00,2017-07-21 19:50:00,2017-07-21 20:40:00
2994,val,2994,2999,3000,3005,2017-07-21 19:00:00,2017-07-21 19:50:00,2017-07-21 20:00:00,2017-07-21 20:50:00
2995,val,2995,3000,3001,3006,2017-07-21 19:10:00,2017-07-21 20:00:00,2017-07-21 20:10:00,2017-07-21 21:00:00
2996,val,2996,3001,3002,3007,2017-07-21 19:20:00,2017-07-21 20:10:00,2017-07-21 20:20:00,2017-07-21 21:10:00
2997,val,2997,3002,3003,3008,2017-07-21 19:30:00,2017-07-21 20:20:00,2017-07-21 20:30:00,2017-07-21 21:20:00
2998,val,2998,3003,3004,3009,2017-07-21 19:40:00,2017-07-21 20:30:00,2017-07-21 20:40:00,2017-07-21 21:30:00
2999,val,2999,3004,3005,3010,2017-07-21 19:50:00,2017-07-21 20:40:00,2017-07-21 20:50:00,2017-07-21 21:40:00
3000,val,3000,3005,3006,3011,2017-07-21 20:00:00,2017-07-21 20:50:00,2017-07-21 21:00:00,2017-07-21 21:50:00
3001,val,3001,3006,3007,3012,2017-07-21 20:10:00,2017-07-21 21:00:00,2017-07-21 21:10:00,2017-07-21 22:00:00
3002,val,3002,3007,3008,3013,2017-07-21 20:20:00,2017-07-21 21:10:00,2017-07-21 21:20:00,2017-07-21 22:10:00
3003,val,3003,3008,3009,3014,2017-07-21 20:30:00,2017-07-21 21:20:00,2017-07-21 21:30:00,2017-07-21 22:20:00
3004,val,3004,3009,3010,3015,2017-07-21 20:40:00,2017-07-21 21:30:00,2017-07-21 21:40:00,2017-07-21 22:30:00
3005,val,3005,3010,3011,3016,2017-07-21 20:50:00,2017-07-21 21:40:00,2017-07-21 21:50:00,2017-07-21 22:40:00
3006,val,3006,3011,3012,3017,2017-07-21 21:00:00,2017-07-21 21:50:00,2017-07-21 22:00:00,2017-07-21 22:50:00
3007,val,3007,3012,3013,3018,2017-07-21 21:10:00,2017-07-21 22:00:00,2017-07-21 22:10:00,2017-07-21 23:00:00
3008,val,3008,3013,3014,3019,2017-07-21 21:20:00,2017-07-21 22:10:00,2017-07-21 22:20:00,2017-07-21 23:10:00
3009,val,3009,3014,3015,3020,2017-07-21 21:30:00,2017-07-21 22:20:00,2017-07-21 22:30:00,2017-07-21 23:20:00
3010,val,3010,3015,3016,3021,2017-07-21 21:40:00,2017-07-21 22:30:00,2017-07-21 22:40:00,2017-07-21 23:30:00
3011,val,3011,3016,3017,3022,2017-07-21 21:50:00,2017-07-21 22:40:00,2017-07-21 22:50:00,2017-07-21 23:40:00
3012,val,3012,3017,3018,3023,2017-07-21 22:00:00,2017-07-21 22:50:00,2017-07-21 23:00:00,2017-07-21 23:50:00
3013,val,3013,3018,3019,3024,2017-07-21 22:10:00,2017-07-21 23:00:00,2017-07-21 23:10:00,2017-07-22 00:00:00
3014,val,3014,3019,3020,3025,2017-07-21 22:20:00,2017-07-21 23:10:00,2017-07-21 23:20:00,2017-07-22 00:10:00
3015,val,3015,3020,3021,3026,2017-07-21 22:30:00,2017-07-21 23:20:00,2017-07-21 23:30:00,2017-07-22 00:20:00
3016,val,3016,3021,3022,3027,2017-07-21 22:40:00,2017-07-21 23:30:00,2017-07-21 23:40:00,2017-07-22 00:30:00
3017,val,3017,3022,3023,3028,2017-07-21 22:50:00,2017-07-21 23:40:00,2017-07-21 23:50:00,2017-07-22 00:40:00
3018,val,3018,3023,3024,3029,2017-07-21 23:00:00,2017-07-21 23:50:00,2017-07-22 00:00:00,2017-07-22 00:50:00
3019,val,3019,3024,3025,3030,2017-07-21 23:10:00,2017-07-22 00:00:00,2017-07-22 00:10:00,2017-07-22 01:00:00
3020,val,3020,3025,3026,3031,2017-07-21 23:20:00,2017-07-22 00:10:00,2017-07-22 00:20:00,2017-07-22 01:10:00
3021,val,3021,3026,3027,3032,2017-07-21 23:30:00,2017-07-22 00:20:00,2017-07-22 00:30:00,2017-07-22 01:20:00
3022,val,3022,3027,3028,3033,2017-07-21 23:40:00,2017-07-22 00:30:00,2017-07-22 00:40:00,2017-07-22 01:30:00
3023,val,3023,3028,3029,3034,2017-07-21 23:50:00,2017-07-22 00:40:00,2017-07-22 00:50:00,2017-07-22 01:40:00
3024,val,3024,3029,3030,3035,2017-07-22 00:00:00,2017-07-22 00:50:00,2017-07-22 01:00:00,2017-07-22 01:50:00
3025,val,3025,3030,3031,3036,2017-07-22 00:10:00,2017-07-22 01:00:00,2017-07-22 01:10:00,2017-07-22 02:00:00
3026,val,3026,3031,3032,3037,2017-07-22 00:20:00,2017-07-22 01:10:00,2017-07-22 01:20:00,2017-07-22 02:10:00
3027,val,3027,3032,3033,3038,2017-07-22 00:30:00,2017-07-22 01:20:00,2017-07-22 01:30:00,2017-07-22 02:20:00
3028,val,3028,3033,3034,3039,2017-07-22 00:40:00,2017-07-22 01:30:00,2017-07-22 01:40:00,2017-07-22 02:30:00
3029,val,3029,3034,3035,3040,2017-07-22 00:50:00,2017-07-22 01:40:00,2017-07-22 01:50:00,2017-07-22 02:40:00
3030,val,3030,3035,3036,3041,2017-07-22 01:00:00,2017-07-22 01:50:00,2017-07-22 02:00:00,2017-07-22 02:50:00
3031,val,3031,3036,3037,3042,2017-07-22 01:10:00,2017-07-22 02:00:00,2017-07-22 02:10:00,2017-07-22 03:00:00
3032,val,3032,3037,3038,3043,2017-07-22 01:20:00,2017-07-22 02:10:00,2017-07-22 02:20:00,2017-07-22 03:10:00
3033,val,3033,3038,3039,3044,2017-07-22 01:30:00,2017-07-22 02:20:00,2017-07-22 02:30:00,2017-07-22 03:20:00
3034,val,3034,3039,3040,3045,2017-07-22 01:40:00,2017-07-22 02:30:00,2017-07-22 02:40:00,2017-07-22 03:30:00
3035,val,3035,3040,3041,3046,2017-07-22 01:50:00,2017-07-22 02:40:00,2017-07-22 02:50:00,2017-07-22 03:40:00
3036,val,3036,3041,3042,3047,2017-07-22 02:00:00,2017-07-22 02:50:00,2017-07-22 03:00:00,2017-07-22 03:50:00
3037,val,3037,3042,3043,3048,2017-07-22 02:10:00,2017-07-22 03:00:00,2017-07-22 03:10:00,2017-07-22 04:00:00
3038,val,3038,3043,3044,3049,2017-07-22 02:20:00,2017-07-22 03:10:00,2017-07-22 03:20:00,2017-07-22 04:10:00
3039,val,3039,3044,3045,3050,2017-07-22 02:30:00,2017-07-22 03:20:00,2017-07-22 03:30:00,2017-07-22 04:20:00
3040,val,3040,3045,3046,3051,2017-07-22 02:40:00,2017-07-22 03:30:00,2017-07-22 03:40:00,2017-07-22 04:30:00
3041,val,3041,3046,3047,3052,2017-07-22 02:50:00,2017-07-22 03:40:00,2017-07-22 03:50:00,2017-07-22 04:40:00
3042,val,3042,3047,3048,3053,2017-07-22 03:00:00,2017-07-22 03:50:00,2017-07-22 04:00:00,2017-07-22 04:50:00
3043,val,3043,3048,3049,3054,2017-07-22 03:10:00,2017-07-22 04:00:00,2017-07-22 04:10:00,2017-07-22 05:00:00
3044,val,3044,3049,3050,3055,2017-07-22 03:20:00,2017-07-22 04:10:00,2017-07-22 04:20:00,2017-07-22 05:10:00
3045,val,3045,3050,3051,3056,2017-07-22 03:30:00,2017-07-22 04:20:00,2017-07-22 04:30:00,2017-07-22 05:20:00
3046,val,3046,3051,3052,3057,2017-07-22 03:40:00,2017-07-22 04:30:00,2017-07-22 04:40:00,2017-07-22 05:30:00
3047,val,3047,3052,3053,3058,2017-07-22 03:50:00,2017-07-22 04:40:00,2017-07-22 04:50:00,2017-07-22 05:40:00
3048,val,3048,3053,3054,3059,2017-07-22 04:00:00,2017-07-22 04:50:00,2017-07-22 05:00:00,2017-07-22 05:50:00
3049,val,3049,3054,3055,3060,2017-07-22 04:10:00,2017-07-22 05:00:00,2017-07-22 05:10:00,2017-07-22 06:00:00
3050,val,3050,3055,3056,3061,2017-07-22 04:20:00,2017-07-22 05:10:00,2017-07-22 05:20:00,2017-07-22 06:10:00
3051,val,3051,3056,3057,3062,2017-07-22 04:30:00,2017-07-22 05:20:00,2017-07-22 05:30:00,2017-07-22 06:20:00
3052,val,3052,3057,3058,3063,2017-07-22 04:40:00,2017-07-22 05:30:00,2017-07-22 05:40:00,2017-07-22 06:30:00
3053,val,3053,3058,3059,3064,2017-07-22 04:50:00,2017-07-22 05:40:00,2017-07-22 05:50:00,2017-07-22 06:40:00
3054,val,3054,3059,3060,3065,2017-07-22 05:00:00,2017-07-22 05:50:00,2017-07-22 06:00:00,2017-07-22 06:50:00
3055,val,3055,3060,3061,3066,2017-07-22 05:10:00,2017-07-22 06:00:00,2017-07-22 06:10:00,2017-07-22 07:00:00
3056,val,3056,3061,3062,3067,2017-07-22 05:20:00,2017-07-22 06:10:00,2017-07-22 06:20:00,2017-07-22 07:10:00
3057,val,3057,3062,3063,3068,2017-07-22 05:30:00,2017-07-22 06:20:00,2017-07-22 06:30:00,2017-07-22 07:20:00
3058,val,3058,3063,3064,3069,2017-07-22 05:40:00,2017-07-22 06:30:00,2017-07-22 06:40:00,2017-07-22 07:30:00
3059,val,3059,3064,3065,3070,2017-07-22 05:50:00,2017-07-22 06:40:00,2017-07-22 06:50:00,2017-07-22 07:40:00
3060,val,3060,3065,3066,3071,2017-07-22 06:00:00,2017-07-22 06:50:00,2017-07-22 07:00:00,2017-07-22 07:50:00
3061,val,3061,3066,3067,3072,2017-07-22 06:10:00,2017-07-22 07:00:00,2017-07-22 07:10:00,2017-07-22 08:00:00
3062,val,3062,3067,3068,3073,2017-07-22 06:20:00,2017-07-22 07:10:00,2017-07-22 07:20:00,2017-07-22 08:10:00
3063,val,3063,3068,3069,3074,2017-07-22 06:30:00,2017-07-22 07:20:00,2017-07-22 07:30:00,2017-07-22 08:20:00
3064,val,3064,3069,3070,3075,2017-07-22 06:40:00,2017-07-22 07:30:00,2017-07-22 07:40:00,2017-07-22 08:30:00
3065,val,3065,3070,3071,3076,2017-07-22 06:50:00,2017-07-22 07:40:00,2017-07-22 07:50:00,2017-07-22 08:40:00
3066,val,3066,3071,3072,3077,2017-07-22 07:00:00,2017-07-22 07:50:00,2017-07-22 08:00:00,2017-07-22 08:50:00
3067,val,3067,3072,3073,3078,2017-07-22 07:10:00,2017-07-22 08:00:00,2017-07-22 08:10:00,2017-07-22 09:00:00
3068,val,3068,3073,3074,3079,2017-07-22 07:20:00,2017-07-22 08:10:00,2017-07-22 08:20:00,2017-07-22 09:10:00
3069,val,3069,3074,3075,3080,2017-07-22 07:30:00,2017-07-22 08:20:00,2017-07-22 08:30:00,2017-07-22 09:20:00
3070,val,3070,3075,3076,3081,2017-07-22 07:40:00,2017-07-22 08:30:00,2017-07-22 08:40:00,2017-07-22 09:30:00
3071,val,3071,3076,3077,3082,2017-07-22 07:50:00,2017-07-22 08:40:00,2017-07-22 08:50:00,2017-07-22 09:40:00
3072,val,3072,3077,3078,3083,2017-07-22 08:00:00,2017-07-22 08:50:00,2017-07-22 09:00:00,2017-07-22 09:50:00
3073,val,3073,3078,3079,3084,2017-07-22 08:10:00,2017-07-22 09:00:00,2017-07-22 09:10:00,2017-07-22 10:00:00
3074,val,3074,3079,3080,3085,2017-07-22 08:20:00,2017-07-22 09:10:00,2017-07-22 09:20:00,2017-07-22 10:10:00
3075,val,3075,3080,3081,3086,2017-07-22 08:30:00,2017-07-22 09:20:00,2017-07-22 09:30:00,2017-07-22 10:20:00
3076,val,3076,3081,3082,3087,2017-07-22 08:40:00,2017-07-22 09:30:00,2017-07-22 09:40:00,2017-07-22 10:30:00
3077,val,3077,3082,3083,3088,2017-07-22 08:50:00,2017-07-22 09:40:00,2017-07-22 09:50:00,2017-07-22 10:40:00
3078,val,3078,3083,3084,3089,2017-07-22 09:00:00,2017-07-22 09:50:00,2017-07-22 10:00:00,2017-07-22 10:50:00
3079,val,3079,3084,3085,3090,2017-07-22 09:10:00,2017-07-22 10:00:00,2017-07-22 10:10:00,2017-07-22 11:00:00
3080,val,3080,3085,3086,3091,2017-07-22 09:20:00,2017-07-22 10:10:00,2017-07-22 10:20:00,2017-07-22 11:10:00
3081,val,3081,3086,3087,3092,2017-07-22 09:30:00,2017-07-22 10:20:00,2017-07-22 10:30:00,2017-07-22 11:20:00
3082,val,3082,3087,3088,3093,2017-07-22 09:40:00,2017-07-22 10:30:00,2017-07-22 10:40:00,2017-07-22 11:30:00
3083,val,3083,3088,3089,3094,2017-07-22 09:50:00,2017-07-22 10:40:00,2017-07-22 10:50:00,2017-07-22 11:40:00
3084,val,3084,3089,3090,3095,2017-07-22 10:00:00,2017-07-22 10:50:00,2017-07-22 11:00:00,2017-07-22 11:50:00
3085,val,3085,3090,3091,3096,2017-07-22 10:10:00,2017-07-22 11:00:00,2017-07-22 11:10:00,2017-07-22 12:00:00
3086,val,3086,3091,3092,3097,2017-07-22 10:20:00,2017-07-22 11:10:00,2017-07-22 11:20:00,2017-07-22 12:10:00
3087,val,3087,3092,3093,3098,2017-07-22 10:30:00,2017-07-22 11:20:00,2017-07-22 11:30:00,2017-07-22 12:20:00
3088,val,3088,3093,3094,3099,2017-07-22 10:40:00,2017-07-22 11:30:00,2017-07-22 11:40:00,2017-07-22 12:30:00
3089,val,3089,3094,3095,3100,2017-07-22 10:50:00,2017-07-22 11:40:00,2017-07-22 11:50:00,2017-07-22 12:40:00
3090,val,3090,3095,3096,3101,2017-07-22 11:00:00,2017-07-22 11:50:00,2017-07-22 12:00:00,2017-07-22 12:50:00
3091,val,3091,3096,3097,3102,2017-07-22 11:10:00,2017-07-22 12:00:00,2017-07-22 12:10:00,2017-07-22 13:00:00
3092,val,3092,3097,3098,3103,2017-07-22 11:20:00,2017-07-22 12:10:00,2017-07-22 12:20:00,2017-07-22 13:10:00
3093,val,3093,3098,3099,3104,2017-07-22 11:30:00,2017-07-22 12:20:00,2017-07-22 12:30:00,2017-07-22 13:20:00
3094,val,3094,3099,3100,3105,2017-07-22 11:40:00,2017-07-22 12:30:00,2017-07-22 12:40:00,2017-07-22 13:30:00
3095,val,3095,3100,3101,3106,2017-07-22 11:50:00,2017-07-22 12:40:00,2017-07-22 12:50:00,2017-07-22 13:40:00
3096,val,3096,3101,3102,3107,2017-07-22 12:00:00,2017-07-22 12:50:00,2017-07-22 13:00:00,2017-07-22 13:50:00
3097,val,3097,3102,3103,3108,2017-07-22 12:10:00,2017-07-22 13:00:00,2017-07-22 13:10:00,2017-07-22 14:00:00
3098,val,3098,3103,3104,3109,2017-07-22 12:20:00,2017-07-22 13:10:00,2017-07-22 13:20:00,2017-07-22 14:10:00
3099,val,3099,3104,3105,3110,2017-07-22 12:30:00,2017-07-22 13:20:00,2017-07-22 13:30:00,2017-07-22 14:20:00
3100,val,3100,3105,3106,3111,2017-07-22 12:40:00,2017-07-22 13:30:00,2017-07-22 13:40:00,2017-07-22 14:30:00
3101,val,3101,3106,3107,3112,2017-07-22 12:50:00,2017-07-22 13:40:00,2017-07-22 13:50:00,2017-07-22 14:40:00
3102,val,3102,3107,3108,3113,2017-07-22 13:00:00,2017-07-22 13:50:00,2017-07-22 14:00:00,2017-07-22 14:50:00
3103,val,3103,3108,3109,3114,2017-07-22 13:10:00,2017-07-22 14:00:00,2017-07-22 14:10:00,2017-07-22 15:00:00
3104,val,3104,3109,3110,3115,2017-07-22 13:20:00,2017-07-22 14:10:00,2017-07-22 14:20:00,2017-07-22 15:10:00
3105,val,3105,3110,3111,3116,2017-07-22 13:30:00,2017-07-22 14:20:00,2017-07-22 14:30:00,2017-07-22 15:20:00
3106,val,3106,3111,3112,3117,2017-07-22 13:40:00,2017-07-22 14:30:00,2017-07-22 14:40:00,2017-07-22 15:30:00
3107,val,3107,3112,3113,3118,2017-07-22 13:50:00,2017-07-22 14:40:00,2017-07-22 14:50:00,2017-07-22 15:40:00
3108,val,3108,3113,3114,3119,2017-07-22 14:00:00,2017-07-22 14:50:00,2017-07-22 15:00:00,2017-07-22 15:50:00
3109,val,3109,3114,3115,3120,2017-07-22 14:10:00,2017-07-22 15:00:00,2017-07-22 15:10:00,2017-07-22 16:00:00
3110,val,3110,3115,3116,3121,2017-07-22 14:20:00,2017-07-22 15:10:00,2017-07-22 15:20:00,2017-07-22 16:10:00
3111,val,3111,3116,3117,3122,2017-07-22 14:30:00,2017-07-22 15:20:00,2017-07-22 15:30:00,2017-07-22 16:20:00
3112,val,3112,3117,3118,3123,2017-07-22 14:40:00,2017-07-22 15:30:00,2017-07-22 15:40:00,2017-07-22 16:30:00
3113,val,3113,3118,3119,3124,2017-07-22 14:50:00,2017-07-22 15:40:00,2017-07-22 15:50:00,2017-07-22 16:40:00
3114,val,3114,3119,3120,3125,2017-07-22 15:00:00,2017-07-22 15:50:00,2017-07-22 16:00:00,2017-07-22 16:50:00
3115,val,3115,3120,3121,3126,2017-07-22 15:10:00,2017-07-22 16:00:00,2017-07-22 16:10:00,2017-07-22 17:00:00
3116,val,3116,3121,3122,3127,2017-07-22 15:20:00,2017-07-22 16:10:00,2017-07-22 16:20:00,2017-07-22 17:10:00
3117,val,3117,3122,3123,3128,2017-07-22 15:30:00,2017-07-22 16:20:00,2017-07-22 16:30:00,2017-07-22 17:20:00
3118,val,3118,3123,3124,3129,2017-07-22 15:40:00,2017-07-22 16:30:00,2017-07-22 16:40:00,2017-07-22 17:30:00
3119,val,3119,3124,3125,3130,2017-07-22 15:50:00,2017-07-22 16:40:00,2017-07-22 16:50:00,2017-07-22 17:40:00
3120,val,3120,3125,3126,3131,2017-07-22 16:00:00,2017-07-22 16:50:00,2017-07-22 17:00:00,2017-07-22 17:50:00
3121,val,3121,3126,3127,3132,2017-07-22 16:10:00,2017-07-22 17:00:00,2017-07-22 17:10:00,2017-07-22 18:00:00
3122,val,3122,3127,3128,3133,2017-07-22 16:20:00,2017-07-22 17:10:00,2017-07-22 17:20:00,2017-07-22 18:10:00
3123,val,3123,3128,3129,3134,2017-07-22 16:30:00,2017-07-22 17:20:00,2017-07-22 17:30:00,2017-07-22 18:20:00
3124,val,3124,3129,3130,3135,2017-07-22 16:40:00,2017-07-22 17:30:00,2017-07-22 17:40:00,2017-07-22 18:30:00
3125,val,3125,3130,3131,3136,2017-07-22 16:50:00,2017-07-22 17:40:00,2017-07-22 17:50:00,2017-07-22 18:40:00
3126,val,3126,3131,3132,3137,2017-07-22 17:00:00,2017-07-22 17:50:00,2017-07-22 18:00:00,2017-07-22 18:50:00
3127,val,3127,3132,3133,3138,2017-07-22 17:10:00,2017-07-22 18:00:00,2017-07-22 18:10:00,2017-07-22 19:00:00
3128,val,3128,3133,3134,3139,2017-07-22 17:20:00,2017-07-22 18:10:00,2017-07-22 18:20:00,2017-07-22 19:10:00
3129,val,3129,3134,3135,3140,2017-07-22 17:30:00,2017-07-22 18:20:00,2017-07-22 18:30:00,2017-07-22 19:20:00
3130,val,3130,3135,3136,3141,2017-07-22 17:40:00,2017-07-22 18:30:00,2017-07-22 18:40:00,2017-07-22 19:30:00
3131,val,3131,3136,3137,3142,2017-07-22 17:50:00,2017-07-22 18:40:00,2017-07-22 18:50:00,2017-07-22 19:40:00
3132,val,3132,3137,3138,3143,2017-07-22 18:00:00,2017-07-22 18:50:00,2017-07-22 19:00:00,2017-07-22 19:50:00
3133,val,3133,3138,3139,3144,2017-07-22 18:10:00,2017-07-22 19:00:00,2017-07-22 19:10:00,2017-07-22 20:00:00
3134,val,3134,3139,3140,3145,2017-07-22 18:20:00,2017-07-22 19:10:00,2017-07-22 19:20:00,2017-07-22 20:10:00
3135,val,3135,3140,3141,3146,2017-07-22 18:30:00,2017-07-22 19:20:00,2017-07-22 19:30:00,2017-07-22 20:20:00
3136,val,3136,3141,3142,3147,2017-07-22 18:40:00,2017-07-22 19:30:00,2017-07-22 19:40:00,2017-07-22 20:30:00
3137,val,3137,3142,3143,3148,2017-07-22 18:50:00,2017-07-22 19:40:00,2017-07-22 19:50:00,2017-07-22 20:40:00
3138,val,3138,3143,3144,3149,2017-07-22 19:00:00,2017-07-22 19:50:00,2017-07-22 20:00:00,2017-07-22 20:50:00
3139,val,3139,3144,3145,3150,2017-07-22 19:10:00,2017-07-22 20:00:00,2017-07-22 20:10:00,2017-07-22 21:00:00
3140,val,3140,3145,3146,3151,2017-07-22 19:20:00,2017-07-22 20:10:00,2017-07-22 20:20:00,2017-07-22 21:10:00
3141,val,3141,3146,3147,3152,2017-07-22 19:30:00,2017-07-22 20:20:00,2017-07-22 20:30:00,2017-07-22 21:20:00
3142,val,3142,3147,3148,3153,2017-07-22 19:40:00,2017-07-22 20:30:00,2017-07-22 20:40:00,2017-07-22 21:30:00
3143,val,3143,3148,3149,3154,2017-07-22 19:50:00,2017-07-22 20:40:00,2017-07-22 20:50:00,2017-07-22 21:40:00
3144,val,3144,3149,3150,3155,2017-07-22 20:00:00,2017-07-22 20:50:00,2017-07-22 21:00:00,2017-07-22 21:50:00
3145,val,3145,3150,3151,3156,2017-07-22 20:10:00,2017-07-22 21:00:00,2017-07-22 21:10:00,2017-07-22 22:00:00
3146,val,3146,3151,3152,3157,2017-07-22 20:20:00,2017-07-22 21:10:00,2017-07-22 21:20:00,2017-07-22 22:10:00
3147,val,3147,3152,3153,3158,2017-07-22 20:30:00,2017-07-22 21:20:00,2017-07-22 21:30:00,2017-07-22 22:20:00
3148,val,3148,3153,3154,3159,2017-07-22 20:40:00,2017-07-22 21:30:00,2017-07-22 21:40:00,2017-07-22 22:30:00
3149,val,3149,3154,3155,3160,2017-07-22 20:50:00,2017-07-22 21:40:00,2017-07-22 21:50:00,2017-07-22 22:40:00
3150,val,3150,3155,3156,3161,2017-07-22 21:00:00,2017-07-22 21:50:00,2017-07-22 22:00:00,2017-07-22 22:50:00
3151,val,3151,3156,3157,3162,2017-07-22 21:10:00,2017-07-22 22:00:00,2017-07-22 22:10:00,2017-07-22 23:00:00
3152,val,3152,3157,3158,3163,2017-07-22 21:20:00,2017-07-22 22:10:00,2017-07-22 22:20:00,2017-07-22 23:10:00
3153,val,3153,3158,3159,3164,2017-07-22 21:30:00,2017-07-22 22:20:00,2017-07-22 22:30:00,2017-07-22 23:20:00
3154,val,3154,3159,3160,3165,2017-07-22 21:40:00,2017-07-22 22:30:00,2017-07-22 22:40:00,2017-07-22 23:30:00
3155,val,3155,3160,3161,3166,2017-07-22 21:50:00,2017-07-22 22:40:00,2017-07-22 22:50:00,2017-07-22 23:40:00
3156,val,3156,3161,3162,3167,2017-07-22 22:00:00,2017-07-22 22:50:00,2017-07-22 23:00:00,2017-07-22 23:50:00
3157,val,3157,3162,3163,3168,2017-07-22 22:10:00,2017-07-22 23:00:00,2017-07-22 23:10:00,2017-07-23 00:00:00
3158,val,3158,3163,3164,3169,2017-07-22 22:20:00,2017-07-22 23:10:00,2017-07-22 23:20:00,2017-07-23 00:10:00
3159,val,3159,3164,3165,3170,2017-07-22 22:30:00,2017-07-22 23:20:00,2017-07-22 23:30:00,2017-07-23 00:20:00
3160,val,3160,3165,3166,3171,2017-07-22 22:40:00,2017-07-22 23:30:00,2017-07-22 23:40:00,2017-07-23 00:30:00
3161,val,3161,3166,3167,3172,2017-07-22 22:50:00,2017-07-22 23:40:00,2017-07-22 23:50:00,2017-07-23 00:40:00
3162,val,3162,3167,3168,3173,2017-07-22 23:00:00,2017-07-22 23:50:00,2017-07-23 00:00:00,2017-07-23 00:50:00
3163,val,3163,3168,3169,3174,2017-07-22 23:10:00,2017-07-23 00:00:00,2017-07-23 00:10:00,2017-07-23 01:00:00
3164,val,3164,3169,3170,3175,2017-07-22 23:20:00,2017-07-23 00:10:00,2017-07-23 00:20:00,2017-07-23 01:10:00
3165,val,3165,3170,3171,3176,2017-07-22 23:30:00,2017-07-23 00:20:00,2017-07-23 00:30:00,2017-07-23 01:20:00
3166,val,3166,3171,3172,3177,2017-07-22 23:40:00,2017-07-23 00:30:00,2017-07-23 00:40:00,2017-07-23 01:30:00
3167,val,3167,3172,3173,3178,2017-07-22 23:50:00,2017-07-23 00:40:00,2017-07-23 00:50:00,2017-07-23 01:40:00
3168,val,3168,3173,3174,3179,2017-07-23 00:00:00,2017-07-23 00:50:00,2017-07-23 01:00:00,2017-07-23 01:50:00
3169,val,3169,3174,3175,3180,2017-07-23 00:10:00,2017-07-23 01:00:00,2017-07-23 01:10:00,2017-07-23 02:00:00
3170,val,3170,3175,3176,3181,2017-07-23 00:20:00,2017-07-23 01:10:00,2017-07-23 01:20:00,2017-07-23 02:10:00
3171,val,3171,3176,3177,3182,2017-07-23 00:30:00,2017-07-23 01:20:00,2017-07-23 01:30:00,2017-07-23 02:20:00
3172,val,3172,3177,3178,3183,2017-07-23 00:40:00,2017-07-23 01:30:00,2017-07-23 01:40:00,2017-07-23 02:30:00
3173,val,3173,3178,3179,3184,2017-07-23 00:50:00,2017-07-23 01:40:00,2017-07-23 01:50:00,2017-07-23 02:40:00
3174,val,3174,3179,3180,3185,2017-07-23 01:00:00,2017-07-23 01:50:00,2017-07-23 02:00:00,2017-07-23 02:50:00
3175,val,3175,3180,3181,3186,2017-07-23 01:10:00,2017-07-23 02:00:00,2017-07-23 02:10:00,2017-07-23 03:00:00
3176,val,3176,3181,3182,3187,2017-07-23 01:20:00,2017-07-23 02:10:00,2017-07-23 02:20:00,2017-07-23 03:10:00
3177,val,3177,3182,3183,3188,2017-07-23 01:30:00,2017-07-23 02:20:00,2017-07-23 02:30:00,2017-07-23 03:20:00
3178,val,3178,3183,3184,3189,2017-07-23 01:40:00,2017-07-23 02:30:00,2017-07-23 02:40:00,2017-07-23 03:30:00
3179,val,3179,3184,3185,3190,2017-07-23 01:50:00,2017-07-23 02:40:00,2017-07-23 02:50:00,2017-07-23 03:40:00
3180,val,3180,3185,3186,3191,2017-07-23 02:00:00,2017-07-23 02:50:00,2017-07-23 03:00:00,2017-07-23 03:50:00
3181,val,3181,3186,3187,3192,2017-07-23 02:10:00,2017-07-23 03:00:00,2017-07-23 03:10:00,2017-07-23 04:00:00
3182,val,3182,3187,3188,3193,2017-07-23 02:20:00,2017-07-23 03:10:00,2017-07-23 03:20:00,2017-07-23 04:10:00
3183,val,3183,3188,3189,3194,2017-07-23 02:30:00,2017-07-23 03:20:00,2017-07-23 03:30:00,2017-07-23 04:20:00
3184,val,3184,3189,3190,3195,2017-07-23 02:40:00,2017-07-23 03:30:00,2017-07-23 03:40:00,2017-07-23 04:30:00
3185,val,3185,3190,3191,3196,2017-07-23 02:50:00,2017-07-23 03:40:00,2017-07-23 03:50:00,2017-07-23 04:40:00
3186,val,3186,3191,3192,3197,2017-07-23 03:00:00,2017-07-23 03:50:00,2017-07-23 04:00:00,2017-07-23 04:50:00
3187,val,3187,3192,3193,3198,2017-07-23 03:10:00,2017-07-23 04:00:00,2017-07-23 04:10:00,2017-07-23 05:00:00
3188,val,3188,3193,3194,3199,2017-07-23 03:20:00,2017-07-23 04:10:00,2017-07-23 04:20:00,2017-07-23 05:10:00
3189,val,3189,3194,3195,3200,2017-07-23 03:30:00,2017-07-23 04:20:00,2017-07-23 04:30:00,2017-07-23 05:20:00
3190,val,3190,3195,3196,3201,2017-07-23 03:40:00,2017-07-23 04:30:00,2017-07-23 04:40:00,2017-07-23 05:30:00
3191,val,3191,3196,3197,3202,2017-07-23 03:50:00,2017-07-23 04:40:00,2017-07-23 04:50:00,2017-07-23 05:40:00
3192,val,3192,3197,3198,3203,2017-07-23 04:00:00,2017-07-23 04:50:00,2017-07-23 05:00:00,2017-07-23 05:50:00
3193,val,3193,3198,3199,3204,2017-07-23 04:10:00,2017-07-23 05:00:00,2017-07-23 05:10:00,2017-07-23 06:00:00
3194,val,3194,3199,3200,3205,2017-07-23 04:20:00,2017-07-23 05:10:00,2017-07-23 05:20:00,2017-07-23 06:10:00
3195,val,3195,3200,3201,3206,2017-07-23 04:30:00,2017-07-23 05:20:00,2017-07-23 05:30:00,2017-07-23 06:20:00
3196,val,3196,3201,3202,3207,2017-07-23 04:40:00,2017-07-23 05:30:00,2017-07-23 05:40:00,2017-07-23 06:30:00
3197,val,3197,3202,3203,3208,2017-07-23 04:50:00,2017-07-23 05:40:00,2017-07-23 05:50:00,2017-07-23 06:40:00
3198,val,3198,3203,3204,3209,2017-07-23 05:00:00,2017-07-23 05:50:00,2017-07-23 06:00:00,2017-07-23 06:50:00
3199,val,3199,3204,3205,3210,2017-07-23 05:10:00,2017-07-23 06:00:00,2017-07-23 06:10:00,2017-07-23 07:00:00
3200,val,3200,3205,3206,3211,2017-07-23 05:20:00,2017-07-23 06:10:00,2017-07-23 06:20:00,2017-07-23 07:10:00
3201,val,3201,3206,3207,3212,2017-07-23 05:30:00,2017-07-23 06:20:00,2017-07-23 06:30:00,2017-07-23 07:20:00
3202,val,3202,3207,3208,3213,2017-07-23 05:40:00,2017-07-23 06:30:00,2017-07-23 06:40:00,2017-07-23 07:30:00
3203,val,3203,3208,3209,3214,2017-07-23 05:50:00,2017-07-23 06:40:00,2017-07-23 06:50:00,2017-07-23 07:40:00
3204,val,3204,3209,3210,3215,2017-07-23 06:00:00,2017-07-23 06:50:00,2017-07-23 07:00:00,2017-07-23 07:50:00
3205,val,3205,3210,3211,3216,2017-07-23 06:10:00,2017-07-23 07:00:00,2017-07-23 07:10:00,2017-07-23 08:00:00
3206,val,3206,3211,3212,3217,2017-07-23 06:20:00,2017-07-23 07:10:00,2017-07-23 07:20:00,2017-07-23 08:10:00
3207,val,3207,3212,3213,3218,2017-07-23 06:30:00,2017-07-23 07:20:00,2017-07-23 07:30:00,2017-07-23 08:20:00
3208,val,3208,3213,3214,3219,2017-07-23 06:40:00,2017-07-23 07:30:00,2017-07-23 07:40:00,2017-07-23 08:30:00
3209,val,3209,3214,3215,3220,2017-07-23 06:50:00,2017-07-23 07:40:00,2017-07-23 07:50:00,2017-07-23 08:40:00
3210,val,3210,3215,3216,3221,2017-07-23 07:00:00,2017-07-23 07:50:00,2017-07-23 08:00:00,2017-07-23 08:50:00
3211,val,3211,3216,3217,3222,2017-07-23 07:10:00,2017-07-23 08:00:00,2017-07-23 08:10:00,2017-07-23 09:00:00
3212,val,3212,3217,3218,3223,2017-07-23 07:20:00,2017-07-23 08:10:00,2017-07-23 08:20:00,2017-07-23 09:10:00
3213,val,3213,3218,3219,3224,2017-07-23 07:30:00,2017-07-23 08:20:00,2017-07-23 08:30:00,2017-07-23 09:20:00
3214,val,3214,3219,3220,3225,2017-07-23 07:40:00,2017-07-23 08:30:00,2017-07-23 08:40:00,2017-07-23 09:30:00
3215,val,3215,3220,3221,3226,2017-07-23 07:50:00,2017-07-23 08:40:00,2017-07-23 08:50:00,2017-07-23 09:40:00
3216,val,3216,3221,3222,3227,2017-07-23 08:00:00,2017-07-23 08:50:00,2017-07-23 09:00:00,2017-07-23 09:50:00
3217,val,3217,3222,3223,3228,2017-07-23 08:10:00,2017-07-23 09:00:00,2017-07-23 09:10:00,2017-07-23 10:00:00
3218,val,3218,3223,3224,3229,2017-07-23 08:20:00,2017-07-23 09:10:00,2017-07-23 09:20:00,2017-07-23 10:10:00
3219,val,3219,3224,3225,3230,2017-07-23 08:30:00,2017-07-23 09:20:00,2017-07-23 09:30:00,2017-07-23 10:20:00
3220,val,3220,3225,3226,3231,2017-07-23 08:40:00,2017-07-23 09:30:00,2017-07-23 09:40:00,2017-07-23 10:30:00
3221,val,3221,3226,3227,3232,2017-07-23 08:50:00,2017-07-23 09:40:00,2017-07-23 09:50:00,2017-07-23 10:40:00
3222,val,3222,3227,3228,3233,2017-07-23 09:00:00,2017-07-23 09:50:00,2017-07-23 10:00:00,2017-07-23 10:50:00
3223,val,3223,3228,3229,3234,2017-07-23 09:10:00,2017-07-23 10:00:00,2017-07-23 10:10:00,2017-07-23 11:00:00
3224,val,3224,3229,3230,3235,2017-07-23 09:20:00,2017-07-23 10:10:00,2017-07-23 10:20:00,2017-07-23 11:10:00
3225,val,3225,3230,3231,3236,2017-07-23 09:30:00,2017-07-23 10:20:00,2017-07-23 10:30:00,2017-07-23 11:20:00
3226,val,3226,3231,3232,3237,2017-07-23 09:40:00,2017-07-23 10:30:00,2017-07-23 10:40:00,2017-07-23 11:30:00
3227,val,3227,3232,3233,3238,2017-07-23 09:50:00,2017-07-23 10:40:00,2017-07-23 10:50:00,2017-07-23 11:40:00
3228,val,3228,3233,3234,3239,2017-07-23 10:00:00,2017-07-23 10:50:00,2017-07-23 11:00:00,2017-07-23 11:50:00
3229,val,3229,3234,3235,3240,2017-07-23 10:10:00,2017-07-23 11:00:00,2017-07-23 11:10:00,2017-07-23 12:00:00
3230,val,3230,3235,3236,3241,2017-07-23 10:20:00,2017-07-23 11:10:00,2017-07-23 11:20:00,2017-07-23 12:10:00
3231,val,3231,3236,3237,3242,2017-07-23 10:30:00,2017-07-23 11:20:00,2017-07-23 11:30:00,2017-07-23 12:20:00
3232,val,3232,3237,3238,3243,2017-07-23 10:40:00,2017-07-23 11:30:00,2017-07-23 11:40:00,2017-07-23 12:30:00
3233,val,3233,3238,3239,3244,2017-07-23 10:50:00,2017-07-23 11:40:00,2017-07-23 11:50:00,2017-07-23 12:40:00
3234,val,3234,3239,3240,3245,2017-07-23 11:00:00,2017-07-23 11:50:00,2017-07-23 12:00:00,2017-07-23 12:50:00
3235,val,3235,3240,3241,3246,2017-07-23 11:10:00,2017-07-23 12:00:00,2017-07-23 12:10:00,2017-07-23 13:00:00
3236,val,3236,3241,3242,3247,2017-07-23 11:20:00,2017-07-23 12:10:00,2017-07-23 12:20:00,2017-07-23 13:10:00
3237,val,3237,3242,3243,3248,2017-07-23 11:30:00,2017-07-23 12:20:00,2017-07-23 12:30:00,2017-07-23 13:20:00
3238,val,3238,3243,3244,3249,2017-07-23 11:40:00,2017-07-23 12:30:00,2017-07-23 12:40:00,2017-07-23 13:30:00
3239,val,3239,3244,3245,3250,2017-07-23 11:50:00,2017-07-23 12:40:00,2017-07-23 12:50:00,2017-07-23 13:40:00
3240,val,3240,3245,3246,3251,2017-07-23 12:00:00,2017-07-23 12:50:00,2017-07-23 13:00:00,2017-07-23 13:50:00
3241,val,3241,3246,3247,3252,2017-07-23 12:10:00,2017-07-23 13:00:00,2017-07-23 13:10:00,2017-07-23 14:00:00
3242,val,3242,3247,3248,3253,2017-07-23 12:20:00,2017-07-23 13:10:00,2017-07-23 13:20:00,2017-07-23 14:10:00
3243,val,3243,3248,3249,3254,2017-07-23 12:30:00,2017-07-23 13:20:00,2017-07-23 13:30:00,2017-07-23 14:20:00
3244,val,3244,3249,3250,3255,2017-07-23 12:40:00,2017-07-23 13:30:00,2017-07-23 13:40:00,2017-07-23 14:30:00
3245,val,3245,3250,3251,3256,2017-07-23 12:50:00,2017-07-23 13:40:00,2017-07-23 13:50:00,2017-07-23 14:40:00
3246,val,3246,3251,3252,3257,2017-07-23 13:00:00,2017-07-23 13:50:00,2017-07-23 14:00:00,2017-07-23 14:50:00
3247,val,3247,3252,3253,3258,2017-07-23 13:10:00,2017-07-23 14:00:00,2017-07-23 14:10:00,2017-07-23 15:00:00
3248,val,3248,3253,3254,3259,2017-07-23 13:20:00,2017-07-23 14:10:00,2017-07-23 14:20:00,2017-07-23 15:10:00
3249,val,3249,3254,3255,3260,2017-07-23 13:30:00,2017-07-23 14:20:00,2017-07-23 14:30:00,2017-07-23 15:20:00
3250,val,3250,3255,3256,3261,2017-07-23 13:40:00,2017-07-23 14:30:00,2017-07-23 14:40:00,2017-07-23 15:30:00
3251,val,3251,3256,3257,3262,2017-07-23 13:50:00,2017-07-23 14:40:00,2017-07-23 14:50:00,2017-07-23 15:40:00
3252,val,3252,3257,3258,3263,2017-07-23 14:00:00,2017-07-23 14:50:00,2017-07-23 15:00:00,2017-07-23 15:50:00
3253,val,3253,3258,3259,3264,2017-07-23 14:10:00,2017-07-23 15:00:00,2017-07-23 15:10:00,2017-07-23 16:00:00
3254,val,3254,3259,3260,3265,2017-07-23 14:20:00,2017-07-23 15:10:00,2017-07-23 15:20:00,2017-07-23 16:10:00
3255,val,3255,3260,3261,3266,2017-07-23 14:30:00,2017-07-23 15:20:00,2017-07-23 15:30:00,2017-07-23 16:20:00
3256,val,3256,3261,3262,3267,2017-07-23 14:40:00,2017-07-23 15:30:00,2017-07-23 15:40:00,2017-07-23 16:30:00
3257,val,3257,3262,3263,3268,2017-07-23 14:50:00,2017-07-23 15:40:00,2017-07-23 15:50:00,2017-07-23 16:40:00
3258,val,3258,3263,3264,3269,2017-07-23 15:00:00,2017-07-23 15:50:00,2017-07-23 16:00:00,2017-07-23 16:50:00
3259,val,3259,3264,3265,3270,2017-07-23 15:10:00,2017-07-23 16:00:00,2017-07-23 16:10:00,2017-07-23 17:00:00
3260,val,3260,3265,3266,3271,2017-07-23 15:20:00,2017-07-23 16:10:00,2017-07-23 16:20:00,2017-07-23 17:10:00
3261,val,3261,3266,3267,3272,2017-07-23 15:30:00,2017-07-23 16:20:00,2017-07-23 16:30:00,2017-07-23 17:20:00
3262,val,3262,3267,3268,3273,2017-07-23 15:40:00,2017-07-23 16:30:00,2017-07-23 16:40:00,2017-07-23 17:30:00
3263,val,3263,3268,3269,3274,2017-07-23 15:50:00,2017-07-23 16:40:00,2017-07-23 16:50:00,2017-07-23 17:40:00
3264,val,3264,3269,3270,3275,2017-07-23 16:00:00,2017-07-23 16:50:00,2017-07-23 17:00:00,2017-07-23 17:50:00
3265,val,3265,3270,3271,3276,2017-07-23 16:10:00,2017-07-23 17:00:00,2017-07-23 17:10:00,2017-07-23 18:00:00
3266,val,3266,3271,3272,3277,2017-07-23 16:20:00,2017-07-23 17:10:00,2017-07-23 17:20:00,2017-07-23 18:10:00
3267,val,3267,3272,3273,3278,2017-07-23 16:30:00,2017-07-23 17:20:00,2017-07-23 17:30:00,2017-07-23 18:20:00
3268,val,3268,3273,3274,3279,2017-07-23 16:40:00,2017-07-23 17:30:00,2017-07-23 17:40:00,2017-07-23 18:30:00
3269,val,3269,3274,3275,3280,2017-07-23 16:50:00,2017-07-23 17:40:00,2017-07-23 17:50:00,2017-07-23 18:40:00
3270,val,3270,3275,3276,3281,2017-07-23 17:00:00,2017-07-23 17:50:00,2017-07-23 18:00:00,2017-07-23 18:50:00
3271,val,3271,3276,3277,3282,2017-07-23 17:10:00,2017-07-23 18:00:00,2017-07-23 18:10:00,2017-07-23 19:00:00
3272,val,3272,3277,3278,3283,2017-07-23 17:20:00,2017-07-23 18:10:00,2017-07-23 18:20:00,2017-07-23 19:10:00
3273,val,3273,3278,3279,3284,2017-07-23 17:30:00,2017-07-23 18:20:00,2017-07-23 18:30:00,2017-07-23 19:20:00
3274,val,3274,3279,3280,3285,2017-07-23 17:40:00,2017-07-23 18:30:00,2017-07-23 18:40:00,2017-07-23 19:30:00
3275,val,3275,3280,3281,3286,2017-07-23 17:50:00,2017-07-23 18:40:00,2017-07-23 18:50:00,2017-07-23 19:40:00
3276,val,3276,3281,3282,3287,2017-07-23 18:00:00,2017-07-23 18:50:00,2017-07-23 19:00:00,2017-07-23 19:50:00
3277,val,3277,3282,3283,3288,2017-07-23 18:10:00,2017-07-23 19:00:00,2017-07-23 19:10:00,2017-07-23 20:00:00
3278,val,3278,3283,3284,3289,2017-07-23 18:20:00,2017-07-23 19:10:00,2017-07-23 19:20:00,2017-07-23 20:10:00
3279,val,3279,3284,3285,3290,2017-07-23 18:30:00,2017-07-23 19:20:00,2017-07-23 19:30:00,2017-07-23 20:20:00
3280,val,3280,3285,3286,3291,2017-07-23 18:40:00,2017-07-23 19:30:00,2017-07-23 19:40:00,2017-07-23 20:30:00
3281,val,3281,3286,3287,3292,2017-07-23 18:50:00,2017-07-23 19:40:00,2017-07-23 19:50:00,2017-07-23 20:40:00
3282,val,3282,3287,3288,3293,2017-07-23 19:00:00,2017-07-23 19:50:00,2017-07-23 20:00:00,2017-07-23 20:50:00
3283,val,3283,3288,3289,3294,2017-07-23 19:10:00,2017-07-23 20:00:00,2017-07-23 20:10:00,2017-07-23 21:00:00
3284,val,3284,3289,3290,3295,2017-07-23 19:20:00,2017-07-23 20:10:00,2017-07-23 20:20:00,2017-07-23 21:10:00
3285,val,3285,3290,3291,3296,2017-07-23 19:30:00,2017-07-23 20:20:00,2017-07-23 20:30:00,2017-07-23 21:20:00
3286,val,3286,3291,3292,3297,2017-07-23 19:40:00,2017-07-23 20:30:00,2017-07-23 20:40:00,2017-07-23 21:30:00
3287,val,3287,3292,3293,3298,2017-07-23 19:50:00,2017-07-23 20:40:00,2017-07-23 20:50:00,2017-07-23 21:40:00
3288,val,3288,3293,3294,3299,2017-07-23 20:00:00,2017-07-23 20:50:00,2017-07-23 21:00:00,2017-07-23 21:50:00
3289,val,3289,3294,3295,3300,2017-07-23 20:10:00,2017-07-23 21:00:00,2017-07-23 21:10:00,2017-07-23 22:00:00
3290,val,3290,3295,3296,3301,2017-07-23 20:20:00,2017-07-23 21:10:00,2017-07-23 21:20:00,2017-07-23 22:10:00
3291,val,3291,3296,3297,3302,2017-07-23 20:30:00,2017-07-23 21:20:00,2017-07-23 21:30:00,2017-07-23 22:20:00
3292,val,3292,3297,3298,3303,2017-07-23 20:40:00,2017-07-23 21:30:00,2017-07-23 21:40:00,2017-07-23 22:30:00
3293,val,3293,3298,3299,3304,2017-07-23 20:50:00,2017-07-23 21:40:00,2017-07-23 21:50:00,2017-07-23 22:40:00
3294,val,3294,3299,3300,3305,2017-07-23 21:00:00,2017-07-23 21:50:00,2017-07-23 22:00:00,2017-07-23 22:50:00
3295,val,3295,3300,3301,3306,2017-07-23 21:10:00,2017-07-23 22:00:00,2017-07-23 22:10:00,2017-07-23 23:00:00
3296,val,3296,3301,3302,3307,2017-07-23 21:20:00,2017-07-23 22:10:00,2017-07-23 22:20:00,2017-07-23 23:10:00
3297,val,3297,3302,3303,3308,2017-07-23 21:30:00,2017-07-23 22:20:00,2017-07-23 22:30:00,2017-07-23 23:20:00
3298,val,3298,3303,3304,3309,2017-07-23 21:40:00,2017-07-23 22:30:00,2017-07-23 22:40:00,2017-07-23 23:30:00
3299,val,3299,3304,3305,3310,2017-07-23 21:50:00,2017-07-23 22:40:00,2017-07-23 22:50:00,2017-07-23 23:40:00
3300,val,3300,3305,3306,3311,2017-07-23 22:00:00,2017-07-23 22:50:00,2017-07-23 23:00:00,2017-07-23 23:50:00
3301,val,3301,3306,3307,3312,2017-07-23 22:10:00,2017-07-23 23:00:00,2017-07-23 23:10:00,2017-07-24 00:00:00
3302,val,3302,3307,3308,3313,2017-07-23 22:20:00,2017-07-23 23:10:00,2017-07-23 23:20:00,2017-07-24 00:10:00
3303,val,3303,3308,3309,3314,2017-07-23 22:30:00,2017-07-23 23:20:00,2017-07-23 23:30:00,2017-07-24 00:20:00
3304,val,3304,3309,3310,3315,2017-07-23 22:40:00,2017-07-23 23:30:00,2017-07-23 23:40:00,2017-07-24 00:30:00
3305,val,3305,3310,3311,3316,2017-07-23 22:50:00,2017-07-23 23:40:00,2017-07-23 23:50:00,2017-07-24 00:40:00
3306,val,3306,3311,3312,3317,2017-07-23 23:00:00,2017-07-23 23:50:00,2017-07-24 00:00:00,2017-07-24 00:50:00
3307,val,3307,3312,3313,3318,2017-07-23 23:10:00,2017-07-24 00:00:00,2017-07-24 00:10:00,2017-07-24 01:00:00
3308,val,3308,3313,3314,3319,2017-07-23 23:20:00,2017-07-24 00:10:00,2017-07-24 00:20:00,2017-07-24 01:10:00
3309,val,3309,3314,3315,3320,2017-07-23 23:30:00,2017-07-24 00:20:00,2017-07-24 00:30:00,2017-07-24 01:20:00
3310,val,3310,3315,3316,3321,2017-07-23 23:40:00,2017-07-24 00:30:00,2017-07-24 00:40:00,2017-07-24 01:30:00
3311,val,3311,3316,3317,3322,2017-07-23 23:50:00,2017-07-24 00:40:00,2017-07-24 00:50:00,2017-07-24 01:40:00
3312,val,3312,3317,3318,3323,2017-07-24 00:00:00,2017-07-24 00:50:00,2017-07-24 01:00:00,2017-07-24 01:50:00
3313,val,3313,3318,3319,3324,2017-07-24 00:10:00,2017-07-24 01:00:00,2017-07-24 01:10:00,2017-07-24 02:00:00
3314,val,3314,3319,3320,3325,2017-07-24 00:20:00,2017-07-24 01:10:00,2017-07-24 01:20:00,2017-07-24 02:10:00
3315,val,3315,3320,3321,3326,2017-07-24 00:30:00,2017-07-24 01:20:00,2017-07-24 01:30:00,2017-07-24 02:20:00
3316,val,3316,3321,3322,3327,2017-07-24 00:40:00,2017-07-24 01:30:00,2017-07-24 01:40:00,2017-07-24 02:30:00
3317,val,3317,3322,3323,3328,2017-07-24 00:50:00,2017-07-24 01:40:00,2017-07-24 01:50:00,2017-07-24 02:40:00
3318,val,3318,3323,3324,3329,2017-07-24 01:00:00,2017-07-24 01:50:00,2017-07-24 02:00:00,2017-07-24 02:50:00
3319,val,3319,3324,3325,3330,2017-07-24 01:10:00,2017-07-24 02:00:00,2017-07-24 02:10:00,2017-07-24 03:00:00
3320,val,3320,3325,3326,3331,2017-07-24 01:20:00,2017-07-24 02:10:00,2017-07-24 02:20:00,2017-07-24 03:10:00
3321,val,3321,3326,3327,3332,2017-07-24 01:30:00,2017-07-24 02:20:00,2017-07-24 02:30:00,2017-07-24 03:20:00
3322,val,3322,3327,3328,3333,2017-07-24 01:40:00,2017-07-24 02:30:00,2017-07-24 02:40:00,2017-07-24 03:30:00
3323,val,3323,3328,3329,3334,2017-07-24 01:50:00,2017-07-24 02:40:00,2017-07-24 02:50:00,2017-07-24 03:40:00
3324,val,3324,3329,3330,3335,2017-07-24 02:00:00,2017-07-24 02:50:00,2017-07-24 03:00:00,2017-07-24 03:50:00
3325,val,3325,3330,3331,3336,2017-07-24 02:10:00,2017-07-24 03:00:00,2017-07-24 03:10:00,2017-07-24 04:00:00
3326,val,3326,3331,3332,3337,2017-07-24 02:20:00,2017-07-24 03:10:00,2017-07-24 03:20:00,2017-07-24 04:10:00
3327,val,3327,3332,3333,3338,2017-07-24 02:30:00,2017-07-24 03:20:00,2017-07-24 03:30:00,2017-07-24 04:20:00
3328,val,3328,3333,3334,3339,2017-07-24 02:40:00,2017-07-24 03:30:00,2017-07-24 03:40:00,2017-07-24 04:30:00
3329,val,3329,3334,3335,3340,2017-07-24 02:50:00,2017-07-24 03:40:00,2017-07-24 03:50:00,2017-07-24 04:40:00
3330,val,3330,3335,3336,3341,2017-07-24 03:00:00,2017-07-24 03:50:00,2017-07-24 04:00:00,2017-07-24 04:50:00
3331,val,3331,3336,3337,3342,2017-07-24 03:10:00,2017-07-24 04:00:00,2017-07-24 04:10:00,2017-07-24 05:00:00
3332,val,3332,3337,3338,3343,2017-07-24 03:20:00,2017-07-24 04:10:00,2017-07-24 04:20:00,2017-07-24 05:10:00
3333,val,3333,3338,3339,3344,2017-07-24 03:30:00,2017-07-24 04:20:00,2017-07-24 04:30:00,2017-07-24 05:20:00
3334,val,3334,3339,3340,3345,2017-07-24 03:40:00,2017-07-24 04:30:00,2017-07-24 04:40:00,2017-07-24 05:30:00
3335,val,3335,3340,3341,3346,2017-07-24 03:50:00,2017-07-24 04:40:00,2017-07-24 04:50:00,2017-07-24 05:40:00
3336,val,3336,3341,3342,3347,2017-07-24 04:00:00,2017-07-24 04:50:00,2017-07-24 05:00:00,2017-07-24 05:50:00
3337,val,3337,3342,3343,3348,2017-07-24 04:10:00,2017-07-24 05:00:00,2017-07-24 05:10:00,2017-07-24 06:00:00
3338,val,3338,3343,3344,3349,2017-07-24 04:20:00,2017-07-24 05:10:00,2017-07-24 05:20:00,2017-07-24 06:10:00
3339,val,3339,3344,3345,3350,2017-07-24 04:30:00,2017-07-24 05:20:00,2017-07-24 05:30:00,2017-07-24 06:20:00
3340,val,3340,3345,3346,3351,2017-07-24 04:40:00,2017-07-24 05:30:00,2017-07-24 05:40:00,2017-07-24 06:30:00
3341,val,3341,3346,3347,3352,2017-07-24 04:50:00,2017-07-24 05:40:00,2017-07-24 05:50:00,2017-07-24 06:40:00
3342,val,3342,3347,3348,3353,2017-07-24 05:00:00,2017-07-24 05:50:00,2017-07-24 06:00:00,2017-07-24 06:50:00
3343,val,3343,3348,3349,3354,2017-07-24 05:10:00,2017-07-24 06:00:00,2017-07-24 06:10:00,2017-07-24 07:00:00
3344,val,3344,3349,3350,3355,2017-07-24 05:20:00,2017-07-24 06:10:00,2017-07-24 06:20:00,2017-07-24 07:10:00
3345,val,3345,3350,3351,3356,2017-07-24 05:30:00,2017-07-24 06:20:00,2017-07-24 06:30:00,2017-07-24 07:20:00
3346,val,3346,3351,3352,3357,2017-07-24 05:40:00,2017-07-24 06:30:00,2017-07-24 06:40:00,2017-07-24 07:30:00
3347,val,3347,3352,3353,3358,2017-07-24 05:50:00,2017-07-24 06:40:00,2017-07-24 06:50:00,2017-07-24 07:40:00
3348,val,3348,3353,3354,3359,2017-07-24 06:00:00,2017-07-24 06:50:00,2017-07-24 07:00:00,2017-07-24 07:50:00
3349,val,3349,3354,3355,3360,2017-07-24 06:10:00,2017-07-24 07:00:00,2017-07-24 07:10:00,2017-07-24 08:00:00
3350,val,3350,3355,3356,3361,2017-07-24 06:20:00,2017-07-24 07:10:00,2017-07-24 07:20:00,2017-07-24 08:10:00
3351,val,3351,3356,3357,3362,2017-07-24 06:30:00,2017-07-24 07:20:00,2017-07-24 07:30:00,2017-07-24 08:20:00
3352,val,3352,3357,3358,3363,2017-07-24 06:40:00,2017-07-24 07:30:00,2017-07-24 07:40:00,2017-07-24 08:30:00
3353,val,3353,3358,3359,3364,2017-07-24 06:50:00,2017-07-24 07:40:00,2017-07-24 07:50:00,2017-07-24 08:40:00
3354,val,3354,3359,3360,3365,2017-07-24 07:00:00,2017-07-24 07:50:00,2017-07-24 08:00:00,2017-07-24 08:50:00
3355,val,3355,3360,3361,3366,2017-07-24 07:10:00,2017-07-24 08:00:00,2017-07-24 08:10:00,2017-07-24 09:00:00
3356,val,3356,3361,3362,3367,2017-07-24 07:20:00,2017-07-24 08:10:00,2017-07-24 08:20:00,2017-07-24 09:10:00
3357,val,3357,3362,3363,3368,2017-07-24 07:30:00,2017-07-24 08:20:00,2017-07-24 08:30:00,2017-07-24 09:20:00
3358,val,3358,3363,3364,3369,2017-07-24 07:40:00,2017-07-24 08:30:00,2017-07-24 08:40:00,2017-07-24 09:30:00
3359,val,3359,3364,3365,3370,2017-07-24 07:50:00,2017-07-24 08:40:00,2017-07-24 08:50:00,2017-07-24 09:40:00
3360,val,3360,3365,3366,3371,2017-07-24 08:00:00,2017-07-24 08:50:00,2017-07-24 09:00:00,2017-07-24 09:50:00
3361,val,3361,3366,3367,3372,2017-07-24 08:10:00,2017-07-24 09:00:00,2017-07-24 09:10:00,2017-07-24 10:00:00
3362,val,3362,3367,3368,3373,2017-07-24 08:20:00,2017-07-24 09:10:00,2017-07-24 09:20:00,2017-07-24 10:10:00
3363,val,3363,3368,3369,3374,2017-07-24 08:30:00,2017-07-24 09:20:00,2017-07-24 09:30:00,2017-07-24 10:20:00
3364,val,3364,3369,3370,3375,2017-07-24 08:40:00,2017-07-24 09:30:00,2017-07-24 09:40:00,2017-07-24 10:30:00
3365,val,3365,3370,3371,3376,2017-07-24 08:50:00,2017-07-24 09:40:00,2017-07-24 09:50:00,2017-07-24 10:40:00
3366,val,3366,3371,3372,3377,2017-07-24 09:00:00,2017-07-24 09:50:00,2017-07-24 10:00:00,2017-07-24 10:50:00
3367,val,3367,3372,3373,3378,2017-07-24 09:10:00,2017-07-24 10:00:00,2017-07-24 10:10:00,2017-07-24 11:00:00
3368,val,3368,3373,3374,3379,2017-07-24 09:20:00,2017-07-24 10:10:00,2017-07-24 10:20:00,2017-07-24 11:10:00
3369,val,3369,3374,3375,3380,2017-07-24 09:30:00,2017-07-24 10:20:00,2017-07-24 10:30:00,2017-07-24 11:20:00
3370,val,3370,3375,3376,3381,2017-07-24 09:40:00,2017-07-24 10:30:00,2017-07-24 10:40:00,2017-07-24 11:30:00
3371,val,3371,3376,3377,3382,2017-07-24 09:50:00,2017-07-24 10:40:00,2017-07-24 10:50:00,2017-07-24 11:40:00
3372,val,3372,3377,3378,3383,2017-07-24 10:00:00,2017-07-24 10:50:00,2017-07-24 11:00:00,2017-07-24 11:50:00
3373,val,3373,3378,3379,3384,2017-07-24 10:10:00,2017-07-24 11:00:00,2017-07-24 11:10:00,2017-07-24 12:00:00
3374,val,3374,3379,3380,3385,2017-07-24 10:20:00,2017-07-24 11:10:00,2017-07-24 11:20:00,2017-07-24 12:10:00
3375,val,3375,3380,3381,3386,2017-07-24 10:30:00,2017-07-24 11:20:00,2017-07-24 11:30:00,2017-07-24 12:20:00
3376,val,3376,3381,3382,3387,2017-07-24 10:40:00,2017-07-24 11:30:00,2017-07-24 11:40:00,2017-07-24 12:30:00
3377,val,3377,3382,3383,3388,2017-07-24 10:50:00,2017-07-24 11:40:00,2017-07-24 11:50:00,2017-07-24 12:40:00
3378,val,3378,3383,3384,3389,2017-07-24 11:00:00,2017-07-24 11:50:00,2017-07-24 12:00:00,2017-07-24 12:50:00
3379,val,3379,3384,3385,3390,2017-07-24 11:10:00,2017-07-24 12:00:00,2017-07-24 12:10:00,2017-07-24 13:00:00
3380,val,3380,3385,3386,3391,2017-07-24 11:20:00,2017-07-24 12:10:00,2017-07-24 12:20:00,2017-07-24 13:10:00
3381,val,3381,3386,3387,3392,2017-07-24 11:30:00,2017-07-24 12:20:00,2017-07-24 12:30:00,2017-07-24 13:20:00
3382,val,3382,3387,3388,3393,2017-07-24 11:40:00,2017-07-24 12:30:00,2017-07-24 12:40:00,2017-07-24 13:30:00
3383,val,3383,3388,3389,3394,2017-07-24 11:50:00,2017-07-24 12:40:00,2017-07-24 12:50:00,2017-07-24 13:40:00
3384,val,3384,3389,3390,3395,2017-07-24 12:00:00,2017-07-24 12:50:00,2017-07-24 13:00:00,2017-07-24 13:50:00
3385,val,3385,3390,3391,3396,2017-07-24 12:10:00,2017-07-24 13:00:00,2017-07-24 13:10:00,2017-07-24 14:00:00
3386,val,3386,3391,3392,3397,2017-07-24 12:20:00,2017-07-24 13:10:00,2017-07-24 13:20:00,2017-07-24 14:10:00
3387,val,3387,3392,3393,3398,2017-07-24 12:30:00,2017-07-24 13:20:00,2017-07-24 13:30:00,2017-07-24 14:20:00
3388,val,3388,3393,3394,3399,2017-07-24 12:40:00,2017-07-24 13:30:00,2017-07-24 13:40:00,2017-07-24 14:30:00
3389,val,3389,3394,3395,3400,2017-07-24 12:50:00,2017-07-24 13:40:00,2017-07-24 13:50:00,2017-07-24 14:40:00
3390,val,3390,3395,3396,3401,2017-07-24 13:00:00,2017-07-24 13:50:00,2017-07-24 14:00:00,2017-07-24 14:50:00
3391,val,3391,3396,3397,3402,2017-07-24 13:10:00,2017-07-24 14:00:00,2017-07-24 14:10:00,2017-07-24 15:00:00
3392,val,3392,3397,3398,3403,2017-07-24 13:20:00,2017-07-24 14:10:00,2017-07-24 14:20:00,2017-07-24 15:10:00
3393,val,3393,3398,3399,3404,2017-07-24 13:30:00,2017-07-24 14:20:00,2017-07-24 14:30:00,2017-07-24 15:20:00
3394,val,3394,3399,3400,3405,2017-07-24 13:40:00,2017-07-24 14:30:00,2017-07-24 14:40:00,2017-07-24 15:30:00
3395,val,3395,3400,3401,3406,2017-07-24 13:50:00,2017-07-24 14:40:00,2017-07-24 14:50:00,2017-07-24 15:40:00
3396,val,3396,3401,3402,3407,2017-07-24 14:00:00,2017-07-24 14:50:00,2017-07-24 15:00:00,2017-07-24 15:50:00
3397,val,3397,3402,3403,3408,2017-07-24 14:10:00,2017-07-24 15:00:00,2017-07-24 15:10:00,2017-07-24 16:00:00
3398,val,3398,3403,3404,3409,2017-07-24 14:20:00,2017-07-24 15:10:00,2017-07-24 15:20:00,2017-07-24 16:10:00
3399,val,3399,3404,3405,3410,2017-07-24 14:30:00,2017-07-24 15:20:00,2017-07-24 15:30:00,2017-07-24 16:20:00
3400,val,3400,3405,3406,3411,2017-07-24 14:40:00,2017-07-24 15:30:00,2017-07-24 15:40:00,2017-07-24 16:30:00
3401,val,3401,3406,3407,3412,2017-07-24 14:50:00,2017-07-24 15:40:00,2017-07-24 15:50:00,2017-07-24 16:40:00
3402,val,3402,3407,3408,3413,2017-07-24 15:00:00,2017-07-24 15:50:00,2017-07-24 16:00:00,2017-07-24 16:50:00
3403,val,3403,3408,3409,3414,2017-07-24 15:10:00,2017-07-24 16:00:00,2017-07-24 16:10:00,2017-07-24 17:00:00
3404,val,3404,3409,3410,3415,2017-07-24 15:20:00,2017-07-24 16:10:00,2017-07-24 16:20:00,2017-07-24 17:10:00
3405,val,3405,3410,3411,3416,2017-07-24 15:30:00,2017-07-24 16:20:00,2017-07-24 16:30:00,2017-07-24 17:20:00
3406,val,3406,3411,3412,3417,2017-07-24 15:40:00,2017-07-24 16:30:00,2017-07-24 16:40:00,2017-07-24 17:30:00
3407,val,3407,3412,3413,3418,2017-07-24 15:50:00,2017-07-24 16:40:00,2017-07-24 16:50:00,2017-07-24 17:40:00
3408,val,3408,3413,3414,3419,2017-07-24 16:00:00,2017-07-24 16:50:00,2017-07-24 17:00:00,2017-07-24 17:50:00
3409,val,3409,3414,3415,3420,2017-07-24 16:10:00,2017-07-24 17:00:00,2017-07-24 17:10:00,2017-07-24 18:00:00
3410,val,3410,3415,3416,3421,2017-07-24 16:20:00,2017-07-24 17:10:00,2017-07-24 17:20:00,2017-07-24 18:10:00
3411,val,3411,3416,3417,3422,2017-07-24 16:30:00,2017-07-24 17:20:00,2017-07-24 17:30:00,2017-07-24 18:20:00
3412,val,3412,3417,3418,3423,2017-07-24 16:40:00,2017-07-24 17:30:00,2017-07-24 17:40:00,2017-07-24 18:30:00
3413,val,3413,3418,3419,3424,2017-07-24 16:50:00,2017-07-24 17:40:00,2017-07-24 17:50:00,2017-07-24 18:40:00
3414,val,3414,3419,3420,3425,2017-07-24 17:00:00,2017-07-24 17:50:00,2017-07-24 18:00:00,2017-07-24 18:50:00
3415,val,3415,3420,3421,3426,2017-07-24 17:10:00,2017-07-24 18:00:00,2017-07-24 18:10:00,2017-07-24 19:00:00
3416,val,3416,3421,3422,3427,2017-07-24 17:20:00,2017-07-24 18:10:00,2017-07-24 18:20:00,2017-07-24 19:10:00
3417,val,3417,3422,3423,3428,2017-07-24 17:30:00,2017-07-24 18:20:00,2017-07-24 18:30:00,2017-07-24 19:20:00
3418,val,3418,3423,3424,3429,2017-07-24 17:40:00,2017-07-24 18:30:00,2017-07-24 18:40:00,2017-07-24 19:30:00
3419,val,3419,3424,3425,3430,2017-07-24 17:50:00,2017-07-24 18:40:00,2017-07-24 18:50:00,2017-07-24 19:40:00
3420,val,3420,3425,3426,3431,2017-07-24 18:00:00,2017-07-24 18:50:00,2017-07-24 19:00:00,2017-07-24 19:50:00
3421,val,3421,3426,3427,3432,2017-07-24 18:10:00,2017-07-24 19:00:00,2017-07-24 19:10:00,2017-07-24 20:00:00
3422,val,3422,3427,3428,3433,2017-07-24 18:20:00,2017-07-24 19:10:00,2017-07-24 19:20:00,2017-07-24 20:10:00
3423,val,3423,3428,3429,3434,2017-07-24 18:30:00,2017-07-24 19:20:00,2017-07-24 19:30:00,2017-07-24 20:20:00
3424,val,3424,3429,3430,3435,2017-07-24 18:40:00,2017-07-24 19:30:00,2017-07-24 19:40:00,2017-07-24 20:30:00
3425,val,3425,3430,3431,3436,2017-07-24 18:50:00,2017-07-24 19:40:00,2017-07-24 19:50:00,2017-07-24 20:40:00
3426,val,3426,3431,3432,3437,2017-07-24 19:00:00,2017-07-24 19:50:00,2017-07-24 20:00:00,2017-07-24 20:50:00
3427,val,3427,3432,3433,3438,2017-07-24 19:10:00,2017-07-24 20:00:00,2017-07-24 20:10:00,2017-07-24 21:00:00
3428,val,3428,3433,3434,3439,2017-07-24 19:20:00,2017-07-24 20:10:00,2017-07-24 20:20:00,2017-07-24 21:10:00
3429,val,3429,3434,3435,3440,2017-07-24 19:30:00,2017-07-24 20:20:00,2017-07-24 20:30:00,2017-07-24 21:20:00
3430,val,3430,3435,3436,3441,2017-07-24 19:40:00,2017-07-24 20:30:00,2017-07-24 20:40:00,2017-07-24 21:30:00
3431,val,3431,3436,3437,3442,2017-07-24 19:50:00,2017-07-24 20:40:00,2017-07-24 20:50:00,2017-07-24 21:40:00
3432,val,3432,3437,3438,3443,2017-07-24 20:00:00,2017-07-24 20:50:00,2017-07-24 21:00:00,2017-07-24 21:50:00
3433,val,3433,3438,3439,3444,2017-07-24 20:10:00,2017-07-24 21:00:00,2017-07-24 21:10:00,2017-07-24 22:00:00
3434,val,3434,3439,3440,3445,2017-07-24 20:20:00,2017-07-24 21:10:00,2017-07-24 21:20:00,2017-07-24 22:10:00
3435,val,3435,3440,3441,3446,2017-07-24 20:30:00,2017-07-24 21:20:00,2017-07-24 21:30:00,2017-07-24 22:20:00
3436,val,3436,3441,3442,3447,2017-07-24 20:40:00,2017-07-24 21:30:00,2017-07-24 21:40:00,2017-07-24 22:30:00
3437,val,3437,3442,3443,3448,2017-07-24 20:50:00,2017-07-24 21:40:00,2017-07-24 21:50:00,2017-07-24 22:40:00
3438,val,3438,3443,3444,3449,2017-07-24 21:00:00,2017-07-24 21:50:00,2017-07-24 22:00:00,2017-07-24 22:50:00
3439,val,3439,3444,3445,3450,2017-07-24 21:10:00,2017-07-24 22:00:00,2017-07-24 22:10:00,2017-07-24 23:00:00
3440,val,3440,3445,3446,3451,2017-07-24 21:20:00,2017-07-24 22:10:00,2017-07-24 22:20:00,2017-07-24 23:10:00
3441,val,3441,3446,3447,3452,2017-07-24 21:30:00,2017-07-24 22:20:00,2017-07-24 22:30:00,2017-07-24 23:20:00
3442,val,3442,3447,3448,3453,2017-07-24 21:40:00,2017-07-24 22:30:00,2017-07-24 22:40:00,2017-07-24 23:30:00
3443,val,3443,3448,3449,3454,2017-07-24 21:50:00,2017-07-24 22:40:00,2017-07-24 22:50:00,2017-07-24 23:40:00
3444,val,3444,3449,3450,3455,2017-07-24 22:00:00,2017-07-24 22:50:00,2017-07-24 23:00:00,2017-07-24 23:50:00
3445,val,3445,3450,3451,3456,2017-07-24 22:10:00,2017-07-24 23:00:00,2017-07-24 23:10:00,2017-07-25 00:00:00
3446,val,3446,3451,3452,3457,2017-07-24 22:20:00,2017-07-24 23:10:00,2017-07-24 23:20:00,2017-07-25 00:10:00
3447,val,3447,3452,3453,3458,2017-07-24 22:30:00,2017-07-24 23:20:00,2017-07-24 23:30:00,2017-07-25 00:20:00
3448,val,3448,3453,3454,3459,2017-07-24 22:40:00,2017-07-24 23:30:00,2017-07-24 23:40:00,2017-07-25 00:30:00
3449,val,3449,3454,3455,3460,2017-07-24 22:50:00,2017-07-24 23:40:00,2017-07-24 23:50:00,2017-07-25 00:40:00
3450,val,3450,3455,3456,3461,2017-07-24 23:00:00,2017-07-24 23:50:00,2017-07-25 00:00:00,2017-07-25 00:50:00
3451,val,3451,3456,3457,3462,2017-07-24 23:10:00,2017-07-25 00:00:00,2017-07-25 00:10:00,2017-07-25 01:00:00
3452,val,3452,3457,3458,3463,2017-07-24 23:20:00,2017-07-25 00:10:00,2017-07-25 00:20:00,2017-07-25 01:10:00
3453,val,3453,3458,3459,3464,2017-07-24 23:30:00,2017-07-25 00:20:00,2017-07-25 00:30:00,2017-07-25 01:20:00
3454,val,3454,3459,3460,3465,2017-07-24 23:40:00,2017-07-25 00:30:00,2017-07-25 00:40:00,2017-07-25 01:30:00
3455,val,3455,3460,3461,3466,2017-07-24 23:50:00,2017-07-25 00:40:00,2017-07-25 00:50:00,2017-07-25 01:40:00
3456,val,3456,3461,3462,3467,2017-07-25 00:00:00,2017-07-25 00:50:00,2017-07-25 01:00:00,2017-07-25 01:50:00
3457,val,3457,3462,3463,3468,2017-07-25 00:10:00,2017-07-25 01:00:00,2017-07-25 01:10:00,2017-07-25 02:00:00
3458,val,3458,3463,3464,3469,2017-07-25 00:20:00,2017-07-25 01:10:00,2017-07-25 01:20:00,2017-07-25 02:10:00
3459,val,3459,3464,3465,3470,2017-07-25 00:30:00,2017-07-25 01:20:00,2017-07-25 01:30:00,2017-07-25 02:20:00
3460,val,3460,3465,3466,3471,2017-07-25 00:40:00,2017-07-25 01:30:00,2017-07-25 01:40:00,2017-07-25 02:30:00
3461,val,3461,3466,3467,3472,2017-07-25 00:50:00,2017-07-25 01:40:00,2017-07-25 01:50:00,2017-07-25 02:40:00
3462,val,3462,3467,3468,3473,2017-07-25 01:00:00,2017-07-25 01:50:00,2017-07-25 02:00:00,2017-07-25 02:50:00
3463,val,3463,3468,3469,3474,2017-07-25 01:10:00,2017-07-25 02:00:00,2017-07-25 02:10:00,2017-07-25 03:00:00
3464,val,3464,3469,3470,3475,2017-07-25 01:20:00,2017-07-25 02:10:00,2017-07-25 02:20:00,2017-07-25 03:10:00
3465,val,3465,3470,3471,3476,2017-07-25 01:30:00,2017-07-25 02:20:00,2017-07-25 02:30:00,2017-07-25 03:20:00
3466,val,3466,3471,3472,3477,2017-07-25 01:40:00,2017-07-25 02:30:00,2017-07-25 02:40:00,2017-07-25 03:30:00
3467,val,3467,3472,3473,3478,2017-07-25 01:50:00,2017-07-25 02:40:00,2017-07-25 02:50:00,2017-07-25 03:40:00
3468,val,3468,3473,3474,3479,2017-07-25 02:00:00,2017-07-25 02:50:00,2017-07-25 03:00:00,2017-07-25 03:50:00
3469,val,3469,3474,3475,3480,2017-07-25 02:10:00,2017-07-25 03:00:00,2017-07-25 03:10:00,2017-07-25 04:00:00
3470,val,3470,3475,3476,3481,2017-07-25 02:20:00,2017-07-25 03:10:00,2017-07-25 03:20:00,2017-07-25 04:10:00
3471,val,3471,3476,3477,3482,2017-07-25 02:30:00,2017-07-25 03:20:00,2017-07-25 03:30:00,2017-07-25 04:20:00
3472,val,3472,3477,3478,3483,2017-07-25 02:40:00,2017-07-25 03:30:00,2017-07-25 03:40:00,2017-07-25 04:30:00
3473,val,3473,3478,3479,3484,2017-07-25 02:50:00,2017-07-25 03:40:00,2017-07-25 03:50:00,2017-07-25 04:40:00
3474,val,3474,3479,3480,3485,2017-07-25 03:00:00,2017-07-25 03:50:00,2017-07-25 04:00:00,2017-07-25 04:50:00
3475,val,3475,3480,3481,3486,2017-07-25 03:10:00,2017-07-25 04:00:00,2017-07-25 04:10:00,2017-07-25 05:00:00
3476,val,3476,3481,3482,3487,2017-07-25 03:20:00,2017-07-25 04:10:00,2017-07-25 04:20:00,2017-07-25 05:10:00
3477,val,3477,3482,3483,3488,2017-07-25 03:30:00,2017-07-25 04:20:00,2017-07-25 04:30:00,2017-07-25 05:20:00
3478,val,3478,3483,3484,3489,2017-07-25 03:40:00,2017-07-25 04:30:00,2017-07-25 04:40:00,2017-07-25 05:30:00
3479,val,3479,3484,3485,3490,2017-07-25 03:50:00,2017-07-25 04:40:00,2017-07-25 04:50:00,2017-07-25 05:40:00
3480,val,3480,3485,3486,3491,2017-07-25 04:00:00,2017-07-25 04:50:00,2017-07-25 05:00:00,2017-07-25 05:50:00
3481,val,3481,3486,3487,3492,2017-07-25 04:10:00,2017-07-25 05:00:00,2017-07-25 05:10:00,2017-07-25 06:00:00
3482,val,3482,3487,3488,3493,2017-07-25 04:20:00,2017-07-25 05:10:00,2017-07-25 05:20:00,2017-07-25 06:10:00
3483,val,3483,3488,3489,3494,2017-07-25 04:30:00,2017-07-25 05:20:00,2017-07-25 05:30:00,2017-07-25 06:20:00
3484,val,3484,3489,3490,3495,2017-07-25 04:40:00,2017-07-25 05:30:00,2017-07-25 05:40:00,2017-07-25 06:30:00
3485,val,3485,3490,3491,3496,2017-07-25 04:50:00,2017-07-25 05:40:00,2017-07-25 05:50:00,2017-07-25 06:40:00
3486,val,3486,3491,3492,3497,2017-07-25 05:00:00,2017-07-25 05:50:00,2017-07-25 06:00:00,2017-07-25 06:50:00
3487,val,3487,3492,3493,3498,2017-07-25 05:10:00,2017-07-25 06:00:00,2017-07-25 06:10:00,2017-07-25 07:00:00
3488,val,3488,3493,3494,3499,2017-07-25 05:20:00,2017-07-25 06:10:00,2017-07-25 06:20:00,2017-07-25 07:10:00
3489,val,3489,3494,3495,3500,2017-07-25 05:30:00,2017-07-25 06:20:00,2017-07-25 06:30:00,2017-07-25 07:20:00
3490,val,3490,3495,3496,3501,2017-07-25 05:40:00,2017-07-25 06:30:00,2017-07-25 06:40:00,2017-07-25 07:30:00
3491,val,3491,3496,3497,3502,2017-07-25 05:50:00,2017-07-25 06:40:00,2017-07-25 06:50:00,2017-07-25 07:40:00
3492,val,3492,3497,3498,3503,2017-07-25 06:00:00,2017-07-25 06:50:00,2017-07-25 07:00:00,2017-07-25 07:50:00
3493,val,3493,3498,3499,3504,2017-07-25 06:10:00,2017-07-25 07:00:00,2017-07-25 07:10:00,2017-07-25 08:00:00
3494,val,3494,3499,3500,3505,2017-07-25 06:20:00,2017-07-25 07:10:00,2017-07-25 07:20:00,2017-07-25 08:10:00
3495,val,3495,3500,3501,3506,2017-07-25 06:30:00,2017-07-25 07:20:00,2017-07-25 07:30:00,2017-07-25 08:20:00
3496,val,3496,3501,3502,3507,2017-07-25 06:40:00,2017-07-25 07:30:00,2017-07-25 07:40:00,2017-07-25 08:30:00
3497,val,3497,3502,3503,3508,2017-07-25 06:50:00,2017-07-25 07:40:00,2017-07-25 07:50:00,2017-07-25 08:40:00
3498,val,3498,3503,3504,3509,2017-07-25 07:00:00,2017-07-25 07:50:00,2017-07-25 08:00:00,2017-07-25 08:50:00
3499,val,3499,3504,3505,3510,2017-07-25 07:10:00,2017-07-25 08:00:00,2017-07-25 08:10:00,2017-07-25 09:00:00
3500,val,3500,3505,3506,3511,2017-07-25 07:20:00,2017-07-25 08:10:00,2017-07-25 08:20:00,2017-07-25 09:10:00
3501,val,3501,3506,3507,3512,2017-07-25 07:30:00,2017-07-25 08:20:00,2017-07-25 08:30:00,2017-07-25 09:20:00
3502,val,3502,3507,3508,3513,2017-07-25 07:40:00,2017-07-25 08:30:00,2017-07-25 08:40:00,2017-07-25 09:30:00
3503,val,3503,3508,3509,3514,2017-07-25 07:50:00,2017-07-25 08:40:00,2017-07-25 08:50:00,2017-07-25 09:40:00
3504,val,3504,3509,3510,3515,2017-07-25 08:00:00,2017-07-25 08:50:00,2017-07-25 09:00:00,2017-07-25 09:50:00
3505,val,3505,3510,3511,3516,2017-07-25 08:10:00,2017-07-25 09:00:00,2017-07-25 09:10:00,2017-07-25 10:00:00
3506,val,3506,3511,3512,3517,2017-07-25 08:20:00,2017-07-25 09:10:00,2017-07-25 09:20:00,2017-07-25 10:10:00
3507,val,3507,3512,3513,3518,2017-07-25 08:30:00,2017-07-25 09:20:00,2017-07-25 09:30:00,2017-07-25 10:20:00
3508,val,3508,3513,3514,3519,2017-07-25 08:40:00,2017-07-25 09:30:00,2017-07-25 09:40:00,2017-07-25 10:30:00
3509,val,3509,3514,3515,3520,2017-07-25 08:50:00,2017-07-25 09:40:00,2017-07-25 09:50:00,2017-07-25 10:40:00
3510,val,3510,3515,3516,3521,2017-07-25 09:00:00,2017-07-25 09:50:00,2017-07-25 10:00:00,2017-07-25 10:50:00
3511,val,3511,3516,3517,3522,2017-07-25 09:10:00,2017-07-25 10:00:00,2017-07-25 10:10:00,2017-07-25 11:00:00
3512,val,3512,3517,3518,3523,2017-07-25 09:20:00,2017-07-25 10:10:00,2017-07-25 10:20:00,2017-07-25 11:10:00
3513,val,3513,3518,3519,3524,2017-07-25 09:30:00,2017-07-25 10:20:00,2017-07-25 10:30:00,2017-07-25 11:20:00
3514,val,3514,3519,3520,3525,2017-07-25 09:40:00,2017-07-25 10:30:00,2017-07-25 10:40:00,2017-07-25 11:30:00
3515,val,3515,3520,3521,3526,2017-07-25 09:50:00,2017-07-25 10:40:00,2017-07-25 10:50:00,2017-07-25 11:40:00
3516,val,3516,3521,3522,3527,2017-07-25 10:00:00,2017-07-25 10:50:00,2017-07-25 11:00:00,2017-07-25 11:50:00
3517,val,3517,3522,3523,3528,2017-07-25 10:10:00,2017-07-25 11:00:00,2017-07-25 11:10:00,2017-07-25 12:00:00
3518,val,3518,3523,3524,3529,2017-07-25 10:20:00,2017-07-25 11:10:00,2017-07-25 11:20:00,2017-07-25 12:10:00
3519,val,3519,3524,3525,3530,2017-07-25 10:30:00,2017-07-25 11:20:00,2017-07-25 11:30:00,2017-07-25 12:20:00
3520,val,3520,3525,3526,3531,2017-07-25 10:40:00,2017-07-25 11:30:00,2017-07-25 11:40:00,2017-07-25 12:30:00
3521,val,3521,3526,3527,3532,2017-07-25 10:50:00,2017-07-25 11:40:00,2017-07-25 11:50:00,2017-07-25 12:40:00
3522,val,3522,3527,3528,3533,2017-07-25 11:00:00,2017-07-25 11:50:00,2017-07-25 12:00:00,2017-07-25 12:50:00
3523,val,3523,3528,3529,3534,2017-07-25 11:10:00,2017-07-25 12:00:00,2017-07-25 12:10:00,2017-07-25 13:00:00
3524,val,3524,3529,3530,3535,2017-07-25 11:20:00,2017-07-25 12:10:00,2017-07-25 12:20:00,2017-07-25 13:10:00
3525,val,3525,3530,3531,3536,2017-07-25 11:30:00,2017-07-25 12:20:00,2017-07-25 12:30:00,2017-07-25 13:20:00
3526,val,3526,3531,3532,3537,2017-07-25 11:40:00,2017-07-25 12:30:00,2017-07-25 12:40:00,2017-07-25 13:30:00
3527,val,3527,3532,3533,3538,2017-07-25 11:50:00,2017-07-25 12:40:00,2017-07-25 12:50:00,2017-07-25 13:40:00
3528,val,3528,3533,3534,3539,2017-07-25 12:00:00,2017-07-25 12:50:00,2017-07-25 13:00:00,2017-07-25 13:50:00
3529,val,3529,3534,3535,3540,2017-07-25 12:10:00,2017-07-25 13:00:00,2017-07-25 13:10:00,2017-07-25 14:00:00
3530,val,3530,3535,3536,3541,2017-07-25 12:20:00,2017-07-25 13:10:00,2017-07-25 13:20:00,2017-07-25 14:10:00
3531,val,3531,3536,3537,3542,2017-07-25 12:30:00,2017-07-25 13:20:00,2017-07-25 13:30:00,2017-07-25 14:20:00
3532,val,3532,3537,3538,3543,2017-07-25 12:40:00,2017-07-25 13:30:00,2017-07-25 13:40:00,2017-07-25 14:30:00
3533,val,3533,3538,3539,3544,2017-07-25 12:50:00,2017-07-25 13:40:00,2017-07-25 13:50:00,2017-07-25 14:40:00
3534,val,3534,3539,3540,3545,2017-07-25 13:00:00,2017-07-25 13:50:00,2017-07-25 14:00:00,2017-07-25 14:50:00
3535,val,3535,3540,3541,3546,2017-07-25 13:10:00,2017-07-25 14:00:00,2017-07-25 14:10:00,2017-07-25 15:00:00
3536,val,3536,3541,3542,3547,2017-07-25 13:20:00,2017-07-25 14:10:00,2017-07-25 14:20:00,2017-07-25 15:10:00
3537,val,3537,3542,3543,3548,2017-07-25 13:30:00,2017-07-25 14:20:00,2017-07-25 14:30:00,2017-07-25 15:20:00
3538,val,3538,3543,3544,3549,2017-07-25 13:40:00,2017-07-25 14:30:00,2017-07-25 14:40:00,2017-07-25 15:30:00
3539,val,3539,3544,3545,3550,2017-07-25 13:50:00,2017-07-25 14:40:00,2017-07-25 14:50:00,2017-07-25 15:40:00
3540,val,3540,3545,3546,3551,2017-07-25 14:00:00,2017-07-25 14:50:00,2017-07-25 15:00:00,2017-07-25 15:50:00
3541,val,3541,3546,3547,3552,2017-07-25 14:10:00,2017-07-25 15:00:00,2017-07-25 15:10:00,2017-07-25 16:00:00
3542,val,3542,3547,3548,3553,2017-07-25 14:20:00,2017-07-25 15:10:00,2017-07-25 15:20:00,2017-07-25 16:10:00
3543,val,3543,3548,3549,3554,2017-07-25 14:30:00,2017-07-25 15:20:00,2017-07-25 15:30:00,2017-07-25 16:20:00
3544,val,3544,3549,3550,3555,2017-07-25 14:40:00,2017-07-25 15:30:00,2017-07-25 15:40:00,2017-07-25 16:30:00
3545,val,3545,3550,3551,3556,2017-07-25 14:50:00,2017-07-25 15:40:00,2017-07-25 15:50:00,2017-07-25 16:40:00
3546,val,3546,3551,3552,3557,2017-07-25 15:00:00,2017-07-25 15:50:00,2017-07-25 16:00:00,2017-07-25 16:50:00
3547,val,3547,3552,3553,3558,2017-07-25 15:10:00,2017-07-25 16:00:00,2017-07-25 16:10:00,2017-07-25 17:00:00
3548,val,3548,3553,3554,3559,2017-07-25 15:20:00,2017-07-25 16:10:00,2017-07-25 16:20:00,2017-07-25 17:10:00
3549,val,3549,3554,3555,3560,2017-07-25 15:30:00,2017-07-25 16:20:00,2017-07-25 16:30:00,2017-07-25 17:20:00
3550,val,3550,3555,3556,3561,2017-07-25 15:40:00,2017-07-25 16:30:00,2017-07-25 16:40:00,2017-07-25 17:30:00
3551,val,3551,3556,3557,3562,2017-07-25 15:50:00,2017-07-25 16:40:00,2017-07-25 16:50:00,2017-07-25 17:40:00
3552,val,3552,3557,3558,3563,2017-07-25 16:00:00,2017-07-25 16:50:00,2017-07-25 17:00:00,2017-07-25 17:50:00
3553,val,3553,3558,3559,3564,2017-07-25 16:10:00,2017-07-25 17:00:00,2017-07-25 17:10:00,2017-07-25 18:00:00
3554,val,3554,3559,3560,3565,2017-07-25 16:20:00,2017-07-25 17:10:00,2017-07-25 17:20:00,2017-07-25 18:10:00
3555,val,3555,3560,3561,3566,2017-07-25 16:30:00,2017-07-25 17:20:00,2017-07-25 17:30:00,2017-07-25 18:20:00
3556,val,3556,3561,3562,3567,2017-07-25 16:40:00,2017-07-25 17:30:00,2017-07-25 17:40:00,2017-07-25 18:30:00
3557,val,3557,3562,3563,3568,2017-07-25 16:50:00,2017-07-25 17:40:00,2017-07-25 17:50:00,2017-07-25 18:40:00
3558,val,3558,3563,3564,3569,2017-07-25 17:00:00,2017-07-25 17:50:00,2017-07-25 18:00:00,2017-07-25 18:50:00
3559,val,3559,3564,3565,3570,2017-07-25 17:10:00,2017-07-25 18:00:00,2017-07-25 18:10:00,2017-07-25 19:00:00
3560,val,3560,3565,3566,3571,2017-07-25 17:20:00,2017-07-25 18:10:00,2017-07-25 18:20:00,2017-07-25 19:10:00
3561,val,3561,3566,3567,3572,2017-07-25 17:30:00,2017-07-25 18:20:00,2017-07-25 18:30:00,2017-07-25 19:20:00
3562,val,3562,3567,3568,3573,2017-07-25 17:40:00,2017-07-25 18:30:00,2017-07-25 18:40:00,2017-07-25 19:30:00
3563,test,3563,3568,3569,3574,2017-07-25 17:50:00,2017-07-25 18:40:00,2017-07-25 18:50:00,2017-07-25 19:40:00
3564,test,3564,3569,3570,3575,2017-07-25 18:00:00,2017-07-25 18:50:00,2017-07-25 19:00:00,2017-07-25 19:50:00
3565,test,3565,3570,3571,3576,2017-07-25 18:10:00,2017-07-25 19:00:00,2017-07-25 19:10:00,2017-07-25 20:00:00
3566,test,3566,3571,3572,3577,2017-07-25 18:20:00,2017-07-25 19:10:00,2017-07-25 19:20:00,2017-07-25 20:10:00
3567,test,3567,3572,3573,3578,2017-07-25 18:30:00,2017-07-25 19:20:00,2017-07-25 19:30:00,2017-07-25 20:20:00
3568,test,3568,3573,3574,3579,2017-07-25 18:40:00,2017-07-25 19:30:00,2017-07-25 19:40:00,2017-07-25 20:30:00
3569,test,3569,3574,3575,3580,2017-07-25 18:50:00,2017-07-25 19:40:00,2017-07-25 19:50:00,2017-07-25 20:40:00
3570,test,3570,3575,3576,3581,2017-07-25 19:00:00,2017-07-25 19:50:00,2017-07-25 20:00:00,2017-07-25 20:50:00
3571,test,3571,3576,3577,3582,2017-07-25 19:10:00,2017-07-25 20:00:00,2017-07-25 20:10:00,2017-07-25 21:00:00
3572,test,3572,3577,3578,3583,2017-07-25 19:20:00,2017-07-25 20:10:00,2017-07-25 20:20:00,2017-07-25 21:10:00
3573,test,3573,3578,3579,3584,2017-07-25 19:30:00,2017-07-25 20:20:00,2017-07-25 20:30:00,2017-07-25 21:20:00
3574,test,3574,3579,3580,3585,2017-07-25 19:40:00,2017-07-25 20:30:00,2017-07-25 20:40:00,2017-07-25 21:30:00
3575,test,3575,3580,3581,3586,2017-07-25 19:50:00,2017-07-25 20:40:00,2017-07-25 20:50:00,2017-07-25 21:40:00
3576,test,3576,3581,3582,3587,2017-07-25 20:00:00,2017-07-25 20:50:00,2017-07-25 21:00:00,2017-07-25 21:50:00
3577,test,3577,3582,3583,3588,2017-07-25 20:10:00,2017-07-25 21:00:00,2017-07-25 21:10:00,2017-07-25 22:00:00
3578,test,3578,3583,3584,3589,2017-07-25 20:20:00,2017-07-25 21:10:00,2017-07-25 21:20:00,2017-07-25 22:10:00
3579,test,3579,3584,3585,3590,2017-07-25 20:30:00,2017-07-25 21:20:00,2017-07-25 21:30:00,2017-07-25 22:20:00
3580,test,3580,3585,3586,3591,2017-07-25 20:40:00,2017-07-25 21:30:00,2017-07-25 21:40:00,2017-07-25 22:30:00
3581,test,3581,3586,3587,3592,2017-07-25 20:50:00,2017-07-25 21:40:00,2017-07-25 21:50:00,2017-07-25 22:40:00
3582,test,3582,3587,3588,3593,2017-07-25 21:00:00,2017-07-25 21:50:00,2017-07-25 22:00:00,2017-07-25 22:50:00
3583,test,3583,3588,3589,3594,2017-07-25 21:10:00,2017-07-25 22:00:00,2017-07-25 22:10:00,2017-07-25 23:00:00
3584,test,3584,3589,3590,3595,2017-07-25 21:20:00,2017-07-25 22:10:00,2017-07-25 22:20:00,2017-07-25 23:10:00
3585,test,3585,3590,3591,3596,2017-07-25 21:30:00,2017-07-25 22:20:00,2017-07-25 22:30:00,2017-07-25 23:20:00
3586,test,3586,3591,3592,3597,2017-07-25 21:40:00,2017-07-25 22:30:00,2017-07-25 22:40:00,2017-07-25 23:30:00
3587,test,3587,3592,3593,3598,2017-07-25 21:50:00,2017-07-25 22:40:00,2017-07-25 22:50:00,2017-07-25 23:40:00
3588,test,3588,3593,3594,3599,2017-07-25 22:00:00,2017-07-25 22:50:00,2017-07-25 23:00:00,2017-07-25 23:50:00
3589,test,3589,3594,3595,3600,2017-07-25 22:10:00,2017-07-25 23:00:00,2017-07-25 23:10:00,2017-07-26 00:00:00
3590,test,3590,3595,3596,3601,2017-07-25 22:20:00,2017-07-25 23:10:00,2017-07-25 23:20:00,2017-07-26 00:10:00
3591,test,3591,3596,3597,3602,2017-07-25 22:30:00,2017-07-25 23:20:00,2017-07-25 23:30:00,2017-07-26 00:20:00
3592,test,3592,3597,3598,3603,2017-07-25 22:40:00,2017-07-25 23:30:00,2017-07-25 23:40:00,2017-07-26 00:30:00
3593,test,3593,3598,3599,3604,2017-07-25 22:50:00,2017-07-25 23:40:00,2017-07-25 23:50:00,2017-07-26 00:40:00
3594,test,3594,3599,3600,3605,2017-07-25 23:00:00,2017-07-25 23:50:00,2017-07-26 00:00:00,2017-07-26 00:50:00
3595,test,3595,3600,3601,3606,2017-07-25 23:10:00,2017-07-26 00:00:00,2017-07-26 00:10:00,2017-07-26 01:00:00
3596,test,3596,3601,3602,3607,2017-07-25 23:20:00,2017-07-26 00:10:00,2017-07-26 00:20:00,2017-07-26 01:10:00
3597,test,3597,3602,3603,3608,2017-07-25 23:30:00,2017-07-26 00:20:00,2017-07-26 00:30:00,2017-07-26 01:20:00
3598,test,3598,3603,3604,3609,2017-07-25 23:40:00,2017-07-26 00:30:00,2017-07-26 00:40:00,2017-07-26 01:30:00
3599,test,3599,3604,3605,3610,2017-07-25 23:50:00,2017-07-26 00:40:00,2017-07-26 00:50:00,2017-07-26 01:40:00
3600,test,3600,3605,3606,3611,2017-07-26 00:00:00,2017-07-26 00:50:00,2017-07-26 01:00:00,2017-07-26 01:50:00
3601,test,3601,3606,3607,3612,2017-07-26 00:10:00,2017-07-26 01:00:00,2017-07-26 01:10:00,2017-07-26 02:00:00
3602,test,3602,3607,3608,3613,2017-07-26 00:20:00,2017-07-26 01:10:00,2017-07-26 01:20:00,2017-07-26 02:10:00
3603,test,3603,3608,3609,3614,2017-07-26 00:30:00,2017-07-26 01:20:00,2017-07-26 01:30:00,2017-07-26 02:20:00
3604,test,3604,3609,3610,3615,2017-07-26 00:40:00,2017-07-26 01:30:00,2017-07-26 01:40:00,2017-07-26 02:30:00
3605,test,3605,3610,3611,3616,2017-07-26 00:50:00,2017-07-26 01:40:00,2017-07-26 01:50:00,2017-07-26 02:40:00
3606,test,3606,3611,3612,3617,2017-07-26 01:00:00,2017-07-26 01:50:00,2017-07-26 02:00:00,2017-07-26 02:50:00
3607,test,3607,3612,3613,3618,2017-07-26 01:10:00,2017-07-26 02:00:00,2017-07-26 02:10:00,2017-07-26 03:00:00
3608,test,3608,3613,3614,3619,2017-07-26 01:20:00,2017-07-26 02:10:00,2017-07-26 02:20:00,2017-07-26 03:10:00
3609,test,3609,3614,3615,3620,2017-07-26 01:30:00,2017-07-26 02:20:00,2017-07-26 02:30:00,2017-07-26 03:20:00
3610,test,3610,3615,3616,3621,2017-07-26 01:40:00,2017-07-26 02:30:00,2017-07-26 02:40:00,2017-07-26 03:30:00
3611,test,3611,3616,3617,3622,2017-07-26 01:50:00,2017-07-26 02:40:00,2017-07-26 02:50:00,2017-07-26 03:40:00
3612,test,3612,3617,3618,3623,2017-07-26 02:00:00,2017-07-26 02:50:00,2017-07-26 03:00:00,2017-07-26 03:50:00
3613,test,3613,3618,3619,3624,2017-07-26 02:10:00,2017-07-26 03:00:00,2017-07-26 03:10:00,2017-07-26 04:00:00
3614,test,3614,3619,3620,3625,2017-07-26 02:20:00,2017-07-26 03:10:00,2017-07-26 03:20:00,2017-07-26 04:10:00
3615,test,3615,3620,3621,3626,2017-07-26 02:30:00,2017-07-26 03:20:00,2017-07-26 03:30:00,2017-07-26 04:20:00
3616,test,3616,3621,3622,3627,2017-07-26 02:40:00,2017-07-26 03:30:00,2017-07-26 03:40:00,2017-07-26 04:30:00
3617,test,3617,3622,3623,3628,2017-07-26 02:50:00,2017-07-26 03:40:00,2017-07-26 03:50:00,2017-07-26 04:40:00
3618,test,3618,3623,3624,3629,2017-07-26 03:00:00,2017-07-26 03:50:00,2017-07-26 04:00:00,2017-07-26 04:50:00
3619,test,3619,3624,3625,3630,2017-07-26 03:10:00,2017-07-26 04:00:00,2017-07-26 04:10:00,2017-07-26 05:00:00
3620,test,3620,3625,3626,3631,2017-07-26 03:20:00,2017-07-26 04:10:00,2017-07-26 04:20:00,2017-07-26 05:10:00
3621,test,3621,3626,3627,3632,2017-07-26 03:30:00,2017-07-26 04:20:00,2017-07-26 04:30:00,2017-07-26 05:20:00
3622,test,3622,3627,3628,3633,2017-07-26 03:40:00,2017-07-26 04:30:00,2017-07-26 04:40:00,2017-07-26 05:30:00
3623,test,3623,3628,3629,3634,2017-07-26 03:50:00,2017-07-26 04:40:00,2017-07-26 04:50:00,2017-07-26 05:40:00
3624,test,3624,3629,3630,3635,2017-07-26 04:00:00,2017-07-26 04:50:00,2017-07-26 05:00:00,2017-07-26 05:50:00
3625,test,3625,3630,3631,3636,2017-07-26 04:10:00,2017-07-26 05:00:00,2017-07-26 05:10:00,2017-07-26 06:00:00
3626,test,3626,3631,3632,3637,2017-07-26 04:20:00,2017-07-26 05:10:00,2017-07-26 05:20:00,2017-07-26 06:10:00
3627,test,3627,3632,3633,3638,2017-07-26 04:30:00,2017-07-26 05:20:00,2017-07-26 05:30:00,2017-07-26 06:20:00
3628,test,3628,3633,3634,3639,2017-07-26 04:40:00,2017-07-26 05:30:00,2017-07-26 05:40:00,2017-07-26 06:30:00
3629,test,3629,3634,3635,3640,2017-07-26 04:50:00,2017-07-26 05:40:00,2017-07-26 05:50:00,2017-07-26 06:40:00
3630,test,3630,3635,3636,3641,2017-07-26 05:00:00,2017-07-26 05:50:00,2017-07-26 06:00:00,2017-07-26 06:50:00
3631,test,3631,3636,3637,3642,2017-07-26 05:10:00,2017-07-26 06:00:00,2017-07-26 06:10:00,2017-07-26 07:00:00
3632,test,3632,3637,3638,3643,2017-07-26 05:20:00,2017-07-26 06:10:00,2017-07-26 06:20:00,2017-07-26 07:10:00
3633,test,3633,3638,3639,3644,2017-07-26 05:30:00,2017-07-26 06:20:00,2017-07-26 06:30:00,2017-07-26 07:20:00
3634,test,3634,3639,3640,3645,2017-07-26 05:40:00,2017-07-26 06:30:00,2017-07-26 06:40:00,2017-07-26 07:30:00
3635,test,3635,3640,3641,3646,2017-07-26 05:50:00,2017-07-26 06:40:00,2017-07-26 06:50:00,2017-07-26 07:40:00
3636,test,3636,3641,3642,3647,2017-07-26 06:00:00,2017-07-26 06:50:00,2017-07-26 07:00:00,2017-07-26 07:50:00
3637,test,3637,3642,3643,3648,2017-07-26 06:10:00,2017-07-26 07:00:00,2017-07-26 07:10:00,2017-07-26 08:00:00
3638,test,3638,3643,3644,3649,2017-07-26 06:20:00,2017-07-26 07:10:00,2017-07-26 07:20:00,2017-07-26 08:10:00
3639,test,3639,3644,3645,3650,2017-07-26 06:30:00,2017-07-26 07:20:00,2017-07-26 07:30:00,2017-07-26 08:20:00
3640,test,3640,3645,3646,3651,2017-07-26 06:40:00,2017-07-26 07:30:00,2017-07-26 07:40:00,2017-07-26 08:30:00
3641,test,3641,3646,3647,3652,2017-07-26 06:50:00,2017-07-26 07:40:00,2017-07-26 07:50:00,2017-07-26 08:40:00
3642,test,3642,3647,3648,3653,2017-07-26 07:00:00,2017-07-26 07:50:00,2017-07-26 08:00:00,2017-07-26 08:50:00
3643,test,3643,3648,3649,3654,2017-07-26 07:10:00,2017-07-26 08:00:00,2017-07-26 08:10:00,2017-07-26 09:00:00
3644,test,3644,3649,3650,3655,2017-07-26 07:20:00,2017-07-26 08:10:00,2017-07-26 08:20:00,2017-07-26 09:10:00
3645,test,3645,3650,3651,3656,2017-07-26 07:30:00,2017-07-26 08:20:00,2017-07-26 08:30:00,2017-07-26 09:20:00
3646,test,3646,3651,3652,3657,2017-07-26 07:40:00,2017-07-26 08:30:00,2017-07-26 08:40:00,2017-07-26 09:30:00
3647,test,3647,3652,3653,3658,2017-07-26 07:50:00,2017-07-26 08:40:00,2017-07-26 08:50:00,2017-07-26 09:40:00
3648,test,3648,3653,3654,3659,2017-07-26 08:00:00,2017-07-26 08:50:00,2017-07-26 09:00:00,2017-07-26 09:50:00
3649,test,3649,3654,3655,3660,2017-07-26 08:10:00,2017-07-26 09:00:00,2017-07-26 09:10:00,2017-07-26 10:00:00
3650,test,3650,3655,3656,3661,2017-07-26 08:20:00,2017-07-26 09:10:00,2017-07-26 09:20:00,2017-07-26 10:10:00
3651,test,3651,3656,3657,3662,2017-07-26 08:30:00,2017-07-26 09:20:00,2017-07-26 09:30:00,2017-07-26 10:20:00
3652,test,3652,3657,3658,3663,2017-07-26 08:40:00,2017-07-26 09:30:00,2017-07-26 09:40:00,2017-07-26 10:30:00
3653,test,3653,3658,3659,3664,2017-07-26 08:50:00,2017-07-26 09:40:00,2017-07-26 09:50:00,2017-07-26 10:40:00
3654,test,3654,3659,3660,3665,2017-07-26 09:00:00,2017-07-26 09:50:00,2017-07-26 10:00:00,2017-07-26 10:50:00
3655,test,3655,3660,3661,3666,2017-07-26 09:10:00,2017-07-26 10:00:00,2017-07-26 10:10:00,2017-07-26 11:00:00
3656,test,3656,3661,3662,3667,2017-07-26 09:20:00,2017-07-26 10:10:00,2017-07-26 10:20:00,2017-07-26 11:10:00
3657,test,3657,3662,3663,3668,2017-07-26 09:30:00,2017-07-26 10:20:00,2017-07-26 10:30:00,2017-07-26 11:20:00
3658,test,3658,3663,3664,3669,2017-07-26 09:40:00,2017-07-26 10:30:00,2017-07-26 10:40:00,2017-07-26 11:30:00
3659,test,3659,3664,3665,3670,2017-07-26 09:50:00,2017-07-26 10:40:00,2017-07-26 10:50:00,2017-07-26 11:40:00
3660,test,3660,3665,3666,3671,2017-07-26 10:00:00,2017-07-26 10:50:00,2017-07-26 11:00:00,2017-07-26 11:50:00
3661,test,3661,3666,3667,3672,2017-07-26 10:10:00,2017-07-26 11:00:00,2017-07-26 11:10:00,2017-07-26 12:00:00
3662,test,3662,3667,3668,3673,2017-07-26 10:20:00,2017-07-26 11:10:00,2017-07-26 11:20:00,2017-07-26 12:10:00
3663,test,3663,3668,3669,3674,2017-07-26 10:30:00,2017-07-26 11:20:00,2017-07-26 11:30:00,2017-07-26 12:20:00
3664,test,3664,3669,3670,3675,2017-07-26 10:40:00,2017-07-26 11:30:00,2017-07-26 11:40:00,2017-07-26 12:30:00
3665,test,3665,3670,3671,3676,2017-07-26 10:50:00,2017-07-26 11:40:00,2017-07-26 11:50:00,2017-07-26 12:40:00
3666,test,3666,3671,3672,3677,2017-07-26 11:00:00,2017-07-26 11:50:00,2017-07-26 12:00:00,2017-07-26 12:50:00
3667,test,3667,3672,3673,3678,2017-07-26 11:10:00,2017-07-26 12:00:00,2017-07-26 12:10:00,2017-07-26 13:00:00
3668,test,3668,3673,3674,3679,2017-07-26 11:20:00,2017-07-26 12:10:00,2017-07-26 12:20:00,2017-07-26 13:10:00
3669,test,3669,3674,3675,3680,2017-07-26 11:30:00,2017-07-26 12:20:00,2017-07-26 12:30:00,2017-07-26 13:20:00
3670,test,3670,3675,3676,3681,2017-07-26 11:40:00,2017-07-26 12:30:00,2017-07-26 12:40:00,2017-07-26 13:30:00
3671,test,3671,3676,3677,3682,2017-07-26 11:50:00,2017-07-26 12:40:00,2017-07-26 12:50:00,2017-07-26 13:40:00
3672,test,3672,3677,3678,3683,2017-07-26 12:00:00,2017-07-26 12:50:00,2017-07-26 13:00:00,2017-07-26 13:50:00
3673,test,3673,3678,3679,3684,2017-07-26 12:10:00,2017-07-26 13:00:00,2017-07-26 13:10:00,2017-07-26 14:00:00
3674,test,3674,3679,3680,3685,2017-07-26 12:20:00,2017-07-26 13:10:00,2017-07-26 13:20:00,2017-07-26 14:10:00
3675,test,3675,3680,3681,3686,2017-07-26 12:30:00,2017-07-26 13:20:00,2017-07-26 13:30:00,2017-07-26 14:20:00
3676,test,3676,3681,3682,3687,2017-07-26 12:40:00,2017-07-26 13:30:00,2017-07-26 13:40:00,2017-07-26 14:30:00
3677,test,3677,3682,3683,3688,2017-07-26 12:50:00,2017-07-26 13:40:00,2017-07-26 13:50:00,2017-07-26 14:40:00
3678,test,3678,3683,3684,3689,2017-07-26 13:00:00,2017-07-26 13:50:00,2017-07-26 14:00:00,2017-07-26 14:50:00
3679,test,3679,3684,3685,3690,2017-07-26 13:10:00,2017-07-26 14:00:00,2017-07-26 14:10:00,2017-07-26 15:00:00
3680,test,3680,3685,3686,3691,2017-07-26 13:20:00,2017-07-26 14:10:00,2017-07-26 14:20:00,2017-07-26 15:10:00
3681,test,3681,3686,3687,3692,2017-07-26 13:30:00,2017-07-26 14:20:00,2017-07-26 14:30:00,2017-07-26 15:20:00
3682,test,3682,3687,3688,3693,2017-07-26 13:40:00,2017-07-26 14:30:00,2017-07-26 14:40:00,2017-07-26 15:30:00
3683,test,3683,3688,3689,3694,2017-07-26 13:50:00,2017-07-26 14:40:00,2017-07-26 14:50:00,2017-07-26 15:40:00
3684,test,3684,3689,3690,3695,2017-07-26 14:00:00,2017-07-26 14:50:00,2017-07-26 15:00:00,2017-07-26 15:50:00
3685,test,3685,3690,3691,3696,2017-07-26 14:10:00,2017-07-26 15:00:00,2017-07-26 15:10:00,2017-07-26 16:00:00
3686,test,3686,3691,3692,3697,2017-07-26 14:20:00,2017-07-26 15:10:00,2017-07-26 15:20:00,2017-07-26 16:10:00
3687,test,3687,3692,3693,3698,2017-07-26 14:30:00,2017-07-26 15:20:00,2017-07-26 15:30:00,2017-07-26 16:20:00
3688,test,3688,3693,3694,3699,2017-07-26 14:40:00,2017-07-26 15:30:00,2017-07-26 15:40:00,2017-07-26 16:30:00
3689,test,3689,3694,3695,3700,2017-07-26 14:50:00,2017-07-26 15:40:00,2017-07-26 15:50:00,2017-07-26 16:40:00
3690,test,3690,3695,3696,3701,2017-07-26 15:00:00,2017-07-26 15:50:00,2017-07-26 16:00:00,2017-07-26 16:50:00
3691,test,3691,3696,3697,3702,2017-07-26 15:10:00,2017-07-26 16:00:00,2017-07-26 16:10:00,2017-07-26 17:00:00
3692,test,3692,3697,3698,3703,2017-07-26 15:20:00,2017-07-26 16:10:00,2017-07-26 16:20:00,2017-07-26 17:10:00
3693,test,3693,3698,3699,3704,2017-07-26 15:30:00,2017-07-26 16:20:00,2017-07-26 16:30:00,2017-07-26 17:20:00
3694,test,3694,3699,3700,3705,2017-07-26 15:40:00,2017-07-26 16:30:00,2017-07-26 16:40:00,2017-07-26 17:30:00
3695,test,3695,3700,3701,3706,2017-07-26 15:50:00,2017-07-26 16:40:00,2017-07-26 16:50:00,2017-07-26 17:40:00
3696,test,3696,3701,3702,3707,2017-07-26 16:00:00,2017-07-26 16:50:00,2017-07-26 17:00:00,2017-07-26 17:50:00
3697,test,3697,3702,3703,3708,2017-07-26 16:10:00,2017-07-26 17:00:00,2017-07-26 17:10:00,2017-07-26 18:00:00
3698,test,3698,3703,3704,3709,2017-07-26 16:20:00,2017-07-26 17:10:00,2017-07-26 17:20:00,2017-07-26 18:10:00
3699,test,3699,3704,3705,3710,2017-07-26 16:30:00,2017-07-26 17:20:00,2017-07-26 17:30:00,2017-07-26 18:20:00
3700,test,3700,3705,3706,3711,2017-07-26 16:40:00,2017-07-26 17:30:00,2017-07-26 17:40:00,2017-07-26 18:30:00
3701,test,3701,3706,3707,3712,2017-07-26 16:50:00,2017-07-26 17:40:00,2017-07-26 17:50:00,2017-07-26 18:40:00
3702,test,3702,3707,3708,3713,2017-07-26 17:00:00,2017-07-26 17:50:00,2017-07-26 18:00:00,2017-07-26 18:50:00
3703,test,3703,3708,3709,3714,2017-07-26 17:10:00,2017-07-26 18:00:00,2017-07-26 18:10:00,2017-07-26 19:00:00
3704,test,3704,3709,3710,3715,2017-07-26 17:20:00,2017-07-26 18:10:00,2017-07-26 18:20:00,2017-07-26 19:10:00
3705,test,3705,3710,3711,3716,2017-07-26 17:30:00,2017-07-26 18:20:00,2017-07-26 18:30:00,2017-07-26 19:20:00
3706,test,3706,3711,3712,3717,2017-07-26 17:40:00,2017-07-26 18:30:00,2017-07-26 18:40:00,2017-07-26 19:30:00
3707,test,3707,3712,3713,3718,2017-07-26 17:50:00,2017-07-26 18:40:00,2017-07-26 18:50:00,2017-07-26 19:40:00
3708,test,3708,3713,3714,3719,2017-07-26 18:00:00,2017-07-26 18:50:00,2017-07-26 19:00:00,2017-07-26 19:50:00
3709,test,3709,3714,3715,3720,2017-07-26 18:10:00,2017-07-26 19:00:00,2017-07-26 19:10:00,2017-07-26 20:00:00
3710,test,3710,3715,3716,3721,2017-07-26 18:20:00,2017-07-26 19:10:00,2017-07-26 19:20:00,2017-07-26 20:10:00
3711,test,3711,3716,3717,3722,2017-07-26 18:30:00,2017-07-26 19:20:00,2017-07-26 19:30:00,2017-07-26 20:20:00
3712,test,3712,3717,3718,3723,2017-07-26 18:40:00,2017-07-26 19:30:00,2017-07-26 19:40:00,2017-07-26 20:30:00
3713,test,3713,3718,3719,3724,2017-07-26 18:50:00,2017-07-26 19:40:00,2017-07-26 19:50:00,2017-07-26 20:40:00
3714,test,3714,3719,3720,3725,2017-07-26 19:00:00,2017-07-26 19:50:00,2017-07-26 20:00:00,2017-07-26 20:50:00
3715,test,3715,3720,3721,3726,2017-07-26 19:10:00,2017-07-26 20:00:00,2017-07-26 20:10:00,2017-07-26 21:00:00
3716,test,3716,3721,3722,3727,2017-07-26 19:20:00,2017-07-26 20:10:00,2017-07-26 20:20:00,2017-07-26 21:10:00
3717,test,3717,3722,3723,3728,2017-07-26 19:30:00,2017-07-26 20:20:00,2017-07-26 20:30:00,2017-07-26 21:20:00
3718,test,3718,3723,3724,3729,2017-07-26 19:40:00,2017-07-26 20:30:00,2017-07-26 20:40:00,2017-07-26 21:30:00
3719,test,3719,3724,3725,3730,2017-07-26 19:50:00,2017-07-26 20:40:00,2017-07-26 20:50:00,2017-07-26 21:40:00
3720,test,3720,3725,3726,3731,2017-07-26 20:00:00,2017-07-26 20:50:00,2017-07-26 21:00:00,2017-07-26 21:50:00
3721,test,3721,3726,3727,3732,2017-07-26 20:10:00,2017-07-26 21:00:00,2017-07-26 21:10:00,2017-07-26 22:00:00
3722,test,3722,3727,3728,3733,2017-07-26 20:20:00,2017-07-26 21:10:00,2017-07-26 21:20:00,2017-07-26 22:10:00
3723,test,3723,3728,3729,3734,2017-07-26 20:30:00,2017-07-26 21:20:00,2017-07-26 21:30:00,2017-07-26 22:20:00
3724,test,3724,3729,3730,3735,2017-07-26 20:40:00,2017-07-26 21:30:00,2017-07-26 21:40:00,2017-07-26 22:30:00
3725,test,3725,3730,3731,3736,2017-07-26 20:50:00,2017-07-26 21:40:00,2017-07-26 21:50:00,2017-07-26 22:40:00
3726,test,3726,3731,3732,3737,2017-07-26 21:00:00,2017-07-26 21:50:00,2017-07-26 22:00:00,2017-07-26 22:50:00
3727,test,3727,3732,3733,3738,2017-07-26 21:10:00,2017-07-26 22:00:00,2017-07-26 22:10:00,2017-07-26 23:00:00
3728,test,3728,3733,3734,3739,2017-07-26 21:20:00,2017-07-26 22:10:00,2017-07-26 22:20:00,2017-07-26 23:10:00
3729,test,3729,3734,3735,3740,2017-07-26 21:30:00,2017-07-26 22:20:00,2017-07-26 22:30:00,2017-07-26 23:20:00
3730,test,3730,3735,3736,3741,2017-07-26 21:40:00,2017-07-26 22:30:00,2017-07-26 22:40:00,2017-07-26 23:30:00
3731,test,3731,3736,3737,3742,2017-07-26 21:50:00,2017-07-26 22:40:00,2017-07-26 22:50:00,2017-07-26 23:40:00
3732,test,3732,3737,3738,3743,2017-07-26 22:00:00,2017-07-26 22:50:00,2017-07-26 23:00:00,2017-07-26 23:50:00
3733,test,3733,3738,3739,3744,2017-07-26 22:10:00,2017-07-26 23:00:00,2017-07-26 23:10:00,2017-07-27 00:00:00
3734,test,3734,3739,3740,3745,2017-07-26 22:20:00,2017-07-26 23:10:00,2017-07-26 23:20:00,2017-07-27 00:10:00
3735,test,3735,3740,3741,3746,2017-07-26 22:30:00,2017-07-26 23:20:00,2017-07-26 23:30:00,2017-07-27 00:20:00
3736,test,3736,3741,3742,3747,2017-07-26 22:40:00,2017-07-26 23:30:00,2017-07-26 23:40:00,2017-07-27 00:30:00
3737,test,3737,3742,3743,3748,2017-07-26 22:50:00,2017-07-26 23:40:00,2017-07-26 23:50:00,2017-07-27 00:40:00
3738,test,3738,3743,3744,3749,2017-07-26 23:00:00,2017-07-26 23:50:00,2017-07-27 00:00:00,2017-07-27 00:50:00
3739,test,3739,3744,3745,3750,2017-07-26 23:10:00,2017-07-27 00:00:00,2017-07-27 00:10:00,2017-07-27 01:00:00
3740,test,3740,3745,3746,3751,2017-07-26 23:20:00,2017-07-27 00:10:00,2017-07-27 00:20:00,2017-07-27 01:10:00
3741,test,3741,3746,3747,3752,2017-07-26 23:30:00,2017-07-27 00:20:00,2017-07-27 00:30:00,2017-07-27 01:20:00
3742,test,3742,3747,3748,3753,2017-07-26 23:40:00,2017-07-27 00:30:00,2017-07-27 00:40:00,2017-07-27 01:30:00
3743,test,3743,3748,3749,3754,2017-07-26 23:50:00,2017-07-27 00:40:00,2017-07-27 00:50:00,2017-07-27 01:40:00
3744,test,3744,3749,3750,3755,2017-07-27 00:00:00,2017-07-27 00:50:00,2017-07-27 01:00:00,2017-07-27 01:50:00
3745,test,3745,3750,3751,3756,2017-07-27 00:10:00,2017-07-27 01:00:00,2017-07-27 01:10:00,2017-07-27 02:00:00
3746,test,3746,3751,3752,3757,2017-07-27 00:20:00,2017-07-27 01:10:00,2017-07-27 01:20:00,2017-07-27 02:10:00
3747,test,3747,3752,3753,3758,2017-07-27 00:30:00,2017-07-27 01:20:00,2017-07-27 01:30:00,2017-07-27 02:20:00
3748,test,3748,3753,3754,3759,2017-07-27 00:40:00,2017-07-27 01:30:00,2017-07-27 01:40:00,2017-07-27 02:30:00
3749,test,3749,3754,3755,3760,2017-07-27 00:50:00,2017-07-27 01:40:00,2017-07-27 01:50:00,2017-07-27 02:40:00
3750,test,3750,3755,3756,3761,2017-07-27 01:00:00,2017-07-27 01:50:00,2017-07-27 02:00:00,2017-07-27 02:50:00
3751,test,3751,3756,3757,3762,2017-07-27 01:10:00,2017-07-27 02:00:00,2017-07-27 02:10:00,2017-07-27 03:00:00
3752,test,3752,3757,3758,3763,2017-07-27 01:20:00,2017-07-27 02:10:00,2017-07-27 02:20:00,2017-07-27 03:10:00
3753,test,3753,3758,3759,3764,2017-07-27 01:30:00,2017-07-27 02:20:00,2017-07-27 02:30:00,2017-07-27 03:20:00
3754,test,3754,3759,3760,3765,2017-07-27 01:40:00,2017-07-27 02:30:00,2017-07-27 02:40:00,2017-07-27 03:30:00
3755,test,3755,3760,3761,3766,2017-07-27 01:50:00,2017-07-27 02:40:00,2017-07-27 02:50:00,2017-07-27 03:40:00
3756,test,3756,3761,3762,3767,2017-07-27 02:00:00,2017-07-27 02:50:00,2017-07-27 03:00:00,2017-07-27 03:50:00
3757,test,3757,3762,3763,3768,2017-07-27 02:10:00,2017-07-27 03:00:00,2017-07-27 03:10:00,2017-07-27 04:00:00
3758,test,3758,3763,3764,3769,2017-07-27 02:20:00,2017-07-27 03:10:00,2017-07-27 03:20:00,2017-07-27 04:10:00
3759,test,3759,3764,3765,3770,2017-07-27 02:30:00,2017-07-27 03:20:00,2017-07-27 03:30:00,2017-07-27 04:20:00
3760,test,3760,3765,3766,3771,2017-07-27 02:40:00,2017-07-27 03:30:00,2017-07-27 03:40:00,2017-07-27 04:30:00
3761,test,3761,3766,3767,3772,2017-07-27 02:50:00,2017-07-27 03:40:00,2017-07-27 03:50:00,2017-07-27 04:40:00
3762,test,3762,3767,3768,3773,2017-07-27 03:00:00,2017-07-27 03:50:00,2017-07-27 04:00:00,2017-07-27 04:50:00
3763,test,3763,3768,3769,3774,2017-07-27 03:10:00,2017-07-27 04:00:00,2017-07-27 04:10:00,2017-07-27 05:00:00
3764,test,3764,3769,3770,3775,2017-07-27 03:20:00,2017-07-27 04:10:00,2017-07-27 04:20:00,2017-07-27 05:10:00
3765,test,3765,3770,3771,3776,2017-07-27 03:30:00,2017-07-27 04:20:00,2017-07-27 04:30:00,2017-07-27 05:20:00
3766,test,3766,3771,3772,3777,2017-07-27 03:40:00,2017-07-27 04:30:00,2017-07-27 04:40:00,2017-07-27 05:30:00
3767,test,3767,3772,3773,3778,2017-07-27 03:50:00,2017-07-27 04:40:00,2017-07-27 04:50:00,2017-07-27 05:40:00
3768,test,3768,3773,3774,3779,2017-07-27 04:00:00,2017-07-27 04:50:00,2017-07-27 05:00:00,2017-07-27 05:50:00
3769,test,3769,3774,3775,3780,2017-07-27 04:10:00,2017-07-27 05:00:00,2017-07-27 05:10:00,2017-07-27 06:00:00
3770,test,3770,3775,3776,3781,2017-07-27 04:20:00,2017-07-27 05:10:00,2017-07-27 05:20:00,2017-07-27 06:10:00
3771,test,3771,3776,3777,3782,2017-07-27 04:30:00,2017-07-27 05:20:00,2017-07-27 05:30:00,2017-07-27 06:20:00
3772,test,3772,3777,3778,3783,2017-07-27 04:40:00,2017-07-27 05:30:00,2017-07-27 05:40:00,2017-07-27 06:30:00
3773,test,3773,3778,3779,3784,2017-07-27 04:50:00,2017-07-27 05:40:00,2017-07-27 05:50:00,2017-07-27 06:40:00
3774,test,3774,3779,3780,3785,2017-07-27 05:00:00,2017-07-27 05:50:00,2017-07-27 06:00:00,2017-07-27 06:50:00
3775,test,3775,3780,3781,3786,2017-07-27 05:10:00,2017-07-27 06:00:00,2017-07-27 06:10:00,2017-07-27 07:00:00
3776,test,3776,3781,3782,3787,2017-07-27 05:20:00,2017-07-27 06:10:00,2017-07-27 06:20:00,2017-07-27 07:10:00
3777,test,3777,3782,3783,3788,2017-07-27 05:30:00,2017-07-27 06:20:00,2017-07-27 06:30:00,2017-07-27 07:20:00
3778,test,3778,3783,3784,3789,2017-07-27 05:40:00,2017-07-27 06:30:00,2017-07-27 06:40:00,2017-07-27 07:30:00
3779,test,3779,3784,3785,3790,2017-07-27 05:50:00,2017-07-27 06:40:00,2017-07-27 06:50:00,2017-07-27 07:40:00
3780,test,3780,3785,3786,3791,2017-07-27 06:00:00,2017-07-27 06:50:00,2017-07-27 07:00:00,2017-07-27 07:50:00
3781,test,3781,3786,3787,3792,2017-07-27 06:10:00,2017-07-27 07:00:00,2017-07-27 07:10:00,2017-07-27 08:00:00
3782,test,3782,3787,3788,3793,2017-07-27 06:20:00,2017-07-27 07:10:00,2017-07-27 07:20:00,2017-07-27 08:10:00
3783,test,3783,3788,3789,3794,2017-07-27 06:30:00,2017-07-27 07:20:00,2017-07-27 07:30:00,2017-07-27 08:20:00
3784,test,3784,3789,3790,3795,2017-07-27 06:40:00,2017-07-27 07:30:00,2017-07-27 07:40:00,2017-07-27 08:30:00
3785,test,3785,3790,3791,3796,2017-07-27 06:50:00,2017-07-27 07:40:00,2017-07-27 07:50:00,2017-07-27 08:40:00
3786,test,3786,3791,3792,3797,2017-07-27 07:00:00,2017-07-27 07:50:00,2017-07-27 08:00:00,2017-07-27 08:50:00
3787,test,3787,3792,3793,3798,2017-07-27 07:10:00,2017-07-27 08:00:00,2017-07-27 08:10:00,2017-07-27 09:00:00
3788,test,3788,3793,3794,3799,2017-07-27 07:20:00,2017-07-27 08:10:00,2017-07-27 08:20:00,2017-07-27 09:10:00
3789,test,3789,3794,3795,3800,2017-07-27 07:30:00,2017-07-27 08:20:00,2017-07-27 08:30:00,2017-07-27 09:20:00
3790,test,3790,3795,3796,3801,2017-07-27 07:40:00,2017-07-27 08:30:00,2017-07-27 08:40:00,2017-07-27 09:30:00
3791,test,3791,3796,3797,3802,2017-07-27 07:50:00,2017-07-27 08:40:00,2017-07-27 08:50:00,2017-07-27 09:40:00
3792,test,3792,3797,3798,3803,2017-07-27 08:00:00,2017-07-27 08:50:00,2017-07-27 09:00:00,2017-07-27 09:50:00
3793,test,3793,3798,3799,3804,2017-07-27 08:10:00,2017-07-27 09:00:00,2017-07-27 09:10:00,2017-07-27 10:00:00
3794,test,3794,3799,3800,3805,2017-07-27 08:20:00,2017-07-27 09:10:00,2017-07-27 09:20:00,2017-07-27 10:10:00
3795,test,3795,3800,3801,3806,2017-07-27 08:30:00,2017-07-27 09:20:00,2017-07-27 09:30:00,2017-07-27 10:20:00
3796,test,3796,3801,3802,3807,2017-07-27 08:40:00,2017-07-27 09:30:00,2017-07-27 09:40:00,2017-07-27 10:30:00
3797,test,3797,3802,3803,3808,2017-07-27 08:50:00,2017-07-27 09:40:00,2017-07-27 09:50:00,2017-07-27 10:40:00
3798,test,3798,3803,3804,3809,2017-07-27 09:00:00,2017-07-27 09:50:00,2017-07-27 10:00:00,2017-07-27 10:50:00
3799,test,3799,3804,3805,3810,2017-07-27 09:10:00,2017-07-27 10:00:00,2017-07-27 10:10:00,2017-07-27 11:00:00
3800,test,3800,3805,3806,3811,2017-07-27 09:20:00,2017-07-27 10:10:00,2017-07-27 10:20:00,2017-07-27 11:10:00
3801,test,3801,3806,3807,3812,2017-07-27 09:30:00,2017-07-27 10:20:00,2017-07-27 10:30:00,2017-07-27 11:20:00
3802,test,3802,3807,3808,3813,2017-07-27 09:40:00,2017-07-27 10:30:00,2017-07-27 10:40:00,2017-07-27 11:30:00
3803,test,3803,3808,3809,3814,2017-07-27 09:50:00,2017-07-27 10:40:00,2017-07-27 10:50:00,2017-07-27 11:40:00
3804,test,3804,3809,3810,3815,2017-07-27 10:00:00,2017-07-27 10:50:00,2017-07-27 11:00:00,2017-07-27 11:50:00
3805,test,3805,3810,3811,3816,2017-07-27 10:10:00,2017-07-27 11:00:00,2017-07-27 11:10:00,2017-07-27 12:00:00
3806,test,3806,3811,3812,3817,2017-07-27 10:20:00,2017-07-27 11:10:00,2017-07-27 11:20:00,2017-07-27 12:10:00
3807,test,3807,3812,3813,3818,2017-07-27 10:30:00,2017-07-27 11:20:00,2017-07-27 11:30:00,2017-07-27 12:20:00
3808,test,3808,3813,3814,3819,2017-07-27 10:40:00,2017-07-27 11:30:00,2017-07-27 11:40:00,2017-07-27 12:30:00
3809,test,3809,3814,3815,3820,2017-07-27 10:50:00,2017-07-27 11:40:00,2017-07-27 11:50:00,2017-07-27 12:40:00
3810,test,3810,3815,3816,3821,2017-07-27 11:00:00,2017-07-27 11:50:00,2017-07-27 12:00:00,2017-07-27 12:50:00
3811,test,3811,3816,3817,3822,2017-07-27 11:10:00,2017-07-27 12:00:00,2017-07-27 12:10:00,2017-07-27 13:00:00
3812,test,3812,3817,3818,3823,2017-07-27 11:20:00,2017-07-27 12:10:00,2017-07-27 12:20:00,2017-07-27 13:10:00
3813,test,3813,3818,3819,3824,2017-07-27 11:30:00,2017-07-27 12:20:00,2017-07-27 12:30:00,2017-07-27 13:20:00
3814,test,3814,3819,3820,3825,2017-07-27 11:40:00,2017-07-27 12:30:00,2017-07-27 12:40:00,2017-07-27 13:30:00
3815,test,3815,3820,3821,3826,2017-07-27 11:50:00,2017-07-27 12:40:00,2017-07-27 12:50:00,2017-07-27 13:40:00
3816,test,3816,3821,3822,3827,2017-07-27 12:00:00,2017-07-27 12:50:00,2017-07-27 13:00:00,2017-07-27 13:50:00
3817,test,3817,3822,3823,3828,2017-07-27 12:10:00,2017-07-27 13:00:00,2017-07-27 13:10:00,2017-07-27 14:00:00
3818,test,3818,3823,3824,3829,2017-07-27 12:20:00,2017-07-27 13:10:00,2017-07-27 13:20:00,2017-07-27 14:10:00
3819,test,3819,3824,3825,3830,2017-07-27 12:30:00,2017-07-27 13:20:00,2017-07-27 13:30:00,2017-07-27 14:20:00
3820,test,3820,3825,3826,3831,2017-07-27 12:40:00,2017-07-27 13:30:00,2017-07-27 13:40:00,2017-07-27 14:30:00
3821,test,3821,3826,3827,3832,2017-07-27 12:50:00,2017-07-27 13:40:00,2017-07-27 13:50:00,2017-07-27 14:40:00
3822,test,3822,3827,3828,3833,2017-07-27 13:00:00,2017-07-27 13:50:00,2017-07-27 14:00:00,2017-07-27 14:50:00
3823,test,3823,3828,3829,3834,2017-07-27 13:10:00,2017-07-27 14:00:00,2017-07-27 14:10:00,2017-07-27 15:00:00
3824,test,3824,3829,3830,3835,2017-07-27 13:20:00,2017-07-27 14:10:00,2017-07-27 14:20:00,2017-07-27 15:10:00
3825,test,3825,3830,3831,3836,2017-07-27 13:30:00,2017-07-27 14:20:00,2017-07-27 14:30:00,2017-07-27 15:20:00
3826,test,3826,3831,3832,3837,2017-07-27 13:40:00,2017-07-27 14:30:00,2017-07-27 14:40:00,2017-07-27 15:30:00
3827,test,3827,3832,3833,3838,2017-07-27 13:50:00,2017-07-27 14:40:00,2017-07-27 14:50:00,2017-07-27 15:40:00
3828,test,3828,3833,3834,3839,2017-07-27 14:00:00,2017-07-27 14:50:00,2017-07-27 15:00:00,2017-07-27 15:50:00
3829,test,3829,3834,3835,3840,2017-07-27 14:10:00,2017-07-27 15:00:00,2017-07-27 15:10:00,2017-07-27 16:00:00
3830,test,3830,3835,3836,3841,2017-07-27 14:20:00,2017-07-27 15:10:00,2017-07-27 15:20:00,2017-07-27 16:10:00
3831,test,3831,3836,3837,3842,2017-07-27 14:30:00,2017-07-27 15:20:00,2017-07-27 15:30:00,2017-07-27 16:20:00
3832,test,3832,3837,3838,3843,2017-07-27 14:40:00,2017-07-27 15:30:00,2017-07-27 15:40:00,2017-07-27 16:30:00
3833,test,3833,3838,3839,3844,2017-07-27 14:50:00,2017-07-27 15:40:00,2017-07-27 15:50:00,2017-07-27 16:40:00
3834,test,3834,3839,3840,3845,2017-07-27 15:00:00,2017-07-27 15:50:00,2017-07-27 16:00:00,2017-07-27 16:50:00
3835,test,3835,3840,3841,3846,2017-07-27 15:10:00,2017-07-27 16:00:00,2017-07-27 16:10:00,2017-07-27 17:00:00
3836,test,3836,3841,3842,3847,2017-07-27 15:20:00,2017-07-27 16:10:00,2017-07-27 16:20:00,2017-07-27 17:10:00
3837,test,3837,3842,3843,3848,2017-07-27 15:30:00,2017-07-27 16:20:00,2017-07-27 16:30:00,2017-07-27 17:20:00
3838,test,3838,3843,3844,3849,2017-07-27 15:40:00,2017-07-27 16:30:00,2017-07-27 16:40:00,2017-07-27 17:30:00
3839,test,3839,3844,3845,3850,2017-07-27 15:50:00,2017-07-27 16:40:00,2017-07-27 16:50:00,2017-07-27 17:40:00
3840,test,3840,3845,3846,3851,2017-07-27 16:00:00,2017-07-27 16:50:00,2017-07-27 17:00:00,2017-07-27 17:50:00
3841,test,3841,3846,3847,3852,2017-07-27 16:10:00,2017-07-27 17:00:00,2017-07-27 17:10:00,2017-07-27 18:00:00
3842,test,3842,3847,3848,3853,2017-07-27 16:20:00,2017-07-27 17:10:00,2017-07-27 17:20:00,2017-07-27 18:10:00
3843,test,3843,3848,3849,3854,2017-07-27 16:30:00,2017-07-27 17:20:00,2017-07-27 17:30:00,2017-07-27 18:20:00
3844,test,3844,3849,3850,3855,2017-07-27 16:40:00,2017-07-27 17:30:00,2017-07-27 17:40:00,2017-07-27 18:30:00
3845,test,3845,3850,3851,3856,2017-07-27 16:50:00,2017-07-27 17:40:00,2017-07-27 17:50:00,2017-07-27 18:40:00
3846,test,3846,3851,3852,3857,2017-07-27 17:00:00,2017-07-27 17:50:00,2017-07-27 18:00:00,2017-07-27 18:50:00
3847,test,3847,3852,3853,3858,2017-07-27 17:10:00,2017-07-27 18:00:00,2017-07-27 18:10:00,2017-07-27 19:00:00
3848,test,3848,3853,3854,3859,2017-07-27 17:20:00,2017-07-27 18:10:00,2017-07-27 18:20:00,2017-07-27 19:10:00
3849,test,3849,3854,3855,3860,2017-07-27 17:30:00,2017-07-27 18:20:00,2017-07-27 18:30:00,2017-07-27 19:20:00
3850,test,3850,3855,3856,3861,2017-07-27 17:40:00,2017-07-27 18:30:00,2017-07-27 18:40:00,2017-07-27 19:30:00
3851,test,3851,3856,3857,3862,2017-07-27 17:50:00,2017-07-27 18:40:00,2017-07-27 18:50:00,2017-07-27 19:40:00
3852,test,3852,3857,3858,3863,2017-07-27 18:00:00,2017-07-27 18:50:00,2017-07-27 19:00:00,2017-07-27 19:50:00
3853,test,3853,3858,3859,3864,2017-07-27 18:10:00,2017-07-27 19:00:00,2017-07-27 19:10:00,2017-07-27 20:00:00
3854,test,3854,3859,3860,3865,2017-07-27 18:20:00,2017-07-27 19:10:00,2017-07-27 19:20:00,2017-07-27 20:10:00
3855,test,3855,3860,3861,3866,2017-07-27 18:30:00,2017-07-27 19:20:00,2017-07-27 19:30:00,2017-07-27 20:20:00
3856,test,3856,3861,3862,3867,2017-07-27 18:40:00,2017-07-27 19:30:00,2017-07-27 19:40:00,2017-07-27 20:30:00
3857,test,3857,3862,3863,3868,2017-07-27 18:50:00,2017-07-27 19:40:00,2017-07-27 19:50:00,2017-07-27 20:40:00
3858,test,3858,3863,3864,3869,2017-07-27 19:00:00,2017-07-27 19:50:00,2017-07-27 20:00:00,2017-07-27 20:50:00
3859,test,3859,3864,3865,3870,2017-07-27 19:10:00,2017-07-27 20:00:00,2017-07-27 20:10:00,2017-07-27 21:00:00
3860,test,3860,3865,3866,3871,2017-07-27 19:20:00,2017-07-27 20:10:00,2017-07-27 20:20:00,2017-07-27 21:10:00
3861,test,3861,3866,3867,3872,2017-07-27 19:30:00,2017-07-27 20:20:00,2017-07-27 20:30:00,2017-07-27 21:20:00
3862,test,3862,3867,3868,3873,2017-07-27 19:40:00,2017-07-27 20:30:00,2017-07-27 20:40:00,2017-07-27 21:30:00
3863,test,3863,3868,3869,3874,2017-07-27 19:50:00,2017-07-27 20:40:00,2017-07-27 20:50:00,2017-07-27 21:40:00
3864,test,3864,3869,3870,3875,2017-07-27 20:00:00,2017-07-27 20:50:00,2017-07-27 21:00:00,2017-07-27 21:50:00
3865,test,3865,3870,3871,3876,2017-07-27 20:10:00,2017-07-27 21:00:00,2017-07-27 21:10:00,2017-07-27 22:00:00
3866,test,3866,3871,3872,3877,2017-07-27 20:20:00,2017-07-27 21:10:00,2017-07-27 21:20:00,2017-07-27 22:10:00
3867,test,3867,3872,3873,3878,2017-07-27 20:30:00,2017-07-27 21:20:00,2017-07-27 21:30:00,2017-07-27 22:20:00
3868,test,3868,3873,3874,3879,2017-07-27 20:40:00,2017-07-27 21:30:00,2017-07-27 21:40:00,2017-07-27 22:30:00
3869,test,3869,3874,3875,3880,2017-07-27 20:50:00,2017-07-27 21:40:00,2017-07-27 21:50:00,2017-07-27 22:40:00
3870,test,3870,3875,3876,3881,2017-07-27 21:00:00,2017-07-27 21:50:00,2017-07-27 22:00:00,2017-07-27 22:50:00
3871,test,3871,3876,3877,3882,2017-07-27 21:10:00,2017-07-27 22:00:00,2017-07-27 22:10:00,2017-07-27 23:00:00
3872,test,3872,3877,3878,3883,2017-07-27 21:20:00,2017-07-27 22:10:00,2017-07-27 22:20:00,2017-07-27 23:10:00
3873,test,3873,3878,3879,3884,2017-07-27 21:30:00,2017-07-27 22:20:00,2017-07-27 22:30:00,2017-07-27 23:20:00
3874,test,3874,3879,3880,3885,2017-07-27 21:40:00,2017-07-27 22:30:00,2017-07-27 22:40:00,2017-07-27 23:30:00
3875,test,3875,3880,3881,3886,2017-07-27 21:50:00,2017-07-27 22:40:00,2017-07-27 22:50:00,2017-07-27 23:40:00
3876,test,3876,3881,3882,3887,2017-07-27 22:00:00,2017-07-27 22:50:00,2017-07-27 23:00:00,2017-07-27 23:50:00
3877,test,3877,3882,3883,3888,2017-07-27 22:10:00,2017-07-27 23:00:00,2017-07-27 23:10:00,2017-07-28 00:00:00
3878,test,3878,3883,3884,3889,2017-07-27 22:20:00,2017-07-27 23:10:00,2017-07-27 23:20:00,2017-07-28 00:10:00
3879,test,3879,3884,3885,3890,2017-07-27 22:30:00,2017-07-27 23:20:00,2017-07-27 23:30:00,2017-07-28 00:20:00
3880,test,3880,3885,3886,3891,2017-07-27 22:40:00,2017-07-27 23:30:00,2017-07-27 23:40:00,2017-07-28 00:30:00
3881,test,3881,3886,3887,3892,2017-07-27 22:50:00,2017-07-27 23:40:00,2017-07-27 23:50:00,2017-07-28 00:40:00
3882,test,3882,3887,3888,3893,2017-07-27 23:00:00,2017-07-27 23:50:00,2017-07-28 00:00:00,2017-07-28 00:50:00
3883,test,3883,3888,3889,3894,2017-07-27 23:10:00,2017-07-28 00:00:00,2017-07-28 00:10:00,2017-07-28 01:00:00
3884,test,3884,3889,3890,3895,2017-07-27 23:20:00,2017-07-28 00:10:00,2017-07-28 00:20:00,2017-07-28 01:10:00
3885,test,3885,3890,3891,3896,2017-07-27 23:30:00,2017-07-28 00:20:00,2017-07-28 00:30:00,2017-07-28 01:20:00
3886,test,3886,3891,3892,3897,2017-07-27 23:40:00,2017-07-28 00:30:00,2017-07-28 00:40:00,2017-07-28 01:30:00
3887,test,3887,3892,3893,3898,2017-07-27 23:50:00,2017-07-28 00:40:00,2017-07-28 00:50:00,2017-07-28 01:40:00
3888,test,3888,3893,3894,3899,2017-07-28 00:00:00,2017-07-28 00:50:00,2017-07-28 01:00:00,2017-07-28 01:50:00
3889,test,3889,3894,3895,3900,2017-07-28 00:10:00,2017-07-28 01:00:00,2017-07-28 01:10:00,2017-07-28 02:00:00
3890,test,3890,3895,3896,3901,2017-07-28 00:20:00,2017-07-28 01:10:00,2017-07-28 01:20:00,2017-07-28 02:10:00
3891,test,3891,3896,3897,3902,2017-07-28 00:30:00,2017-07-28 01:20:00,2017-07-28 01:30:00,2017-07-28 02:20:00
3892,test,3892,3897,3898,3903,2017-07-28 00:40:00,2017-07-28 01:30:00,2017-07-28 01:40:00,2017-07-28 02:30:00
3893,test,3893,3898,3899,3904,2017-07-28 00:50:00,2017-07-28 01:40:00,2017-07-28 01:50:00,2017-07-28 02:40:00
3894,test,3894,3899,3900,3905,2017-07-28 01:00:00,2017-07-28 01:50:00,2017-07-28 02:00:00,2017-07-28 02:50:00
3895,test,3895,3900,3901,3906,2017-07-28 01:10:00,2017-07-28 02:00:00,2017-07-28 02:10:00,2017-07-28 03:00:00
3896,test,3896,3901,3902,3907,2017-07-28 01:20:00,2017-07-28 02:10:00,2017-07-28 02:20:00,2017-07-28 03:10:00
3897,test,3897,3902,3903,3908,2017-07-28 01:30:00,2017-07-28 02:20:00,2017-07-28 02:30:00,2017-07-28 03:20:00
3898,test,3898,3903,3904,3909,2017-07-28 01:40:00,2017-07-28 02:30:00,2017-07-28 02:40:00,2017-07-28 03:30:00
3899,test,3899,3904,3905,3910,2017-07-28 01:50:00,2017-07-28 02:40:00,2017-07-28 02:50:00,2017-07-28 03:40:00
3900,test,3900,3905,3906,3911,2017-07-28 02:00:00,2017-07-28 02:50:00,2017-07-28 03:00:00,2017-07-28 03:50:00
3901,test,3901,3906,3907,3912,2017-07-28 02:10:00,2017-07-28 03:00:00,2017-07-28 03:10:00,2017-07-28 04:00:00
3902,test,3902,3907,3908,3913,2017-07-28 02:20:00,2017-07-28 03:10:00,2017-07-28 03:20:00,2017-07-28 04:10:00
3903,test,3903,3908,3909,3914,2017-07-28 02:30:00,2017-07-28 03:20:00,2017-07-28 03:30:00,2017-07-28 04:20:00
3904,test,3904,3909,3910,3915,2017-07-28 02:40:00,2017-07-28 03:30:00,2017-07-28 03:40:00,2017-07-28 04:30:00
3905,test,3905,3910,3911,3916,2017-07-28 02:50:00,2017-07-28 03:40:00,2017-07-28 03:50:00,2017-07-28 04:40:00
3906,test,3906,3911,3912,3917,2017-07-28 03:00:00,2017-07-28 03:50:00,2017-07-28 04:00:00,2017-07-28 04:50:00
3907,test,3907,3912,3913,3918,2017-07-28 03:10:00,2017-07-28 04:00:00,2017-07-28 04:10:00,2017-07-28 05:00:00
3908,test,3908,3913,3914,3919,2017-07-28 03:20:00,2017-07-28 04:10:00,2017-07-28 04:20:00,2017-07-28 05:10:00
3909,test,3909,3914,3915,3920,2017-07-28 03:30:00,2017-07-28 04:20:00,2017-07-28 04:30:00,2017-07-28 05:20:00
3910,test,3910,3915,3916,3921,2017-07-28 03:40:00,2017-07-28 04:30:00,2017-07-28 04:40:00,2017-07-28 05:30:00
3911,test,3911,3916,3917,3922,2017-07-28 03:50:00,2017-07-28 04:40:00,2017-07-28 04:50:00,2017-07-28 05:40:00
3912,test,3912,3917,3918,3923,2017-07-28 04:00:00,2017-07-28 04:50:00,2017-07-28 05:00:00,2017-07-28 05:50:00
3913,test,3913,3918,3919,3924,2017-07-28 04:10:00,2017-07-28 05:00:00,2017-07-28 05:10:00,2017-07-28 06:00:00
3914,test,3914,3919,3920,3925,2017-07-28 04:20:00,2017-07-28 05:10:00,2017-07-28 05:20:00,2017-07-28 06:10:00
3915,test,3915,3920,3921,3926,2017-07-28 04:30:00,2017-07-28 05:20:00,2017-07-28 05:30:00,2017-07-28 06:20:00
3916,test,3916,3921,3922,3927,2017-07-28 04:40:00,2017-07-28 05:30:00,2017-07-28 05:40:00,2017-07-28 06:30:00
3917,test,3917,3922,3923,3928,2017-07-28 04:50:00,2017-07-28 05:40:00,2017-07-28 05:50:00,2017-07-28 06:40:00
3918,test,3918,3923,3924,3929,2017-07-28 05:00:00,2017-07-28 05:50:00,2017-07-28 06:00:00,2017-07-28 06:50:00
3919,test,3919,3924,3925,3930,2017-07-28 05:10:00,2017-07-28 06:00:00,2017-07-28 06:10:00,2017-07-28 07:00:00
3920,test,3920,3925,3926,3931,2017-07-28 05:20:00,2017-07-28 06:10:00,2017-07-28 06:20:00,2017-07-28 07:10:00
3921,test,3921,3926,3927,3932,2017-07-28 05:30:00,2017-07-28 06:20:00,2017-07-28 06:30:00,2017-07-28 07:20:00
3922,test,3922,3927,3928,3933,2017-07-28 05:40:00,2017-07-28 06:30:00,2017-07-28 06:40:00,2017-07-28 07:30:00
3923,test,3923,3928,3929,3934,2017-07-28 05:50:00,2017-07-28 06:40:00,2017-07-28 06:50:00,2017-07-28 07:40:00
3924,test,3924,3929,3930,3935,2017-07-28 06:00:00,2017-07-28 06:50:00,2017-07-28 07:00:00,2017-07-28 07:50:00
3925,test,3925,3930,3931,3936,2017-07-28 06:10:00,2017-07-28 07:00:00,2017-07-28 07:10:00,2017-07-28 08:00:00
3926,test,3926,3931,3932,3937,2017-07-28 06:20:00,2017-07-28 07:10:00,2017-07-28 07:20:00,2017-07-28 08:10:00
3927,test,3927,3932,3933,3938,2017-07-28 06:30:00,2017-07-28 07:20:00,2017-07-28 07:30:00,2017-07-28 08:20:00
3928,test,3928,3933,3934,3939,2017-07-28 06:40:00,2017-07-28 07:30:00,2017-07-28 07:40:00,2017-07-28 08:30:00
3929,test,3929,3934,3935,3940,2017-07-28 06:50:00,2017-07-28 07:40:00,2017-07-28 07:50:00,2017-07-28 08:40:00
3930,test,3930,3935,3936,3941,2017-07-28 07:00:00,2017-07-28 07:50:00,2017-07-28 08:00:00,2017-07-28 08:50:00
3931,test,3931,3936,3937,3942,2017-07-28 07:10:00,2017-07-28 08:00:00,2017-07-28 08:10:00,2017-07-28 09:00:00
3932,test,3932,3937,3938,3943,2017-07-28 07:20:00,2017-07-28 08:10:00,2017-07-28 08:20:00,2017-07-28 09:10:00
3933,test,3933,3938,3939,3944,2017-07-28 07:30:00,2017-07-28 08:20:00,2017-07-28 08:30:00,2017-07-28 09:20:00
3934,test,3934,3939,3940,3945,2017-07-28 07:40:00,2017-07-28 08:30:00,2017-07-28 08:40:00,2017-07-28 09:30:00
3935,test,3935,3940,3941,3946,2017-07-28 07:50:00,2017-07-28 08:40:00,2017-07-28 08:50:00,2017-07-28 09:40:00
3936,test,3936,3941,3942,3947,2017-07-28 08:00:00,2017-07-28 08:50:00,2017-07-28 09:00:00,2017-07-28 09:50:00
3937,test,3937,3942,3943,3948,2017-07-28 08:10:00,2017-07-28 09:00:00,2017-07-28 09:10:00,2017-07-28 10:00:00
3938,test,3938,3943,3944,3949,2017-07-28 08:20:00,2017-07-28 09:10:00,2017-07-28 09:20:00,2017-07-28 10:10:00
3939,test,3939,3944,3945,3950,2017-07-28 08:30:00,2017-07-28 09:20:00,2017-07-28 09:30:00,2017-07-28 10:20:00
3940,test,3940,3945,3946,3951,2017-07-28 08:40:00,2017-07-28 09:30:00,2017-07-28 09:40:00,2017-07-28 10:30:00
3941,test,3941,3946,3947,3952,2017-07-28 08:50:00,2017-07-28 09:40:00,2017-07-28 09:50:00,2017-07-28 10:40:00
3942,test,3942,3947,3948,3953,2017-07-28 09:00:00,2017-07-28 09:50:00,2017-07-28 10:00:00,2017-07-28 10:50:00
3943,test,3943,3948,3949,3954,2017-07-28 09:10:00,2017-07-28 10:00:00,2017-07-28 10:10:00,2017-07-28 11:00:00
3944,test,3944,3949,3950,3955,2017-07-28 09:20:00,2017-07-28 10:10:00,2017-07-28 10:20:00,2017-07-28 11:10:00
3945,test,3945,3950,3951,3956,2017-07-28 09:30:00,2017-07-28 10:20:00,2017-07-28 10:30:00,2017-07-28 11:20:00
3946,test,3946,3951,3952,3957,2017-07-28 09:40:00,2017-07-28 10:30:00,2017-07-28 10:40:00,2017-07-28 11:30:00
3947,test,3947,3952,3953,3958,2017-07-28 09:50:00,2017-07-28 10:40:00,2017-07-28 10:50:00,2017-07-28 11:40:00
3948,test,3948,3953,3954,3959,2017-07-28 10:00:00,2017-07-28 10:50:00,2017-07-28 11:00:00,2017-07-28 11:50:00
3949,test,3949,3954,3955,3960,2017-07-28 10:10:00,2017-07-28 11:00:00,2017-07-28 11:10:00,2017-07-28 12:00:00
3950,test,3950,3955,3956,3961,2017-07-28 10:20:00,2017-07-28 11:10:00,2017-07-28 11:20:00,2017-07-28 12:10:00
3951,test,3951,3956,3957,3962,2017-07-28 10:30:00,2017-07-28 11:20:00,2017-07-28 11:30:00,2017-07-28 12:20:00
3952,test,3952,3957,3958,3963,2017-07-28 10:40:00,2017-07-28 11:30:00,2017-07-28 11:40:00,2017-07-28 12:30:00
3953,test,3953,3958,3959,3964,2017-07-28 10:50:00,2017-07-28 11:40:00,2017-07-28 11:50:00,2017-07-28 12:40:00
3954,test,3954,3959,3960,3965,2017-07-28 11:00:00,2017-07-28 11:50:00,2017-07-28 12:00:00,2017-07-28 12:50:00
3955,test,3955,3960,3961,3966,2017-07-28 11:10:00,2017-07-28 12:00:00,2017-07-28 12:10:00,2017-07-28 13:00:00
3956,test,3956,3961,3962,3967,2017-07-28 11:20:00,2017-07-28 12:10:00,2017-07-28 12:20:00,2017-07-28 13:10:00
3957,test,3957,3962,3963,3968,2017-07-28 11:30:00,2017-07-28 12:20:00,2017-07-28 12:30:00,2017-07-28 13:20:00
3958,test,3958,3963,3964,3969,2017-07-28 11:40:00,2017-07-28 12:30:00,2017-07-28 12:40:00,2017-07-28 13:30:00
3959,test,3959,3964,3965,3970,2017-07-28 11:50:00,2017-07-28 12:40:00,2017-07-28 12:50:00,2017-07-28 13:40:00
3960,test,3960,3965,3966,3971,2017-07-28 12:00:00,2017-07-28 12:50:00,2017-07-28 13:00:00,2017-07-28 13:50:00
3961,test,3961,3966,3967,3972,2017-07-28 12:10:00,2017-07-28 13:00:00,2017-07-28 13:10:00,2017-07-28 14:00:00
3962,test,3962,3967,3968,3973,2017-07-28 12:20:00,2017-07-28 13:10:00,2017-07-28 13:20:00,2017-07-28 14:10:00
3963,test,3963,3968,3969,3974,2017-07-28 12:30:00,2017-07-28 13:20:00,2017-07-28 13:30:00,2017-07-28 14:20:00
3964,test,3964,3969,3970,3975,2017-07-28 12:40:00,2017-07-28 13:30:00,2017-07-28 13:40:00,2017-07-28 14:30:00
3965,test,3965,3970,3971,3976,2017-07-28 12:50:00,2017-07-28 13:40:00,2017-07-28 13:50:00,2017-07-28 14:40:00
3966,test,3966,3971,3972,3977,2017-07-28 13:00:00,2017-07-28 13:50:00,2017-07-28 14:00:00,2017-07-28 14:50:00
3967,test,3967,3972,3973,3978,2017-07-28 13:10:00,2017-07-28 14:00:00,2017-07-28 14:10:00,2017-07-28 15:00:00
3968,test,3968,3973,3974,3979,2017-07-28 13:20:00,2017-07-28 14:10:00,2017-07-28 14:20:00,2017-07-28 15:10:00
3969,test,3969,3974,3975,3980,2017-07-28 13:30:00,2017-07-28 14:20:00,2017-07-28 14:30:00,2017-07-28 15:20:00
3970,test,3970,3975,3976,3981,2017-07-28 13:40:00,2017-07-28 14:30:00,2017-07-28 14:40:00,2017-07-28 15:30:00
3971,test,3971,3976,3977,3982,2017-07-28 13:50:00,2017-07-28 14:40:00,2017-07-28 14:50:00,2017-07-28 15:40:00
3972,test,3972,3977,3978,3983,2017-07-28 14:00:00,2017-07-28 14:50:00,2017-07-28 15:00:00,2017-07-28 15:50:00
3973,test,3973,3978,3979,3984,2017-07-28 14:10:00,2017-07-28 15:00:00,2017-07-28 15:10:00,2017-07-28 16:00:00
3974,test,3974,3979,3980,3985,2017-07-28 14:20:00,2017-07-28 15:10:00,2017-07-28 15:20:00,2017-07-28 16:10:00
3975,test,3975,3980,3981,3986,2017-07-28 14:30:00,2017-07-28 15:20:00,2017-07-28 15:30:00,2017-07-28 16:20:00
3976,test,3976,3981,3982,3987,2017-07-28 14:40:00,2017-07-28 15:30:00,2017-07-28 15:40:00,2017-07-28 16:30:00
3977,test,3977,3982,3983,3988,2017-07-28 14:50:00,2017-07-28 15:40:00,2017-07-28 15:50:00,2017-07-28 16:40:00
3978,test,3978,3983,3984,3989,2017-07-28 15:00:00,2017-07-28 15:50:00,2017-07-28 16:00:00,2017-07-28 16:50:00
3979,test,3979,3984,3985,3990,2017-07-28 15:10:00,2017-07-28 16:00:00,2017-07-28 16:10:00,2017-07-28 17:00:00
3980,test,3980,3985,3986,3991,2017-07-28 15:20:00,2017-07-28 16:10:00,2017-07-28 16:20:00,2017-07-28 17:10:00
3981,test,3981,3986,3987,3992,2017-07-28 15:30:00,2017-07-28 16:20:00,2017-07-28 16:30:00,2017-07-28 17:20:00
3982,test,3982,3987,3988,3993,2017-07-28 15:40:00,2017-07-28 16:30:00,2017-07-28 16:40:00,2017-07-28 17:30:00
3983,test,3983,3988,3989,3994,2017-07-28 15:50:00,2017-07-28 16:40:00,2017-07-28 16:50:00,2017-07-28 17:40:00
3984,test,3984,3989,3990,3995,2017-07-28 16:00:00,2017-07-28 16:50:00,2017-07-28 17:00:00,2017-07-28 17:50:00
3985,test,3985,3990,3991,3996,2017-07-28 16:10:00,2017-07-28 17:00:00,2017-07-28 17:10:00,2017-07-28 18:00:00
3986,test,3986,3991,3992,3997,2017-07-28 16:20:00,2017-07-28 17:10:00,2017-07-28 17:20:00,2017-07-28 18:10:00
3987,test,3987,3992,3993,3998,2017-07-28 16:30:00,2017-07-28 17:20:00,2017-07-28 17:30:00,2017-07-28 18:20:00
3988,test,3988,3993,3994,3999,2017-07-28 16:40:00,2017-07-28 17:30:00,2017-07-28 17:40:00,2017-07-28 18:30:00
3989,test,3989,3994,3995,4000,2017-07-28 16:50:00,2017-07-28 17:40:00,2017-07-28 17:50:00,2017-07-28 18:40:00
3990,test,3990,3995,3996,4001,2017-07-28 17:00:00,2017-07-28 17:50:00,2017-07-28 18:00:00,2017-07-28 18:50:00
3991,test,3991,3996,3997,4002,2017-07-28 17:10:00,2017-07-28 18:00:00,2017-07-28 18:10:00,2017-07-28 19:00:00
3992,test,3992,3997,3998,4003,2017-07-28 17:20:00,2017-07-28 18:10:00,2017-07-28 18:20:00,2017-07-28 19:10:00
3993,test,3993,3998,3999,4004,2017-07-28 17:30:00,2017-07-28 18:20:00,2017-07-28 18:30:00,2017-07-28 19:20:00
3994,test,3994,3999,4000,4005,2017-07-28 17:40:00,2017-07-28 18:30:00,2017-07-28 18:40:00,2017-07-28 19:30:00
3995,test,3995,4000,4001,4006,2017-07-28 17:50:00,2017-07-28 18:40:00,2017-07-28 18:50:00,2017-07-28 19:40:00
3996,test,3996,4001,4002,4007,2017-07-28 18:00:00,2017-07-28 18:50:00,2017-07-28 19:00:00,2017-07-28 19:50:00
3997,test,3997,4002,4003,4008,2017-07-28 18:10:00,2017-07-28 19:00:00,2017-07-28 19:10:00,2017-07-28 20:00:00
3998,test,3998,4003,4004,4009,2017-07-28 18:20:00,2017-07-28 19:10:00,2017-07-28 19:20:00,2017-07-28 20:10:00
3999,test,3999,4004,4005,4010,2017-07-28 18:30:00,2017-07-28 19:20:00,2017-07-28 19:30:00,2017-07-28 20:20:00
4000,test,4000,4005,4006,4011,2017-07-28 18:40:00,2017-07-28 19:30:00,2017-07-28 19:40:00,2017-07-28 20:30:00
4001,test,4001,4006,4007,4012,2017-07-28 18:50:00,2017-07-28 19:40:00,2017-07-28 19:50:00,2017-07-28 20:40:00
4002,test,4002,4007,4008,4013,2017-07-28 19:00:00,2017-07-28 19:50:00,2017-07-28 20:00:00,2017-07-28 20:50:00
4003,test,4003,4008,4009,4014,2017-07-28 19:10:00,2017-07-28 20:00:00,2017-07-28 20:10:00,2017-07-28 21:00:00
4004,test,4004,4009,4010,4015,2017-07-28 19:20:00,2017-07-28 20:10:00,2017-07-28 20:20:00,2017-07-28 21:10:00
4005,test,4005,4010,4011,4016,2017-07-28 19:30:00,2017-07-28 20:20:00,2017-07-28 20:30:00,2017-07-28 21:20:00
4006,test,4006,4011,4012,4017,2017-07-28 19:40:00,2017-07-28 20:30:00,2017-07-28 20:40:00,2017-07-28 21:30:00
4007,test,4007,4012,4013,4018,2017-07-28 19:50:00,2017-07-28 20:40:00,2017-07-28 20:50:00,2017-07-28 21:40:00
4008,test,4008,4013,4014,4019,2017-07-28 20:00:00,2017-07-28 20:50:00,2017-07-28 21:00:00,2017-07-28 21:50:00
4009,test,4009,4014,4015,4020,2017-07-28 20:10:00,2017-07-28 21:00:00,2017-07-28 21:10:00,2017-07-28 22:00:00
4010,test,4010,4015,4016,4021,2017-07-28 20:20:00,2017-07-28 21:10:00,2017-07-28 21:20:00,2017-07-28 22:10:00
4011,test,4011,4016,4017,4022,2017-07-28 20:30:00,2017-07-28 21:20:00,2017-07-28 21:30:00,2017-07-28 22:20:00
4012,test,4012,4017,4018,4023,2017-07-28 20:40:00,2017-07-28 21:30:00,2017-07-28 21:40:00,2017-07-28 22:30:00
4013,test,4013,4018,4019,4024,2017-07-28 20:50:00,2017-07-28 21:40:00,2017-07-28 21:50:00,2017-07-28 22:40:00
4014,test,4014,4019,4020,4025,2017-07-28 21:00:00,2017-07-28 21:50:00,2017-07-28 22:00:00,2017-07-28 22:50:00
4015,test,4015,4020,4021,4026,2017-07-28 21:10:00,2017-07-28 22:00:00,2017-07-28 22:10:00,2017-07-28 23:00:00
4016,test,4016,4021,4022,4027,2017-07-28 21:20:00,2017-07-28 22:10:00,2017-07-28 22:20:00,2017-07-28 23:10:00
4017,test,4017,4022,4023,4028,2017-07-28 21:30:00,2017-07-28 22:20:00,2017-07-28 22:30:00,2017-07-28 23:20:00
4018,test,4018,4023,4024,4029,2017-07-28 21:40:00,2017-07-28 22:30:00,2017-07-28 22:40:00,2017-07-28 23:30:00
4019,test,4019,4024,4025,4030,2017-07-28 21:50:00,2017-07-28 22:40:00,2017-07-28 22:50:00,2017-07-28 23:40:00
4020,test,4020,4025,4026,4031,2017-07-28 22:00:00,2017-07-28 22:50:00,2017-07-28 23:00:00,2017-07-28 23:50:00
4021,test,4021,4026,4027,4032,2017-07-28 22:10:00,2017-07-28 23:00:00,2017-07-28 23:10:00,2017-07-29 00:00:00
4022,test,4022,4027,4028,4033,2017-07-28 22:20:00,2017-07-28 23:10:00,2017-07-28 23:20:00,2017-07-29 00:10:00
4023,test,4023,4028,4029,4034,2017-07-28 22:30:00,2017-07-28 23:20:00,2017-07-28 23:30:00,2017-07-29 00:20:00
4024,test,4024,4029,4030,4035,2017-07-28 22:40:00,2017-07-28 23:30:00,2017-07-28 23:40:00,2017-07-29 00:30:00
4025,test,4025,4030,4031,4036,2017-07-28 22:50:00,2017-07-28 23:40:00,2017-07-28 23:50:00,2017-07-29 00:40:00
4026,test,4026,4031,4032,4037,2017-07-28 23:00:00,2017-07-28 23:50:00,2017-07-29 00:00:00,2017-07-29 00:50:00
4027,test,4027,4032,4033,4038,2017-07-28 23:10:00,2017-07-29 00:00:00,2017-07-29 00:10:00,2017-07-29 01:00:00
4028,test,4028,4033,4034,4039,2017-07-28 23:20:00,2017-07-29 00:10:00,2017-07-29 00:20:00,2017-07-29 01:10:00
4029,test,4029,4034,4035,4040,2017-07-28 23:30:00,2017-07-29 00:20:00,2017-07-29 00:30:00,2017-07-29 01:20:00
4030,test,4030,4035,4036,4041,2017-07-28 23:40:00,2017-07-29 00:30:00,2017-07-29 00:40:00,2017-07-29 01:30:00
4031,test,4031,4036,4037,4042,2017-07-28 23:50:00,2017-07-29 00:40:00,2017-07-29 00:50:00,2017-07-29 01:40:00
4032,test,4032,4037,4038,4043,2017-07-29 00:00:00,2017-07-29 00:50:00,2017-07-29 01:00:00,2017-07-29 01:50:00
4033,test,4033,4038,4039,4044,2017-07-29 00:10:00,2017-07-29 01:00:00,2017-07-29 01:10:00,2017-07-29 02:00:00
4034,test,4034,4039,4040,4045,2017-07-29 00:20:00,2017-07-29 01:10:00,2017-07-29 01:20:00,2017-07-29 02:10:00
4035,test,4035,4040,4041,4046,2017-07-29 00:30:00,2017-07-29 01:20:00,2017-07-29 01:30:00,2017-07-29 02:20:00
4036,test,4036,4041,4042,4047,2017-07-29 00:40:00,2017-07-29 01:30:00,2017-07-29 01:40:00,2017-07-29 02:30:00
4037,test,4037,4042,4043,4048,2017-07-29 00:50:00,2017-07-29 01:40:00,2017-07-29 01:50:00,2017-07-29 02:40:00
4038,test,4038,4043,4044,4049,2017-07-29 01:00:00,2017-07-29 01:50:00,2017-07-29 02:00:00,2017-07-29 02:50:00
4039,test,4039,4044,4045,4050,2017-07-29 01:10:00,2017-07-29 02:00:00,2017-07-29 02:10:00,2017-07-29 03:00:00
4040,test,4040,4045,4046,4051,2017-07-29 01:20:00,2017-07-29 02:10:00,2017-07-29 02:20:00,2017-07-29 03:10:00
4041,test,4041,4046,4047,4052,2017-07-29 01:30:00,2017-07-29 02:20:00,2017-07-29 02:30:00,2017-07-29 03:20:00
4042,test,4042,4047,4048,4053,2017-07-29 01:40:00,2017-07-29 02:30:00,2017-07-29 02:40:00,2017-07-29 03:30:00
4043,test,4043,4048,4049,4054,2017-07-29 01:50:00,2017-07-29 02:40:00,2017-07-29 02:50:00,2017-07-29 03:40:00
4044,test,4044,4049,4050,4055,2017-07-29 02:00:00,2017-07-29 02:50:00,2017-07-29 03:00:00,2017-07-29 03:50:00
4045,test,4045,4050,4051,4056,2017-07-29 02:10:00,2017-07-29 03:00:00,2017-07-29 03:10:00,2017-07-29 04:00:00
4046,test,4046,4051,4052,4057,2017-07-29 02:20:00,2017-07-29 03:10:00,2017-07-29 03:20:00,2017-07-29 04:10:00
4047,test,4047,4052,4053,4058,2017-07-29 02:30:00,2017-07-29 03:20:00,2017-07-29 03:30:00,2017-07-29 04:20:00
4048,test,4048,4053,4054,4059,2017-07-29 02:40:00,2017-07-29 03:30:00,2017-07-29 03:40:00,2017-07-29 04:30:00
4049,test,4049,4054,4055,4060,2017-07-29 02:50:00,2017-07-29 03:40:00,2017-07-29 03:50:00,2017-07-29 04:40:00
4050,test,4050,4055,4056,4061,2017-07-29 03:00:00,2017-07-29 03:50:00,2017-07-29 04:00:00,2017-07-29 04:50:00
4051,test,4051,4056,4057,4062,2017-07-29 03:10:00,2017-07-29 04:00:00,2017-07-29 04:10:00,2017-07-29 05:00:00
4052,test,4052,4057,4058,4063,2017-07-29 03:20:00,2017-07-29 04:10:00,2017-07-29 04:20:00,2017-07-29 05:10:00
4053,test,4053,4058,4059,4064,2017-07-29 03:30:00,2017-07-29 04:20:00,2017-07-29 04:30:00,2017-07-29 05:20:00
4054,test,4054,4059,4060,4065,2017-07-29 03:40:00,2017-07-29 04:30:00,2017-07-29 04:40:00,2017-07-29 05:30:00
4055,test,4055,4060,4061,4066,2017-07-29 03:50:00,2017-07-29 04:40:00,2017-07-29 04:50:00,2017-07-29 05:40:00
4056,test,4056,4061,4062,4067,2017-07-29 04:00:00,2017-07-29 04:50:00,2017-07-29 05:00:00,2017-07-29 05:50:00
4057,test,4057,4062,4063,4068,2017-07-29 04:10:00,2017-07-29 05:00:00,2017-07-29 05:10:00,2017-07-29 06:00:00
4058,test,4058,4063,4064,4069,2017-07-29 04:20:00,2017-07-29 05:10:00,2017-07-29 05:20:00,2017-07-29 06:10:00
4059,test,4059,4064,4065,4070,2017-07-29 04:30:00,2017-07-29 05:20:00,2017-07-29 05:30:00,2017-07-29 06:20:00
4060,test,4060,4065,4066,4071,2017-07-29 04:40:00,2017-07-29 05:30:00,2017-07-29 05:40:00,2017-07-29 06:30:00
4061,test,4061,4066,4067,4072,2017-07-29 04:50:00,2017-07-29 05:40:00,2017-07-29 05:50:00,2017-07-29 06:40:00
4062,test,4062,4067,4068,4073,2017-07-29 05:00:00,2017-07-29 05:50:00,2017-07-29 06:00:00,2017-07-29 06:50:00
4063,test,4063,4068,4069,4074,2017-07-29 05:10:00,2017-07-29 06:00:00,2017-07-29 06:10:00,2017-07-29 07:00:00
4064,test,4064,4069,4070,4075,2017-07-29 05:20:00,2017-07-29 06:10:00,2017-07-29 06:20:00,2017-07-29 07:10:00
4065,test,4065,4070,4071,4076,2017-07-29 05:30:00,2017-07-29 06:20:00,2017-07-29 06:30:00,2017-07-29 07:20:00
4066,test,4066,4071,4072,4077,2017-07-29 05:40:00,2017-07-29 06:30:00,2017-07-29 06:40:00,2017-07-29 07:30:00
4067,test,4067,4072,4073,4078,2017-07-29 05:50:00,2017-07-29 06:40:00,2017-07-29 06:50:00,2017-07-29 07:40:00
4068,test,4068,4073,4074,4079,2017-07-29 06:00:00,2017-07-29 06:50:00,2017-07-29 07:00:00,2017-07-29 07:50:00
4069,test,4069,4074,4075,4080,2017-07-29 06:10:00,2017-07-29 07:00:00,2017-07-29 07:10:00,2017-07-29 08:00:00
4070,test,4070,4075,4076,4081,2017-07-29 06:20:00,2017-07-29 07:10:00,2017-07-29 07:20:00,2017-07-29 08:10:00
4071,test,4071,4076,4077,4082,2017-07-29 06:30:00,2017-07-29 07:20:00,2017-07-29 07:30:00,2017-07-29 08:20:00
4072,test,4072,4077,4078,4083,2017-07-29 06:40:00,2017-07-29 07:30:00,2017-07-29 07:40:00,2017-07-29 08:30:00
4073,test,4073,4078,4079,4084,2017-07-29 06:50:00,2017-07-29 07:40:00,2017-07-29 07:50:00,2017-07-29 08:40:00
4074,test,4074,4079,4080,4085,2017-07-29 07:00:00,2017-07-29 07:50:00,2017-07-29 08:00:00,2017-07-29 08:50:00
4075,test,4075,4080,4081,4086,2017-07-29 07:10:00,2017-07-29 08:00:00,2017-07-29 08:10:00,2017-07-29 09:00:00
4076,test,4076,4081,4082,4087,2017-07-29 07:20:00,2017-07-29 08:10:00,2017-07-29 08:20:00,2017-07-29 09:10:00
4077,test,4077,4082,4083,4088,2017-07-29 07:30:00,2017-07-29 08:20:00,2017-07-29 08:30:00,2017-07-29 09:20:00
4078,test,4078,4083,4084,4089,2017-07-29 07:40:00,2017-07-29 08:30:00,2017-07-29 08:40:00,2017-07-29 09:30:00
4079,test,4079,4084,4085,4090,2017-07-29 07:50:00,2017-07-29 08:40:00,2017-07-29 08:50:00,2017-07-29 09:40:00
4080,test,4080,4085,4086,4091,2017-07-29 08:00:00,2017-07-29 08:50:00,2017-07-29 09:00:00,2017-07-29 09:50:00
4081,test,4081,4086,4087,4092,2017-07-29 08:10:00,2017-07-29 09:00:00,2017-07-29 09:10:00,2017-07-29 10:00:00
4082,test,4082,4087,4088,4093,2017-07-29 08:20:00,2017-07-29 09:10:00,2017-07-29 09:20:00,2017-07-29 10:10:00
4083,test,4083,4088,4089,4094,2017-07-29 08:30:00,2017-07-29 09:20:00,2017-07-29 09:30:00,2017-07-29 10:20:00
4084,test,4084,4089,4090,4095,2017-07-29 08:40:00,2017-07-29 09:30:00,2017-07-29 09:40:00,2017-07-29 10:30:00
4085,test,4085,4090,4091,4096,2017-07-29 08:50:00,2017-07-29 09:40:00,2017-07-29 09:50:00,2017-07-29 10:40:00
4086,test,4086,4091,4092,4097,2017-07-29 09:00:00,2017-07-29 09:50:00,2017-07-29 10:00:00,2017-07-29 10:50:00
4087,test,4087,4092,4093,4098,2017-07-29 09:10:00,2017-07-29 10:00:00,2017-07-29 10:10:00,2017-07-29 11:00:00
4088,test,4088,4093,4094,4099,2017-07-29 09:20:00,2017-07-29 10:10:00,2017-07-29 10:20:00,2017-07-29 11:10:00
4089,test,4089,4094,4095,4100,2017-07-29 09:30:00,2017-07-29 10:20:00,2017-07-29 10:30:00,2017-07-29 11:20:00
4090,test,4090,4095,4096,4101,2017-07-29 09:40:00,2017-07-29 10:30:00,2017-07-29 10:40:00,2017-07-29 11:30:00
4091,test,4091,4096,4097,4102,2017-07-29 09:50:00,2017-07-29 10:40:00,2017-07-29 10:50:00,2017-07-29 11:40:00
4092,test,4092,4097,4098,4103,2017-07-29 10:00:00,2017-07-29 10:50:00,2017-07-29 11:00:00,2017-07-29 11:50:00
4093,test,4093,4098,4099,4104,2017-07-29 10:10:00,2017-07-29 11:00:00,2017-07-29 11:10:00,2017-07-29 12:00:00
4094,test,4094,4099,4100,4105,2017-07-29 10:20:00,2017-07-29 11:10:00,2017-07-29 11:20:00,2017-07-29 12:10:00
4095,test,4095,4100,4101,4106,2017-07-29 10:30:00,2017-07-29 11:20:00,2017-07-29 11:30:00,2017-07-29 12:20:00
4096,test,4096,4101,4102,4107,2017-07-29 10:40:00,2017-07-29 11:30:00,2017-07-29 11:40:00,2017-07-29 12:30:00
4097,test,4097,4102,4103,4108,2017-07-29 10:50:00,2017-07-29 11:40:00,2017-07-29 11:50:00,2017-07-29 12:40:00
4098,test,4098,4103,4104,4109,2017-07-29 11:00:00,2017-07-29 11:50:00,2017-07-29 12:00:00,2017-07-29 12:50:00
4099,test,4099,4104,4105,4110,2017-07-29 11:10:00,2017-07-29 12:00:00,2017-07-29 12:10:00,2017-07-29 13:00:00
4100,test,4100,4105,4106,4111,2017-07-29 11:20:00,2017-07-29 12:10:00,2017-07-29 12:20:00,2017-07-29 13:10:00
4101,test,4101,4106,4107,4112,2017-07-29 11:30:00,2017-07-29 12:20:00,2017-07-29 12:30:00,2017-07-29 13:20:00
4102,test,4102,4107,4108,4113,2017-07-29 11:40:00,2017-07-29 12:30:00,2017-07-29 12:40:00,2017-07-29 13:30:00
4103,test,4103,4108,4109,4114,2017-07-29 11:50:00,2017-07-29 12:40:00,2017-07-29 12:50:00,2017-07-29 13:40:00
4104,test,4104,4109,4110,4115,2017-07-29 12:00:00,2017-07-29 12:50:00,2017-07-29 13:00:00,2017-07-29 13:50:00
4105,test,4105,4110,4111,4116,2017-07-29 12:10:00,2017-07-29 13:00:00,2017-07-29 13:10:00,2017-07-29 14:00:00
4106,test,4106,4111,4112,4117,2017-07-29 12:20:00,2017-07-29 13:10:00,2017-07-29 13:20:00,2017-07-29 14:10:00
4107,test,4107,4112,4113,4118,2017-07-29 12:30:00,2017-07-29 13:20:00,2017-07-29 13:30:00,2017-07-29 14:20:00
4108,test,4108,4113,4114,4119,2017-07-29 12:40:00,2017-07-29 13:30:00,2017-07-29 13:40:00,2017-07-29 14:30:00
4109,test,4109,4114,4115,4120,2017-07-29 12:50:00,2017-07-29 13:40:00,2017-07-29 13:50:00,2017-07-29 14:40:00
4110,test,4110,4115,4116,4121,2017-07-29 13:00:00,2017-07-29 13:50:00,2017-07-29 14:00:00,2017-07-29 14:50:00
4111,test,4111,4116,4117,4122,2017-07-29 13:10:00,2017-07-29 14:00:00,2017-07-29 14:10:00,2017-07-29 15:00:00
4112,test,4112,4117,4118,4123,2017-07-29 13:20:00,2017-07-29 14:10:00,2017-07-29 14:20:00,2017-07-29 15:10:00
4113,test,4113,4118,4119,4124,2017-07-29 13:30:00,2017-07-29 14:20:00,2017-07-29 14:30:00,2017-07-29 15:20:00
4114,test,4114,4119,4120,4125,2017-07-29 13:40:00,2017-07-29 14:30:00,2017-07-29 14:40:00,2017-07-29 15:30:00
4115,test,4115,4120,4121,4126,2017-07-29 13:50:00,2017-07-29 14:40:00,2017-07-29 14:50:00,2017-07-29 15:40:00
4116,test,4116,4121,4122,4127,2017-07-29 14:00:00,2017-07-29 14:50:00,2017-07-29 15:00:00,2017-07-29 15:50:00
4117,test,4117,4122,4123,4128,2017-07-29 14:10:00,2017-07-29 15:00:00,2017-07-29 15:10:00,2017-07-29 16:00:00
4118,test,4118,4123,4124,4129,2017-07-29 14:20:00,2017-07-29 15:10:00,2017-07-29 15:20:00,2017-07-29 16:10:00
4119,test,4119,4124,4125,4130,2017-07-29 14:30:00,2017-07-29 15:20:00,2017-07-29 15:30:00,2017-07-29 16:20:00
4120,test,4120,4125,4126,4131,2017-07-29 14:40:00,2017-07-29 15:30:00,2017-07-29 15:40:00,2017-07-29 16:30:00
4121,test,4121,4126,4127,4132,2017-07-29 14:50:00,2017-07-29 15:40:00,2017-07-29 15:50:00,2017-07-29 16:40:00
4122,test,4122,4127,4128,4133,2017-07-29 15:00:00,2017-07-29 15:50:00,2017-07-29 16:00:00,2017-07-29 16:50:00
4123,test,4123,4128,4129,4134,2017-07-29 15:10:00,2017-07-29 16:00:00,2017-07-29 16:10:00,2017-07-29 17:00:00
4124,test,4124,4129,4130,4135,2017-07-29 15:20:00,2017-07-29 16:10:00,2017-07-29 16:20:00,2017-07-29 17:10:00
4125,test,4125,4130,4131,4136,2017-07-29 15:30:00,2017-07-29 16:20:00,2017-07-29 16:30:00,2017-07-29 17:20:00
4126,test,4126,4131,4132,4137,2017-07-29 15:40:00,2017-07-29 16:30:00,2017-07-29 16:40:00,2017-07-29 17:30:00
4127,test,4127,4132,4133,4138,2017-07-29 15:50:00,2017-07-29 16:40:00,2017-07-29 16:50:00,2017-07-29 17:40:00
4128,test,4128,4133,4134,4139,2017-07-29 16:00:00,2017-07-29 16:50:00,2017-07-29 17:00:00,2017-07-29 17:50:00
4129,test,4129,4134,4135,4140,2017-07-29 16:10:00,2017-07-29 17:00:00,2017-07-29 17:10:00,2017-07-29 18:00:00
4130,test,4130,4135,4136,4141,2017-07-29 16:20:00,2017-07-29 17:10:00,2017-07-29 17:20:00,2017-07-29 18:10:00
4131,test,4131,4136,4137,4142,2017-07-29 16:30:00,2017-07-29 17:20:00,2017-07-29 17:30:00,2017-07-29 18:20:00
4132,test,4132,4137,4138,4143,2017-07-29 16:40:00,2017-07-29 17:30:00,2017-07-29 17:40:00,2017-07-29 18:30:00
4133,test,4133,4138,4139,4144,2017-07-29 16:50:00,2017-07-29 17:40:00,2017-07-29 17:50:00,2017-07-29 18:40:00
4134,test,4134,4139,4140,4145,2017-07-29 17:00:00,2017-07-29 17:50:00,2017-07-29 18:00:00,2017-07-29 18:50:00
4135,test,4135,4140,4141,4146,2017-07-29 17:10:00,2017-07-29 18:00:00,2017-07-29 18:10:00,2017-07-29 19:00:00
4136,test,4136,4141,4142,4147,2017-07-29 17:20:00,2017-07-29 18:10:00,2017-07-29 18:20:00,2017-07-29 19:10:00
4137,test,4137,4142,4143,4148,2017-07-29 17:30:00,2017-07-29 18:20:00,2017-07-29 18:30:00,2017-07-29 19:20:00
4138,test,4138,4143,4144,4149,2017-07-29 17:40:00,2017-07-29 18:30:00,2017-07-29 18:40:00,2017-07-29 19:30:00
4139,test,4139,4144,4145,4150,2017-07-29 17:50:00,2017-07-29 18:40:00,2017-07-29 18:50:00,2017-07-29 19:40:00
4140,test,4140,4145,4146,4151,2017-07-29 18:00:00,2017-07-29 18:50:00,2017-07-29 19:00:00,2017-07-29 19:50:00
4141,test,4141,4146,4147,4152,2017-07-29 18:10:00,2017-07-29 19:00:00,2017-07-29 19:10:00,2017-07-29 20:00:00
4142,test,4142,4147,4148,4153,2017-07-29 18:20:00,2017-07-29 19:10:00,2017-07-29 19:20:00,2017-07-29 20:10:00
4143,test,4143,4148,4149,4154,2017-07-29 18:30:00,2017-07-29 19:20:00,2017-07-29 19:30:00,2017-07-29 20:20:00
4144,test,4144,4149,4150,4155,2017-07-29 18:40:00,2017-07-29 19:30:00,2017-07-29 19:40:00,2017-07-29 20:30:00
4145,test,4145,4150,4151,4156,2017-07-29 18:50:00,2017-07-29 19:40:00,2017-07-29 19:50:00,2017-07-29 20:40:00
4146,test,4146,4151,4152,4157,2017-07-29 19:00:00,2017-07-29 19:50:00,2017-07-29 20:00:00,2017-07-29 20:50:00
4147,test,4147,4152,4153,4158,2017-07-29 19:10:00,2017-07-29 20:00:00,2017-07-29 20:10:00,2017-07-29 21:00:00
4148,test,4148,4153,4154,4159,2017-07-29 19:20:00,2017-07-29 20:10:00,2017-07-29 20:20:00,2017-07-29 21:10:00
4149,test,4149,4154,4155,4160,2017-07-29 19:30:00,2017-07-29 20:20:00,2017-07-29 20:30:00,2017-07-29 21:20:00
4150,test,4150,4155,4156,4161,2017-07-29 19:40:00,2017-07-29 20:30:00,2017-07-29 20:40:00,2017-07-29 21:30:00
4151,test,4151,4156,4157,4162,2017-07-29 19:50:00,2017-07-29 20:40:00,2017-07-29 20:50:00,2017-07-29 21:40:00
4152,test,4152,4157,4158,4163,2017-07-29 20:00:00,2017-07-29 20:50:00,2017-07-29 21:00:00,2017-07-29 21:50:00
4153,test,4153,4158,4159,4164,2017-07-29 20:10:00,2017-07-29 21:00:00,2017-07-29 21:10:00,2017-07-29 22:00:00
4154,test,4154,4159,4160,4165,2017-07-29 20:20:00,2017-07-29 21:10:00,2017-07-29 21:20:00,2017-07-29 22:10:00
4155,test,4155,4160,4161,4166,2017-07-29 20:30:00,2017-07-29 21:20:00,2017-07-29 21:30:00,2017-07-29 22:20:00
4156,test,4156,4161,4162,4167,2017-07-29 20:40:00,2017-07-29 21:30:00,2017-07-29 21:40:00,2017-07-29 22:30:00
4157,test,4157,4162,4163,4168,2017-07-29 20:50:00,2017-07-29 21:40:00,2017-07-29 21:50:00,2017-07-29 22:40:00
4158,test,4158,4163,4164,4169,2017-07-29 21:00:00,2017-07-29 21:50:00,2017-07-29 22:00:00,2017-07-29 22:50:00
4159,test,4159,4164,4165,4170,2017-07-29 21:10:00,2017-07-29 22:00:00,2017-07-29 22:10:00,2017-07-29 23:00:00
4160,test,4160,4165,4166,4171,2017-07-29 21:20:00,2017-07-29 22:10:00,2017-07-29 22:20:00,2017-07-29 23:10:00
4161,test,4161,4166,4167,4172,2017-07-29 21:30:00,2017-07-29 22:20:00,2017-07-29 22:30:00,2017-07-29 23:20:00
4162,test,4162,4167,4168,4173,2017-07-29 21:40:00,2017-07-29 22:30:00,2017-07-29 22:40:00,2017-07-29 23:30:00
4163,test,4163,4168,4169,4174,2017-07-29 21:50:00,2017-07-29 22:40:00,2017-07-29 22:50:00,2017-07-29 23:40:00
4164,test,4164,4169,4170,4175,2017-07-29 22:00:00,2017-07-29 22:50:00,2017-07-29 23:00:00,2017-07-29 23:50:00
4165,test,4165,4170,4171,4176,2017-07-29 22:10:00,2017-07-29 23:00:00,2017-07-29 23:10:00,2017-07-30 00:00:00
4166,test,4166,4171,4172,4177,2017-07-29 22:20:00,2017-07-29 23:10:00,2017-07-29 23:20:00,2017-07-30 00:10:00
4167,test,4167,4172,4173,4178,2017-07-29 22:30:00,2017-07-29 23:20:00,2017-07-29 23:30:00,2017-07-30 00:20:00
4168,test,4168,4173,4174,4179,2017-07-29 22:40:00,2017-07-29 23:30:00,2017-07-29 23:40:00,2017-07-30 00:30:00
4169,test,4169,4174,4175,4180,2017-07-29 22:50:00,2017-07-29 23:40:00,2017-07-29 23:50:00,2017-07-30 00:40:00
4170,test,4170,4175,4176,4181,2017-07-29 23:00:00,2017-07-29 23:50:00,2017-07-30 00:00:00,2017-07-30 00:50:00
4171,test,4171,4176,4177,4182,2017-07-29 23:10:00,2017-07-30 00:00:00,2017-07-30 00:10:00,2017-07-30 01:00:00
4172,test,4172,4177,4178,4183,2017-07-29 23:20:00,2017-07-30 00:10:00,2017-07-30 00:20:00,2017-07-30 01:10:00
4173,test,4173,4178,4179,4184,2017-07-29 23:30:00,2017-07-30 00:20:00,2017-07-30 00:30:00,2017-07-30 01:20:00
4174,test,4174,4179,4180,4185,2017-07-29 23:40:00,2017-07-30 00:30:00,2017-07-30 00:40:00,2017-07-30 01:30:00
4175,test,4175,4180,4181,4186,2017-07-29 23:50:00,2017-07-30 00:40:00,2017-07-30 00:50:00,2017-07-30 01:40:00
4176,test,4176,4181,4182,4187,2017-07-30 00:00:00,2017-07-30 00:50:00,2017-07-30 01:00:00,2017-07-30 01:50:00
4177,test,4177,4182,4183,4188,2017-07-30 00:10:00,2017-07-30 01:00:00,2017-07-30 01:10:00,2017-07-30 02:00:00
4178,test,4178,4183,4184,4189,2017-07-30 00:20:00,2017-07-30 01:10:00,2017-07-30 01:20:00,2017-07-30 02:10:00
4179,test,4179,4184,4185,4190,2017-07-30 00:30:00,2017-07-30 01:20:00,2017-07-30 01:30:00,2017-07-30 02:20:00
4180,test,4180,4185,4186,4191,2017-07-30 00:40:00,2017-07-30 01:30:00,2017-07-30 01:40:00,2017-07-30 02:30:00
4181,test,4181,4186,4187,4192,2017-07-30 00:50:00,2017-07-30 01:40:00,2017-07-30 01:50:00,2017-07-30 02:40:00
4182,test,4182,4187,4188,4193,2017-07-30 01:00:00,2017-07-30 01:50:00,2017-07-30 02:00:00,2017-07-30 02:50:00
4183,test,4183,4188,4189,4194,2017-07-30 01:10:00,2017-07-30 02:00:00,2017-07-30 02:10:00,2017-07-30 03:00:00
4184,test,4184,4189,4190,4195,2017-07-30 01:20:00,2017-07-30 02:10:00,2017-07-30 02:20:00,2017-07-30 03:10:00
4185,test,4185,4190,4191,4196,2017-07-30 01:30:00,2017-07-30 02:20:00,2017-07-30 02:30:00,2017-07-30 03:20:00
4186,test,4186,4191,4192,4197,2017-07-30 01:40:00,2017-07-30 02:30:00,2017-07-30 02:40:00,2017-07-30 03:30:00
4187,test,4187,4192,4193,4198,2017-07-30 01:50:00,2017-07-30 02:40:00,2017-07-30 02:50:00,2017-07-30 03:40:00
4188,test,4188,4193,4194,4199,2017-07-30 02:00:00,2017-07-30 02:50:00,2017-07-30 03:00:00,2017-07-30 03:50:00
4189,test,4189,4194,4195,4200,2017-07-30 02:10:00,2017-07-30 03:00:00,2017-07-30 03:10:00,2017-07-30 04:00:00
4190,test,4190,4195,4196,4201,2017-07-30 02:20:00,2017-07-30 03:10:00,2017-07-30 03:20:00,2017-07-30 04:10:00
4191,test,4191,4196,4197,4202,2017-07-30 02:30:00,2017-07-30 03:20:00,2017-07-30 03:30:00,2017-07-30 04:20:00
4192,test,4192,4197,4198,4203,2017-07-30 02:40:00,2017-07-30 03:30:00,2017-07-30 03:40:00,2017-07-30 04:30:00
4193,test,4193,4198,4199,4204,2017-07-30 02:50:00,2017-07-30 03:40:00,2017-07-30 03:50:00,2017-07-30 04:40:00
4194,test,4194,4199,4200,4205,2017-07-30 03:00:00,2017-07-30 03:50:00,2017-07-30 04:00:00,2017-07-30 04:50:00
4195,test,4195,4200,4201,4206,2017-07-30 03:10:00,2017-07-30 04:00:00,2017-07-30 04:10:00,2017-07-30 05:00:00
4196,test,4196,4201,4202,4207,2017-07-30 03:20:00,2017-07-30 04:10:00,2017-07-30 04:20:00,2017-07-30 05:10:00
4197,test,4197,4202,4203,4208,2017-07-30 03:30:00,2017-07-30 04:20:00,2017-07-30 04:30:00,2017-07-30 05:20:00
4198,test,4198,4203,4204,4209,2017-07-30 03:40:00,2017-07-30 04:30:00,2017-07-30 04:40:00,2017-07-30 05:30:00
4199,test,4199,4204,4205,4210,2017-07-30 03:50:00,2017-07-30 04:40:00,2017-07-30 04:50:00,2017-07-30 05:40:00
4200,test,4200,4205,4206,4211,2017-07-30 04:00:00,2017-07-30 04:50:00,2017-07-30 05:00:00,2017-07-30 05:50:00
4201,test,4201,4206,4207,4212,2017-07-30 04:10:00,2017-07-30 05:00:00,2017-07-30 05:10:00,2017-07-30 06:00:00
4202,test,4202,4207,4208,4213,2017-07-30 04:20:00,2017-07-30 05:10:00,2017-07-30 05:20:00,2017-07-30 06:10:00
4203,test,4203,4208,4209,4214,2017-07-30 04:30:00,2017-07-30 05:20:00,2017-07-30 05:30:00,2017-07-30 06:20:00
4204,test,4204,4209,4210,4215,2017-07-30 04:40:00,2017-07-30 05:30:00,2017-07-30 05:40:00,2017-07-30 06:30:00
4205,test,4205,4210,4211,4216,2017-07-30 04:50:00,2017-07-30 05:40:00,2017-07-30 05:50:00,2017-07-30 06:40:00
4206,test,4206,4211,4212,4217,2017-07-30 05:00:00,2017-07-30 05:50:00,2017-07-30 06:00:00,2017-07-30 06:50:00
4207,test,4207,4212,4213,4218,2017-07-30 05:10:00,2017-07-30 06:00:00,2017-07-30 06:10:00,2017-07-30 07:00:00
4208,test,4208,4213,4214,4219,2017-07-30 05:20:00,2017-07-30 06:10:00,2017-07-30 06:20:00,2017-07-30 07:10:00
4209,test,4209,4214,4215,4220,2017-07-30 05:30:00,2017-07-30 06:20:00,2017-07-30 06:30:00,2017-07-30 07:20:00
4210,test,4210,4215,4216,4221,2017-07-30 05:40:00,2017-07-30 06:30:00,2017-07-30 06:40:00,2017-07-30 07:30:00
4211,test,4211,4216,4217,4222,2017-07-30 05:50:00,2017-07-30 06:40:00,2017-07-30 06:50:00,2017-07-30 07:40:00
4212,test,4212,4217,4218,4223,2017-07-30 06:00:00,2017-07-30 06:50:00,2017-07-30 07:00:00,2017-07-30 07:50:00
4213,test,4213,4218,4219,4224,2017-07-30 06:10:00,2017-07-30 07:00:00,2017-07-30 07:10:00,2017-07-30 08:00:00
4214,test,4214,4219,4220,4225,2017-07-30 06:20:00,2017-07-30 07:10:00,2017-07-30 07:20:00,2017-07-30 08:10:00
4215,test,4215,4220,4221,4226,2017-07-30 06:30:00,2017-07-30 07:20:00,2017-07-30 07:30:00,2017-07-30 08:20:00
4216,test,4216,4221,4222,4227,2017-07-30 06:40:00,2017-07-30 07:30:00,2017-07-30 07:40:00,2017-07-30 08:30:00
4217,test,4217,4222,4223,4228,2017-07-30 06:50:00,2017-07-30 07:40:00,2017-07-30 07:50:00,2017-07-30 08:40:00
4218,test,4218,4223,4224,4229,2017-07-30 07:00:00,2017-07-30 07:50:00,2017-07-30 08:00:00,2017-07-30 08:50:00
4219,test,4219,4224,4225,4230,2017-07-30 07:10:00,2017-07-30 08:00:00,2017-07-30 08:10:00,2017-07-30 09:00:00
4220,test,4220,4225,4226,4231,2017-07-30 07:20:00,2017-07-30 08:10:00,2017-07-30 08:20:00,2017-07-30 09:10:00
4221,test,4221,4226,4227,4232,2017-07-30 07:30:00,2017-07-30 08:20:00,2017-07-30 08:30:00,2017-07-30 09:20:00
4222,test,4222,4227,4228,4233,2017-07-30 07:40:00,2017-07-30 08:30:00,2017-07-30 08:40:00,2017-07-30 09:30:00
4223,test,4223,4228,4229,4234,2017-07-30 07:50:00,2017-07-30 08:40:00,2017-07-30 08:50:00,2017-07-30 09:40:00
4224,test,4224,4229,4230,4235,2017-07-30 08:00:00,2017-07-30 08:50:00,2017-07-30 09:00:00,2017-07-30 09:50:00
4225,test,4225,4230,4231,4236,2017-07-30 08:10:00,2017-07-30 09:00:00,2017-07-30 09:10:00,2017-07-30 10:00:00
4226,test,4226,4231,4232,4237,2017-07-30 08:20:00,2017-07-30 09:10:00,2017-07-30 09:20:00,2017-07-30 10:10:00
4227,test,4227,4232,4233,4238,2017-07-30 08:30:00,2017-07-30 09:20:00,2017-07-30 09:30:00,2017-07-30 10:20:00
4228,test,4228,4233,4234,4239,2017-07-30 08:40:00,2017-07-30 09:30:00,2017-07-30 09:40:00,2017-07-30 10:30:00
4229,test,4229,4234,4235,4240,2017-07-30 08:50:00,2017-07-30 09:40:00,2017-07-30 09:50:00,2017-07-30 10:40:00
4230,test,4230,4235,4236,4241,2017-07-30 09:00:00,2017-07-30 09:50:00,2017-07-30 10:00:00,2017-07-30 10:50:00
4231,test,4231,4236,4237,4242,2017-07-30 09:10:00,2017-07-30 10:00:00,2017-07-30 10:10:00,2017-07-30 11:00:00
4232,test,4232,4237,4238,4243,2017-07-30 09:20:00,2017-07-30 10:10:00,2017-07-30 10:20:00,2017-07-30 11:10:00
4233,test,4233,4238,4239,4244,2017-07-30 09:30:00,2017-07-30 10:20:00,2017-07-30 10:30:00,2017-07-30 11:20:00
4234,test,4234,4239,4240,4245,2017-07-30 09:40:00,2017-07-30 10:30:00,2017-07-30 10:40:00,2017-07-30 11:30:00
4235,test,4235,4240,4241,4246,2017-07-30 09:50:00,2017-07-30 10:40:00,2017-07-30 10:50:00,2017-07-30 11:40:00
4236,test,4236,4241,4242,4247,2017-07-30 10:00:00,2017-07-30 10:50:00,2017-07-30 11:00:00,2017-07-30 11:50:00
4237,test,4237,4242,4243,4248,2017-07-30 10:10:00,2017-07-30 11:00:00,2017-07-30 11:10:00,2017-07-30 12:00:00
4238,test,4238,4243,4244,4249,2017-07-30 10:20:00,2017-07-30 11:10:00,2017-07-30 11:20:00,2017-07-30 12:10:00
4239,test,4239,4244,4245,4250,2017-07-30 10:30:00,2017-07-30 11:20:00,2017-07-30 11:30:00,2017-07-30 12:20:00
4240,test,4240,4245,4246,4251,2017-07-30 10:40:00,2017-07-30 11:30:00,2017-07-30 11:40:00,2017-07-30 12:30:00
4241,test,4241,4246,4247,4252,2017-07-30 10:50:00,2017-07-30 11:40:00,2017-07-30 11:50:00,2017-07-30 12:40:00
4242,test,4242,4247,4248,4253,2017-07-30 11:00:00,2017-07-30 11:50:00,2017-07-30 12:00:00,2017-07-30 12:50:00
4243,test,4243,4248,4249,4254,2017-07-30 11:10:00,2017-07-30 12:00:00,2017-07-30 12:10:00,2017-07-30 13:00:00
4244,test,4244,4249,4250,4255,2017-07-30 11:20:00,2017-07-30 12:10:00,2017-07-30 12:20:00,2017-07-30 13:10:00
4245,test,4245,4250,4251,4256,2017-07-30 11:30:00,2017-07-30 12:20:00,2017-07-30 12:30:00,2017-07-30 13:20:00
4246,test,4246,4251,4252,4257,2017-07-30 11:40:00,2017-07-30 12:30:00,2017-07-30 12:40:00,2017-07-30 13:30:00
4247,test,4247,4252,4253,4258,2017-07-30 11:50:00,2017-07-30 12:40:00,2017-07-30 12:50:00,2017-07-30 13:40:00
4248,test,4248,4253,4254,4259,2017-07-30 12:00:00,2017-07-30 12:50:00,2017-07-30 13:00:00,2017-07-30 13:50:00
4249,test,4249,4254,4255,4260,2017-07-30 12:10:00,2017-07-30 13:00:00,2017-07-30 13:10:00,2017-07-30 14:00:00
4250,test,4250,4255,4256,4261,2017-07-30 12:20:00,2017-07-30 13:10:00,2017-07-30 13:20:00,2017-07-30 14:10:00
4251,test,4251,4256,4257,4262,2017-07-30 12:30:00,2017-07-30 13:20:00,2017-07-30 13:30:00,2017-07-30 14:20:00
4252,test,4252,4257,4258,4263,2017-07-30 12:40:00,2017-07-30 13:30:00,2017-07-30 13:40:00,2017-07-30 14:30:00
4253,test,4253,4258,4259,4264,2017-07-30 12:50:00,2017-07-30 13:40:00,2017-07-30 13:50:00,2017-07-30 14:40:00
4254,test,4254,4259,4260,4265,2017-07-30 13:00:00,2017-07-30 13:50:00,2017-07-30 14:00:00,2017-07-30 14:50:00
4255,test,4255,4260,4261,4266,2017-07-30 13:10:00,2017-07-30 14:00:00,2017-07-30 14:10:00,2017-07-30 15:00:00
4256,test,4256,4261,4262,4267,2017-07-30 13:20:00,2017-07-30 14:10:00,2017-07-30 14:20:00,2017-07-30 15:10:00
4257,test,4257,4262,4263,4268,2017-07-30 13:30:00,2017-07-30 14:20:00,2017-07-30 14:30:00,2017-07-30 15:20:00
4258,test,4258,4263,4264,4269,2017-07-30 13:40:00,2017-07-30 14:30:00,2017-07-30 14:40:00,2017-07-30 15:30:00
4259,test,4259,4264,4265,4270,2017-07-30 13:50:00,2017-07-30 14:40:00,2017-07-30 14:50:00,2017-07-30 15:40:00
4260,test,4260,4265,4266,4271,2017-07-30 14:00:00,2017-07-30 14:50:00,2017-07-30 15:00:00,2017-07-30 15:50:00
4261,test,4261,4266,4267,4272,2017-07-30 14:10:00,2017-07-30 15:00:00,2017-07-30 15:10:00,2017-07-30 16:00:00
4262,test,4262,4267,4268,4273,2017-07-30 14:20:00,2017-07-30 15:10:00,2017-07-30 15:20:00,2017-07-30 16:10:00
4263,test,4263,4268,4269,4274,2017-07-30 14:30:00,2017-07-30 15:20:00,2017-07-30 15:30:00,2017-07-30 16:20:00
4264,test,4264,4269,4270,4275,2017-07-30 14:40:00,2017-07-30 15:30:00,2017-07-30 15:40:00,2017-07-30 16:30:00
4265,test,4265,4270,4271,4276,2017-07-30 14:50:00,2017-07-30 15:40:00,2017-07-30 15:50:00,2017-07-30 16:40:00
4266,test,4266,4271,4272,4277,2017-07-30 15:00:00,2017-07-30 15:50:00,2017-07-30 16:00:00,2017-07-30 16:50:00
4267,test,4267,4272,4273,4278,2017-07-30 15:10:00,2017-07-30 16:00:00,2017-07-30 16:10:00,2017-07-30 17:00:00
4268,test,4268,4273,4274,4279,2017-07-30 15:20:00,2017-07-30 16:10:00,2017-07-30 16:20:00,2017-07-30 17:10:00
4269,test,4269,4274,4275,4280,2017-07-30 15:30:00,2017-07-30 16:20:00,2017-07-30 16:30:00,2017-07-30 17:20:00
4270,test,4270,4275,4276,4281,2017-07-30 15:40:00,2017-07-30 16:30:00,2017-07-30 16:40:00,2017-07-30 17:30:00
4271,test,4271,4276,4277,4282,2017-07-30 15:50:00,2017-07-30 16:40:00,2017-07-30 16:50:00,2017-07-30 17:40:00
4272,test,4272,4277,4278,4283,2017-07-30 16:00:00,2017-07-30 16:50:00,2017-07-30 17:00:00,2017-07-30 17:50:00
4273,test,4273,4278,4279,4284,2017-07-30 16:10:00,2017-07-30 17:00:00,2017-07-30 17:10:00,2017-07-30 18:00:00
4274,test,4274,4279,4280,4285,2017-07-30 16:20:00,2017-07-30 17:10:00,2017-07-30 17:20:00,2017-07-30 18:10:00
4275,test,4275,4280,4281,4286,2017-07-30 16:30:00,2017-07-30 17:20:00,2017-07-30 17:30:00,2017-07-30 18:20:00
4276,test,4276,4281,4282,4287,2017-07-30 16:40:00,2017-07-30 17:30:00,2017-07-30 17:40:00,2017-07-30 18:30:00
4277,test,4277,4282,4283,4288,2017-07-30 16:50:00,2017-07-30 17:40:00,2017-07-30 17:50:00,2017-07-30 18:40:00
4278,test,4278,4283,4284,4289,2017-07-30 17:00:00,2017-07-30 17:50:00,2017-07-30 18:00:00,2017-07-30 18:50:00
4279,test,4279,4284,4285,4290,2017-07-30 17:10:00,2017-07-30 18:00:00,2017-07-30 18:10:00,2017-07-30 19:00:00
4280,test,4280,4285,4286,4291,2017-07-30 17:20:00,2017-07-30 18:10:00,2017-07-30 18:20:00,2017-07-30 19:10:00
4281,test,4281,4286,4287,4292,2017-07-30 17:30:00,2017-07-30 18:20:00,2017-07-30 18:30:00,2017-07-30 19:20:00
4282,test,4282,4287,4288,4293,2017-07-30 17:40:00,2017-07-30 18:30:00,2017-07-30 18:40:00,2017-07-30 19:30:00
4283,test,4283,4288,4289,4294,2017-07-30 17:50:00,2017-07-30 18:40:00,2017-07-30 18:50:00,2017-07-30 19:40:00
4284,test,4284,4289,4290,4295,2017-07-30 18:00:00,2017-07-30 18:50:00,2017-07-30 19:00:00,2017-07-30 19:50:00
4285,test,4285,4290,4291,4296,2017-07-30 18:10:00,2017-07-30 19:00:00,2017-07-30 19:10:00,2017-07-30 20:00:00
4286,test,4286,4291,4292,4297,2017-07-30 18:20:00,2017-07-30 19:10:00,2017-07-30 19:20:00,2017-07-30 20:10:00
4287,test,4287,4292,4293,4298,2017-07-30 18:30:00,2017-07-30 19:20:00,2017-07-30 19:30:00,2017-07-30 20:20:00
4288,test,4288,4293,4294,4299,2017-07-30 18:40:00,2017-07-30 19:30:00,2017-07-30 19:40:00,2017-07-30 20:30:00
4289,test,4289,4294,4295,4300,2017-07-30 18:50:00,2017-07-30 19:40:00,2017-07-30 19:50:00,2017-07-30 20:40:00
4290,test,4290,4295,4296,4301,2017-07-30 19:00:00,2017-07-30 19:50:00,2017-07-30 20:00:00,2017-07-30 20:50:00
4291,test,4291,4296,4297,4302,2017-07-30 19:10:00,2017-07-30 20:00:00,2017-07-30 20:10:00,2017-07-30 21:00:00
4292,test,4292,4297,4298,4303,2017-07-30 19:20:00,2017-07-30 20:10:00,2017-07-30 20:20:00,2017-07-30 21:10:00
4293,test,4293,4298,4299,4304,2017-07-30 19:30:00,2017-07-30 20:20:00,2017-07-30 20:30:00,2017-07-30 21:20:00
4294,test,4294,4299,4300,4305,2017-07-30 19:40:00,2017-07-30 20:30:00,2017-07-30 20:40:00,2017-07-30 21:30:00
4295,test,4295,4300,4301,4306,2017-07-30 19:50:00,2017-07-30 20:40:00,2017-07-30 20:50:00,2017-07-30 21:40:00
4296,test,4296,4301,4302,4307,2017-07-30 20:00:00,2017-07-30 20:50:00,2017-07-30 21:00:00,2017-07-30 21:50:00
4297,test,4297,4302,4303,4308,2017-07-30 20:10:00,2017-07-30 21:00:00,2017-07-30 21:10:00,2017-07-30 22:00:00
4298,test,4298,4303,4304,4309,2017-07-30 20:20:00,2017-07-30 21:10:00,2017-07-30 21:20:00,2017-07-30 22:10:00
4299,test,4299,4304,4305,4310,2017-07-30 20:30:00,2017-07-30 21:20:00,2017-07-30 21:30:00,2017-07-30 22:20:00
4300,test,4300,4305,4306,4311,2017-07-30 20:40:00,2017-07-30 21:30:00,2017-07-30 21:40:00,2017-07-30 22:30:00
4301,test,4301,4306,4307,4312,2017-07-30 20:50:00,2017-07-30 21:40:00,2017-07-30 21:50:00,2017-07-30 22:40:00
4302,test,4302,4307,4308,4313,2017-07-30 21:00:00,2017-07-30 21:50:00,2017-07-30 22:00:00,2017-07-30 22:50:00
4303,test,4303,4308,4309,4314,2017-07-30 21:10:00,2017-07-30 22:00:00,2017-07-30 22:10:00,2017-07-30 23:00:00
4304,test,4304,4309,4310,4315,2017-07-30 21:20:00,2017-07-30 22:10:00,2017-07-30 22:20:00,2017-07-30 23:10:00
4305,test,4305,4310,4311,4316,2017-07-30 21:30:00,2017-07-30 22:20:00,2017-07-30 22:30:00,2017-07-30 23:20:00
4306,test,4306,4311,4312,4317,2017-07-30 21:40:00,2017-07-30 22:30:00,2017-07-30 22:40:00,2017-07-30 23:30:00
4307,test,4307,4312,4313,4318,2017-07-30 21:50:00,2017-07-30 22:40:00,2017-07-30 22:50:00,2017-07-30 23:40:00
4308,test,4308,4313,4314,4319,2017-07-30 22:00:00,2017-07-30 22:50:00,2017-07-30 23:00:00,2017-07-30 23:50:00
4309,test,4309,4314,4315,4320,2017-07-30 22:10:00,2017-07-30 23:00:00,2017-07-30 23:10:00,2017-07-31 00:00:00
4310,test,4310,4315,4316,4321,2017-07-30 22:20:00,2017-07-30 23:10:00,2017-07-30 23:20:00,2017-07-31 00:10:00
4311,test,4311,4316,4317,4322,2017-07-30 22:30:00,2017-07-30 23:20:00,2017-07-30 23:30:00,2017-07-31 00:20:00
4312,test,4312,4317,4318,4323,2017-07-30 22:40:00,2017-07-30 23:30:00,2017-07-30 23:40:00,2017-07-31 00:30:00
4313,test,4313,4318,4319,4324,2017-07-30 22:50:00,2017-07-30 23:40:00,2017-07-30 23:50:00,2017-07-31 00:40:00
4314,test,4314,4319,4320,4325,2017-07-30 23:00:00,2017-07-30 23:50:00,2017-07-31 00:00:00,2017-07-31 00:50:00
4315,test,4315,4320,4321,4326,2017-07-30 23:10:00,2017-07-31 00:00:00,2017-07-31 00:10:00,2017-07-31 01:00:00
4316,test,4316,4321,4322,4327,2017-07-30 23:20:00,2017-07-31 00:10:00,2017-07-31 00:20:00,2017-07-31 01:10:00
4317,test,4317,4322,4323,4328,2017-07-30 23:30:00,2017-07-31 00:20:00,2017-07-31 00:30:00,2017-07-31 01:20:00
4318,test,4318,4323,4324,4329,2017-07-30 23:40:00,2017-07-31 00:30:00,2017-07-31 00:40:00,2017-07-31 01:30:00
4319,test,4319,4324,4325,4330,2017-07-30 23:50:00,2017-07-31 00:40:00,2017-07-31 00:50:00,2017-07-31 01:40:00
4320,test,4320,4325,4326,4331,2017-07-31 00:00:00,2017-07-31 00:50:00,2017-07-31 01:00:00,2017-07-31 01:50:00
4321,test,4321,4326,4327,4332,2017-07-31 00:10:00,2017-07-31 01:00:00,2017-07-31 01:10:00,2017-07-31 02:00:00
4322,test,4322,4327,4328,4333,2017-07-31 00:20:00,2017-07-31 01:10:00,2017-07-31 01:20:00,2017-07-31 02:10:00
4323,test,4323,4328,4329,4334,2017-07-31 00:30:00,2017-07-31 01:20:00,2017-07-31 01:30:00,2017-07-31 02:20:00
4324,test,4324,4329,4330,4335,2017-07-31 00:40:00,2017-07-31 01:30:00,2017-07-31 01:40:00,2017-07-31 02:30:00
4325,test,4325,4330,4331,4336,2017-07-31 00:50:00,2017-07-31 01:40:00,2017-07-31 01:50:00,2017-07-31 02:40:00
4326,test,4326,4331,4332,4337,2017-07-31 01:00:00,2017-07-31 01:50:00,2017-07-31 02:00:00,2017-07-31 02:50:00
4327,test,4327,4332,4333,4338,2017-07-31 01:10:00,2017-07-31 02:00:00,2017-07-31 02:10:00,2017-07-31 03:00:00
4328,test,4328,4333,4334,4339,2017-07-31 01:20:00,2017-07-31 02:10:00,2017-07-31 02:20:00,2017-07-31 03:10:00
4329,test,4329,4334,4335,4340,2017-07-31 01:30:00,2017-07-31 02:20:00,2017-07-31 02:30:00,2017-07-31 03:20:00
4330,test,4330,4335,4336,4341,2017-07-31 01:40:00,2017-07-31 02:30:00,2017-07-31 02:40:00,2017-07-31 03:30:00
4331,test,4331,4336,4337,4342,2017-07-31 01:50:00,2017-07-31 02:40:00,2017-07-31 02:50:00,2017-07-31 03:40:00
4332,test,4332,4337,4338,4343,2017-07-31 02:00:00,2017-07-31 02:50:00,2017-07-31 03:00:00,2017-07-31 03:50:00
4333,test,4333,4338,4339,4344,2017-07-31 02:10:00,2017-07-31 03:00:00,2017-07-31 03:10:00,2017-07-31 04:00:00
4334,test,4334,4339,4340,4345,2017-07-31 02:20:00,2017-07-31 03:10:00,2017-07-31 03:20:00,2017-07-31 04:10:00
4335,test,4335,4340,4341,4346,2017-07-31 02:30:00,2017-07-31 03:20:00,2017-07-31 03:30:00,2017-07-31 04:20:00
4336,test,4336,4341,4342,4347,2017-07-31 02:40:00,2017-07-31 03:30:00,2017-07-31 03:40:00,2017-07-31 04:30:00
4337,test,4337,4342,4343,4348,2017-07-31 02:50:00,2017-07-31 03:40:00,2017-07-31 03:50:00,2017-07-31 04:40:00
4338,test,4338,4343,4344,4349,2017-07-31 03:00:00,2017-07-31 03:50:00,2017-07-31 04:00:00,2017-07-31 04:50:00
4339,test,4339,4344,4345,4350,2017-07-31 03:10:00,2017-07-31 04:00:00,2017-07-31 04:10:00,2017-07-31 05:00:00
4340,test,4340,4345,4346,4351,2017-07-31 03:20:00,2017-07-31 04:10:00,2017-07-31 04:20:00,2017-07-31 05:10:00
4341,test,4341,4346,4347,4352,2017-07-31 03:30:00,2017-07-31 04:20:00,2017-07-31 04:30:00,2017-07-31 05:20:00
4342,test,4342,4347,4348,4353,2017-07-31 03:40:00,2017-07-31 04:30:00,2017-07-31 04:40:00,2017-07-31 05:30:00
4343,test,4343,4348,4349,4354,2017-07-31 03:50:00,2017-07-31 04:40:00,2017-07-31 04:50:00,2017-07-31 05:40:00
4344,test,4344,4349,4350,4355,2017-07-31 04:00:00,2017-07-31 04:50:00,2017-07-31 05:00:00,2017-07-31 05:50:00
4345,test,4345,4350,4351,4356,2017-07-31 04:10:00,2017-07-31 05:00:00,2017-07-31 05:10:00,2017-07-31 06:00:00
4346,test,4346,4351,4352,4357,2017-07-31 04:20:00,2017-07-31 05:10:00,2017-07-31 05:20:00,2017-07-31 06:10:00
4347,test,4347,4352,4353,4358,2017-07-31 04:30:00,2017-07-31 05:20:00,2017-07-31 05:30:00,2017-07-31 06:20:00
4348,test,4348,4353,4354,4359,2017-07-31 04:40:00,2017-07-31 05:30:00,2017-07-31 05:40:00,2017-07-31 06:30:00
4349,test,4349,4354,4355,4360,2017-07-31 04:50:00,2017-07-31 05:40:00,2017-07-31 05:50:00,2017-07-31 06:40:00
4350,test,4350,4355,4356,4361,2017-07-31 05:00:00,2017-07-31 05:50:00,2017-07-31 06:00:00,2017-07-31 06:50:00
4351,test,4351,4356,4357,4362,2017-07-31 05:10:00,2017-07-31 06:00:00,2017-07-31 06:10:00,2017-07-31 07:00:00
4352,test,4352,4357,4358,4363,2017-07-31 05:20:00,2017-07-31 06:10:00,2017-07-31 06:20:00,2017-07-31 07:10:00
4353,test,4353,4358,4359,4364,2017-07-31 05:30:00,2017-07-31 06:20:00,2017-07-31 06:30:00,2017-07-31 07:20:00
4354,test,4354,4359,4360,4365,2017-07-31 05:40:00,2017-07-31 06:30:00,2017-07-31 06:40:00,2017-07-31 07:30:00
4355,test,4355,4360,4361,4366,2017-07-31 05:50:00,2017-07-31 06:40:00,2017-07-31 06:50:00,2017-07-31 07:40:00
4356,test,4356,4361,4362,4367,2017-07-31 06:00:00,2017-07-31 06:50:00,2017-07-31 07:00:00,2017-07-31 07:50:00
4357,test,4357,4362,4363,4368,2017-07-31 06:10:00,2017-07-31 07:00:00,2017-07-31 07:10:00,2017-07-31 08:00:00
4358,test,4358,4363,4364,4369,2017-07-31 06:20:00,2017-07-31 07:10:00,2017-07-31 07:20:00,2017-07-31 08:10:00
4359,test,4359,4364,4365,4370,2017-07-31 06:30:00,2017-07-31 07:20:00,2017-07-31 07:30:00,2017-07-31 08:20:00
4360,test,4360,4365,4366,4371,2017-07-31 06:40:00,2017-07-31 07:30:00,2017-07-31 07:40:00,2017-07-31 08:30:00
4361,test,4361,4366,4367,4372,2017-07-31 06:50:00,2017-07-31 07:40:00,2017-07-31 07:50:00,2017-07-31 08:40:00
4362,test,4362,4367,4368,4373,2017-07-31 07:00:00,2017-07-31 07:50:00,2017-07-31 08:00:00,2017-07-31 08:50:00
4363,test,4363,4368,4369,4374,2017-07-31 07:10:00,2017-07-31 08:00:00,2017-07-31 08:10:00,2017-07-31 09:00:00
4364,test,4364,4369,4370,4375,2017-07-31 07:20:00,2017-07-31 08:10:00,2017-07-31 08:20:00,2017-07-31 09:10:00
4365,test,4365,4370,4371,4376,2017-07-31 07:30:00,2017-07-31 08:20:00,2017-07-31 08:30:00,2017-07-31 09:20:00
4366,test,4366,4371,4372,4377,2017-07-31 07:40:00,2017-07-31 08:30:00,2017-07-31 08:40:00,2017-07-31 09:30:00
4367,test,4367,4372,4373,4378,2017-07-31 07:50:00,2017-07-31 08:40:00,2017-07-31 08:50:00,2017-07-31 09:40:00
4368,test,4368,4373,4374,4379,2017-07-31 08:00:00,2017-07-31 08:50:00,2017-07-31 09:00:00,2017-07-31 09:50:00
4369,test,4369,4374,4375,4380,2017-07-31 08:10:00,2017-07-31 09:00:00,2017-07-31 09:10:00,2017-07-31 10:00:00
4370,test,4370,4375,4376,4381,2017-07-31 08:20:00,2017-07-31 09:10:00,2017-07-31 09:20:00,2017-07-31 10:10:00
4371,test,4371,4376,4377,4382,2017-07-31 08:30:00,2017-07-31 09:20:00,2017-07-31 09:30:00,2017-07-31 10:20:00
4372,test,4372,4377,4378,4383,2017-07-31 08:40:00,2017-07-31 09:30:00,2017-07-31 09:40:00,2017-07-31 10:30:00
4373,test,4373,4378,4379,4384,2017-07-31 08:50:00,2017-07-31 09:40:00,2017-07-31 09:50:00,2017-07-31 10:40:00
4374,test,4374,4379,4380,4385,2017-07-31 09:00:00,2017-07-31 09:50:00,2017-07-31 10:00:00,2017-07-31 10:50:00
4375,test,4375,4380,4381,4386,2017-07-31 09:10:00,2017-07-31 10:00:00,2017-07-31 10:10:00,2017-07-31 11:00:00
4376,test,4376,4381,4382,4387,2017-07-31 09:20:00,2017-07-31 10:10:00,2017-07-31 10:20:00,2017-07-31 11:10:00
4377,test,4377,4382,4383,4388,2017-07-31 09:30:00,2017-07-31 10:20:00,2017-07-31 10:30:00,2017-07-31 11:20:00
4378,test,4378,4383,4384,4389,2017-07-31 09:40:00,2017-07-31 10:30:00,2017-07-31 10:40:00,2017-07-31 11:30:00
4379,test,4379,4384,4385,4390,2017-07-31 09:50:00,2017-07-31 10:40:00,2017-07-31 10:50:00,2017-07-31 11:40:00
4380,test,4380,4385,4386,4391,2017-07-31 10:00:00,2017-07-31 10:50:00,2017-07-31 11:00:00,2017-07-31 11:50:00
4381,test,4381,4386,4387,4392,2017-07-31 10:10:00,2017-07-31 11:00:00,2017-07-31 11:10:00,2017-07-31 12:00:00
4382,test,4382,4387,4388,4393,2017-07-31 10:20:00,2017-07-31 11:10:00,2017-07-31 11:20:00,2017-07-31 12:10:00
4383,test,4383,4388,4389,4394,2017-07-31 10:30:00,2017-07-31 11:20:00,2017-07-31 11:30:00,2017-07-31 12:20:00
4384,test,4384,4389,4390,4395,2017-07-31 10:40:00,2017-07-31 11:30:00,2017-07-31 11:40:00,2017-07-31 12:30:00
4385,test,4385,4390,4391,4396,2017-07-31 10:50:00,2017-07-31 11:40:00,2017-07-31 11:50:00,2017-07-31 12:40:00
4386,test,4386,4391,4392,4397,2017-07-31 11:00:00,2017-07-31 11:50:00,2017-07-31 12:00:00,2017-07-31 12:50:00
4387,test,4387,4392,4393,4398,2017-07-31 11:10:00,2017-07-31 12:00:00,2017-07-31 12:10:00,2017-07-31 13:00:00
4388,test,4388,4393,4394,4399,2017-07-31 11:20:00,2017-07-31 12:10:00,2017-07-31 12:20:00,2017-07-31 13:10:00
4389,test,4389,4394,4395,4400,2017-07-31 11:30:00,2017-07-31 12:20:00,2017-07-31 12:30:00,2017-07-31 13:20:00
4390,test,4390,4395,4396,4401,2017-07-31 11:40:00,2017-07-31 12:30:00,2017-07-31 12:40:00,2017-07-31 13:30:00
4391,test,4391,4396,4397,4402,2017-07-31 11:50:00,2017-07-31 12:40:00,2017-07-31 12:50:00,2017-07-31 13:40:00
4392,test,4392,4397,4398,4403,2017-07-31 12:00:00,2017-07-31 12:50:00,2017-07-31 13:00:00,2017-07-31 13:50:00
4393,test,4393,4398,4399,4404,2017-07-31 12:10:00,2017-07-31 13:00:00,2017-07-31 13:10:00,2017-07-31 14:00:00
4394,test,4394,4399,4400,4405,2017-07-31 12:20:00,2017-07-31 13:10:00,2017-07-31 13:20:00,2017-07-31 14:10:00
4395,test,4395,4400,4401,4406,2017-07-31 12:30:00,2017-07-31 13:20:00,2017-07-31 13:30:00,2017-07-31 14:20:00
4396,test,4396,4401,4402,4407,2017-07-31 12:40:00,2017-07-31 13:30:00,2017-07-31 13:40:00,2017-07-31 14:30:00
4397,test,4397,4402,4403,4408,2017-07-31 12:50:00,2017-07-31 13:40:00,2017-07-31 13:50:00,2017-07-31 14:40:00
4398,test,4398,4403,4404,4409,2017-07-31 13:00:00,2017-07-31 13:50:00,2017-07-31 14:00:00,2017-07-31 14:50:00
4399,test,4399,4404,4405,4410,2017-07-31 13:10:00,2017-07-31 14:00:00,2017-07-31 14:10:00,2017-07-31 15:00:00
4400,test,4400,4405,4406,4411,2017-07-31 13:20:00,2017-07-31 14:10:00,2017-07-31 14:20:00,2017-07-31 15:10:00
4401,test,4401,4406,4407,4412,2017-07-31 13:30:00,2017-07-31 14:20:00,2017-07-31 14:30:00,2017-07-31 15:20:00
4402,test,4402,4407,4408,4413,2017-07-31 13:40:00,2017-07-31 14:30:00,2017-07-31 14:40:00,2017-07-31 15:30:00
4403,test,4403,4408,4409,4414,2017-07-31 13:50:00,2017-07-31 14:40:00,2017-07-31 14:50:00,2017-07-31 15:40:00
4404,test,4404,4409,4410,4415,2017-07-31 14:00:00,2017-07-31 14:50:00,2017-07-31 15:00:00,2017-07-31 15:50:00
4405,test,4405,4410,4411,4416,2017-07-31 14:10:00,2017-07-31 15:00:00,2017-07-31 15:10:00,2017-07-31 16:00:00
4406,test,4406,4411,4412,4417,2017-07-31 14:20:00,2017-07-31 15:10:00,2017-07-31 15:20:00,2017-07-31 16:10:00
4407,test,4407,4412,4413,4418,2017-07-31 14:30:00,2017-07-31 15:20:00,2017-07-31 15:30:00,2017-07-31 16:20:00
4408,test,4408,4413,4414,4419,2017-07-31 14:40:00,2017-07-31 15:30:00,2017-07-31 15:40:00,2017-07-31 16:30:00
4409,test,4409,4414,4415,4420,2017-07-31 14:50:00,2017-07-31 15:40:00,2017-07-31 15:50:00,2017-07-31 16:40:00
4410,test,4410,4415,4416,4421,2017-07-31 15:00:00,2017-07-31 15:50:00,2017-07-31 16:00:00,2017-07-31 16:50:00
4411,test,4411,4416,4417,4422,2017-07-31 15:10:00,2017-07-31 16:00:00,2017-07-31 16:10:00,2017-07-31 17:00:00
4412,test,4412,4417,4418,4423,2017-07-31 15:20:00,2017-07-31 16:10:00,2017-07-31 16:20:00,2017-07-31 17:10:00
4413,test,4413,4418,4419,4424,2017-07-31 15:30:00,2017-07-31 16:20:00,2017-07-31 16:30:00,2017-07-31 17:20:00
4414,test,4414,4419,4420,4425,2017-07-31 15:40:00,2017-07-31 16:30:00,2017-07-31 16:40:00,2017-07-31 17:30:00
4415,test,4415,4420,4421,4426,2017-07-31 15:50:00,2017-07-31 16:40:00,2017-07-31 16:50:00,2017-07-31 17:40:00
4416,test,4416,4421,4422,4427,2017-07-31 16:00:00,2017-07-31 16:50:00,2017-07-31 17:00:00,2017-07-31 17:50:00
4417,test,4417,4422,4423,4428,2017-07-31 16:10:00,2017-07-31 17:00:00,2017-07-31 17:10:00,2017-07-31 18:00:00
4418,test,4418,4423,4424,4429,2017-07-31 16:20:00,2017-07-31 17:10:00,2017-07-31 17:20:00,2017-07-31 18:10:00
4419,test,4419,4424,4425,4430,2017-07-31 16:30:00,2017-07-31 17:20:00,2017-07-31 17:30:00,2017-07-31 18:20:00
4420,test,4420,4425,4426,4431,2017-07-31 16:40:00,2017-07-31 17:30:00,2017-07-31 17:40:00,2017-07-31 18:30:00
4421,test,4421,4426,4427,4432,2017-07-31 16:50:00,2017-07-31 17:40:00,2017-07-31 17:50:00,2017-07-31 18:40:00
4422,test,4422,4427,4428,4433,2017-07-31 17:00:00,2017-07-31 17:50:00,2017-07-31 18:00:00,2017-07-31 18:50:00
4423,test,4423,4428,4429,4434,2017-07-31 17:10:00,2017-07-31 18:00:00,2017-07-31 18:10:00,2017-07-31 19:00:00
4424,test,4424,4429,4430,4435,2017-07-31 17:20:00,2017-07-31 18:10:00,2017-07-31 18:20:00,2017-07-31 19:10:00
4425,test,4425,4430,4431,4436,2017-07-31 17:30:00,2017-07-31 18:20:00,2017-07-31 18:30:00,2017-07-31 19:20:00
4426,test,4426,4431,4432,4437,2017-07-31 17:40:00,2017-07-31 18:30:00,2017-07-31 18:40:00,2017-07-31 19:30:00
4427,test,4427,4432,4433,4438,2017-07-31 17:50:00,2017-07-31 18:40:00,2017-07-31 18:50:00,2017-07-31 19:40:00
4428,test,4428,4433,4434,4439,2017-07-31 18:00:00,2017-07-31 18:50:00,2017-07-31 19:00:00,2017-07-31 19:50:00
4429,test,4429,4434,4435,4440,2017-07-31 18:10:00,2017-07-31 19:00:00,2017-07-31 19:10:00,2017-07-31 20:00:00
4430,test,4430,4435,4436,4441,2017-07-31 18:20:00,2017-07-31 19:10:00,2017-07-31 19:20:00,2017-07-31 20:10:00
4431,test,4431,4436,4437,4442,2017-07-31 18:30:00,2017-07-31 19:20:00,2017-07-31 19:30:00,2017-07-31 20:20:00
4432,test,4432,4437,4438,4443,2017-07-31 18:40:00,2017-07-31 19:30:00,2017-07-31 19:40:00,2017-07-31 20:30:00
4433,test,4433,4438,4439,4444,2017-07-31 18:50:00,2017-07-31 19:40:00,2017-07-31 19:50:00,2017-07-31 20:40:00
4434,test,4434,4439,4440,4445,2017-07-31 19:00:00,2017-07-31 19:50:00,2017-07-31 20:00:00,2017-07-31 20:50:00
4435,test,4435,4440,4441,4446,2017-07-31 19:10:00,2017-07-31 20:00:00,2017-07-31 20:10:00,2017-07-31 21:00:00
4436,test,4436,4441,4442,4447,2017-07-31 19:20:00,2017-07-31 20:10:00,2017-07-31 20:20:00,2017-07-31 21:10:00
4437,test,4437,4442,4443,4448,2017-07-31 19:30:00,2017-07-31 20:20:00,2017-07-31 20:30:00,2017-07-31 21:20:00
4438,test,4438,4443,4444,4449,2017-07-31 19:40:00,2017-07-31 20:30:00,2017-07-31 20:40:00,2017-07-31 21:30:00
4439,test,4439,4444,4445,4450,2017-07-31 19:50:00,2017-07-31 20:40:00,2017-07-31 20:50:00,2017-07-31 21:40:00
4440,test,4440,4445,4446,4451,2017-07-31 20:00:00,2017-07-31 20:50:00,2017-07-31 21:00:00,2017-07-31 21:50:00
4441,test,4441,4446,4447,4452,2017-07-31 20:10:00,2017-07-31 21:00:00,2017-07-31 21:10:00,2017-07-31 22:00:00
4442,test,4442,4447,4448,4453,2017-07-31 20:20:00,2017-07-31 21:10:00,2017-07-31 21:20:00,2017-07-31 22:10:00
4443,test,4443,4448,4449,4454,2017-07-31 20:30:00,2017-07-31 21:20:00,2017-07-31 21:30:00,2017-07-31 22:20:00
4444,test,4444,4449,4450,4455,2017-07-31 20:40:00,2017-07-31 21:30:00,2017-07-31 21:40:00,2017-07-31 22:30:00
4445,test,4445,4450,4451,4456,2017-07-31 20:50:00,2017-07-31 21:40:00,2017-07-31 21:50:00,2017-07-31 22:40:00
4446,test,4446,4451,4452,4457,2017-07-31 21:00:00,2017-07-31 21:50:00,2017-07-31 22:00:00,2017-07-31 22:50:00
4447,test,4447,4452,4453,4458,2017-07-31 21:10:00,2017-07-31 22:00:00,2017-07-31 22:10:00,2017-07-31 23:00:00
4448,test,4448,4453,4454,4459,2017-07-31 21:20:00,2017-07-31 22:10:00,2017-07-31 22:20:00,2017-07-31 23:10:00
4449,test,4449,4454,4455,4460,2017-07-31 21:30:00,2017-07-31 22:20:00,2017-07-31 22:30:00,2017-07-31 23:20:00
4450,test,4450,4455,4456,4461,2017-07-31 21:40:00,2017-07-31 22:30:00,2017-07-31 22:40:00,2017-07-31 23:30:00
4451,test,4451,4456,4457,4462,2017-07-31 21:50:00,2017-07-31 22:40:00,2017-07-31 22:50:00,2017-07-31 23:40:00
4452,test,4452,4457,4458,4463,2017-07-31 22:00:00,2017-07-31 22:50:00,2017-07-31 23:00:00,2017-07-31 23:50:00
4453,test,4453,4458,4459,4464,2017-07-31 22:10:00,2017-07-31 23:00:00,2017-07-31 23:10:00,2017-08-01 00:00:00
